# PROVENANCE: Grimme D3 reference data via MOPAC v23.2.5 (github.com/openmopac/mopac tag v23.2.5, Apache-2.0), src/corrections/copyc6.F90.
# The D3 model and reference data are S. Grimme et al., J. Chem. Phys. 132, 154104 (2010); see THIRD_PARTY_NOTICES.md.
iat,jat,c6,cn_a,cn_b
1,1,3.0267,0.9118,0.9118
2,1,2.0835,0.0,0.9118
2,2,1.5583,0.0,0.0
3,1,38.9448,0.0,0.9118
3,2,22.1508,0.0,0.0
3,3,1163.4454,0.0,0.0
4,1,24.4415,0.0,0.9118
4,2,14.8246,0.0,0.0
4,3,494.619,0.0,0.0
4,4,257.4863,0.0,0.0
5,1,17.3143,0.0,0.9118
5,2,11.0975,0.0,0.0
5,3,283.7308,0.0,0.0
5,4,161.5971,0.0,0.0
5,5,107.1777,0.0,0.0
6,1,12.1402,0.0,0.9118
6,2,8.1841,0.0,0.0
6,3,169.903,0.0,0.0
6,4,102.956,0.0,0.0
6,5,71.2794,0.0,0.0
6,6,49.113,0.0,0.0
7,1,8.7171,0.0,0.9118
7,2,6.138,0.0,0.0
7,3,108.4854,0.0,0.0
7,4,68.6458,0.0,0.0
7,5,49.1132,0.0,0.0
7,6,34.8146,0.0,0.0
7,7,25.2685,0.0,0.0
8,1,6.718,0.0,0.9118
8,2,4.8949,0.0,0.0
8,3,76.9613,0.0,0.0
8,4,50.1252,0.0,0.0
8,5,36.7247,0.0,0.0
8,6,26.5929,0.0,0.0
8,7,19.6546,0.0,0.0
8,8,15.5059,0.0,0.0
9,1,5.1616,0.0,0.9118
9,2,3.8825,0.0,0.0
9,3,55.0933,0.0,0.0
9,4,36.7453,0.0,0.0
9,5,27.4821,0.0,0.0
9,6,20.2827,0.0,0.0
9,7,15.2418,0.0,0.0
9,8,12.1834,0.0,0.0
9,9,9.6916,0.0,0.0
10,1,4.0112,0.0,0.9118
10,2,3.1025,0.0,0.0
10,3,40.4731,0.0,0.0
10,4,27.4867,0.0,0.0
10,5,20.9022,0.0,0.0
10,6,15.674,0.0,0.0
10,7,11.9479,0.0,0.0
10,8,9.6606,0.0,0.0
10,9,7.7691,0.0,0.0
10,10,6.2896,0.0,0.0
11,1,46.8232,0.0,0.9118
11,2,26.8628,0.0,0.0
11,3,1367.3272,0.0,0.0
11,4,587.4563,0.0,0.0
11,5,338.7212,0.0,0.0
11,6,203.7631,0.0,0.0
11,7,130.6563,0.0,0.0
11,8,93.0263,0.0,0.0
11,9,66.8423,0.0,0.0
11,10,49.2799,0.0,0.0
11,11,1608.0286,0.0,0.0
12,1,38.3531,0.0,0.9118
12,2,23.032,0.0,0.0
12,3,830.8156,0.0,0.0
12,4,418.2164,0.0,0.0
12,5,258.1303,0.0,0.0
12,6,162.6082,0.0,0.0
12,7,107.615,0.0,0.0
12,8,78.225,0.0,0.0
12,9,57.1605,0.0,0.0
12,10,42.6771,0.0,0.0
12,11,985.1697,0.0,0.0
12,12,683.3758,0.0,0.0
13,1,36.2909,0.0,0.9118
13,2,22.3224,0.0,0.0
13,3,705.8254,0.0,0.0
13,4,372.6302,0.0,0.0
13,5,236.478,0.0,0.0
13,6,152.0934,0.0,0.0
13,7,102.2,0.0,0.0
13,8,75.0755,0.0,0.0
13,9,55.3412,0.0,0.0
13,10,41.5966,0.0,0.0
13,11,838.9648,0.0,0.0
13,12,603.4689,0.0,0.0
13,13,540.5406,0.0,0.0
14,1,29.5947,0.0,0.9118
14,2,18.85,0.0,0.0
14,3,495.3449,0.0,0.0
14,4,279.7863,0.0,0.0
14,5,184.5111,0.0,0.0
14,6,122.1387,0.0,0.0
14,7,83.8498,0.0,0.0
14,8,62.5349,0.0,0.0
14,9,46.6936,0.0,0.0
14,10,35.455,0.0,0.0
14,11,591.0458,0.0,0.0
14,12,447.6423,0.0,0.0
14,13,408.9606,0.0,0.0
14,14,317.8574,0.0,0.0
15,1,23.7604,0.0,0.9118
15,2,15.6689,0.0,0.0
15,3,350.803,0.0,0.0
15,4,208.7331,0.0,0.0
15,5,142.3481,0.0,0.0
15,6,96.7503,0.0,0.0
15,7,67.7873,0.0,0.0
15,8,51.3098,0.0,0.0
15,9,38.8084,0.0,0.0
15,10,29.7767,0.0,0.0
15,11,420.0064,0.0,0.0
15,12,330.7801,0.0,0.0
15,13,307.2965,0.0,0.0
15,14,244.3546,0.0,0.0
15,15,191.6887,0.0,0.0
16,1,20.0948,0.0,0.9118
16,2,13.6108,0.0,0.0
16,3,273.7867,0.0,0.0
16,4,167.9513,0.0,0.0
16,5,117.1121,0.0,0.0
16,6,81.0919,0.0,0.0
16,7,57.6734,0.0,0.0
16,8,44.147,0.0,0.0
16,9,33.7264,0.0,0.0
16,10,26.094,0.0,0.0
16,11,328.599,0.0,0.0
16,12,264.6665,0.0,0.0
16,13,248.5008,0.0,0.0
16,14,200.5374,0.0,0.0
16,15,159.4898,0.0,0.0
16,16,134.0066,0.0,0.0
17,1,16.7052,0.0,0.9118
17,2,11.6302,0.0,0.0
17,3,210.6626,0.0,0.0
17,4,132.9808,0.0,0.0
17,5,94.7612,0.0,0.0
17,6,66.8407,0.0,0.0
17,7,48.2624,0.0,0.0
17,8,37.3688,0.0,0.0
17,9,28.8445,0.0,0.0
17,10,22.5121,0.0,0.0
17,11,253.5136,0.0,0.0
17,12,208.4978,0.0,0.0
17,13,197.7594,0.0,0.0
17,14,161.8686,0.0,0.0
17,15,130.4725,0.0,0.0
17,16,110.7006,0.0,0.0
17,17,92.346,0.0,0.0
18,1,13.87,0.0,0.9118
18,2,9.913,0.0,0.0
18,3,163.5497,0.0,0.0
18,4,105.7229,0.0,0.0
18,5,76.7949,0.0,0.0
18,6,55.0898,0.0,0.0
18,7,40.3435,0.0,0.0
18,8,31.5783,0.0,0.0
18,9,24.6178,0.0,0.0
18,10,19.3774,0.0,0.0
18,11,197.344,0.0,0.0
18,12,165.1006,0.0,0.0
18,13,157.9595,0.0,0.0
18,14,130.8927,0.0,0.0
18,15,106.7698,0.0,0.0
18,16,91.4014,0.0,0.0
18,17,76.9383,0.0,0.0
18,18,64.6462,0.0,0.0
19,1,76.2376,0.0,0.9118
19,2,44.0411,0.0,0.0
19,3,2387.1574,0.0,0.0
19,4,972.3197,0.0,0.0
19,5,554.198,0.0,0.0
19,6,332.2694,0.0,0.0
19,7,213.2001,0.0,0.0
19,8,152.142,0.0,0.0
19,9,109.6439,0.0,0.0
19,10,81.0861,0.0,0.0
19,11,2798.6124,0.0,0.0
19,12,1642.0587,0.0,0.0
19,13,1387.9361,0.0,0.0
19,14,967.6283,0.0,0.0
19,15,684.4968,0.0,0.0
19,16,535.2384,0.0,0.0
19,17,413.1512,0.0,0.0
19,18,322.1155,0.0,0.0
19,19,4983.5009,0.0,0.0
20,1,65.818,0.0,0.9118
20,2,39.0701,0.0,0.0
20,3,1614.4719,0.0,0.0
20,4,757.907,0.0,0.0
20,5,454.8439,0.0,0.0
20,6,281.7035,0.0,0.0
20,7,184.5498,0.0,0.0
20,8,133.3847,0.0,0.0
20,9,97.0824,0.0,0.0
20,10,72.3072,0.0,0.0
20,11,1907.7081,0.0,0.0
20,12,1252.5932,0.0,0.0
20,13,1088.842,0.0,0.0
20,14,790.6347,0.0,0.0
20,15,575.4627,0.0,0.0
20,16,456.8443,0.0,0.0
20,17,357.4737,0.0,0.0
20,18,281.6823,0.0,0.0
20,19,3240.4393,0.0,0.0
20,20,2352.6862,0.0,0.0
21,1,54.9669,0.0,0.9118
21,2,32.8995,0.0,0.0
21,3,1278.1183,0.0,0.0
21,4,617.3358,0.0,0.0
21,5,375.0418,0.0,0.0
21,6,234.195,0.0,0.0
21,7,154.2947,0.0,0.0
21,8,111.9359,0.0,0.0
21,9,81.7242,0.0,0.0
21,10,61.0154,0.0,0.0
21,11,1512.5338,0.0,0.0
21,12,1015.5454,0.0,0.0
21,13,888.6025,0.0,0.0
21,14,651.204,0.0,0.0
21,15,477.2797,0.0,0.0
21,16,380.4107,0.0,0.0
21,17,298.7686,0.0,0.0
21,18,236.1417,0.0,0.0
21,19,2549.9412,0.0,0.0
21,20,1888.7902,0.0,0.0
21,21,1522.4676,0.0,0.0
22,1,53.6875,0.0,0.9118
22,2,32.5316,0.0,0.0
22,3,1192.9128,0.0,0.0
22,4,587.4898,0.0,0.0
22,5,361.0865,0.0,0.0
22,6,227.5723,0.0,0.0
22,7,151.0199,0.0,0.0
22,8,110.1452,0.0,0.0
22,9,80.7975,0.0,0.0
22,10,60.5594,0.0,0.0
22,11,1413.157,0.0,0.0
22,12,962.9831,0.0,0.0
22,13,847.4615,0.0,0.0
22,14,626.2353,0.0,0.0
22,15,462.3247,0.0,0.0
22,16,370.2631,0.0,0.0
22,17,292.1853,0.0,0.0
22,18,231.9208,0.0,0.0
22,19,2374.669,0.0,0.0
22,20,1779.5162,0.0,0.0
22,21,1438.2841,0.0,0.0
22,22,1361.9185,0.0,0.0
23,1,49.4819,0.0,0.9118
23,2,30.1851,0.0,0.0
23,3,1069.0426,0.0,0.0
23,4,533.3499,0.0,0.0
23,5,330.1023,0.0,0.0
23,6,209.145,0.0,0.0
23,7,139.3512,0.0,0.0
23,8,101.9325,0.0,0.0
23,9,74.9671,0.0,0.0
23,10,56.3108,0.0,0.0
23,11,1267.3139,0.0,0.0
23,12,872.2579,0.0,0.0
23,13,770.3432,0.0,0.0
23,14,572.1129,0.0,0.0
23,15,424.147,0.0,0.0
23,16,340.602,0.0,0.0
23,17,269.4863,0.0,0.0
23,18,214.4002,0.0,0.0
23,19,2124.1985,0.0,0.0
23,20,1604.9178,0.0,0.0
23,21,1299.5197,0.0,0.0
23,22,1232.3235,0.0,0.0
23,23,1116.0984,0.0,0.0
24,1,39.1221,0.0,0.9118
24,2,24.1463,0.0,0.0
24,3,844.0936,0.0,0.0
24,4,418.1635,0.0,0.0
24,5,259.3021,0.0,0.0
24,6,164.9882,0.0,0.0
24,7,110.4861,0.0,0.0
24,8,81.2,0.0,0.0
24,9,60.0099,0.0,0.0
24,10,45.282,0.0,0.0
24,11,1000.4652,0.0,0.0
24,12,684.4015,0.0,0.0
24,13,604.4071,0.0,0.0
24,14,449.2216,0.0,0.0
24,15,333.838,0.0,0.0
24,16,268.8029,0.0,0.0
24,17,213.3668,0.0,0.0
24,18,170.3465,0.0,0.0
24,19,1683.6701,0.0,0.0
24,20,1263.0809,0.0,0.0
24,21,1021.6871,0.0,0.0
24,22,968.8565,0.0,0.0
24,23,877.3855,0.0,0.0
24,24,690.7425,0.0,0.0
25,1,43.0028,0.0,0.9118
25,2,26.4978,0.0,0.0
25,3,891.9756,0.0,0.0
25,4,453.3686,0.0,0.0
25,5,283.4744,0.0,0.0
25,6,181.0035,0.0,0.0
25,7,121.3233,0.0,0.0
25,8,89.1346,0.0,0.0
25,9,65.8112,0.0,0.0
25,10,49.5959,0.0,0.0
25,11,1058.5103,0.0,0.0
25,12,739.0411,0.0,0.0
25,13,656.0738,0.0,0.0
25,14,490.8156,0.0,0.0
25,15,366.1204,0.0,0.0
25,16,295.1737,0.0,0.0
25,17,234.4533,0.0,0.0
25,18,187.1728,0.0,0.0
25,19,1768.0322,0.0,0.0
25,20,1351.4785,0.0,0.0
25,21,1097.1539,0.0,0.0
25,22,1042.6625,0.0,0.0
25,23,945.6072,0.0,0.0
25,24,743.3179,0.0,0.0
25,25,802.7484,0.0,0.0
26,1,33.911,0.0,0.9118
26,2,21.175,0.0,0.0
26,3,698.4539,0.0,0.0
26,4,353.5358,0.0,0.0
26,5,221.7547,0.0,0.0
26,6,142.3467,0.0,0.0
26,7,95.9782,0.0,0.0
26,8,70.8942,0.0,0.0
26,9,52.631,0.0,0.0
26,10,39.8659,0.0,0.0
26,11,828.8936,0.0,0.0
26,12,576.5121,0.0,0.0
26,13,512.0823,0.0,0.0
26,14,383.7445,0.0,0.0
26,15,287.1606,0.0,0.0
26,16,232.2625,0.0,0.0
26,17,185.1823,0.0,0.0
26,18,148.4319,0.0,0.0
26,19,1388.9522,0.0,0.0
26,20,1056.5193,0.0,0.0
26,21,857.173,0.0,0.0
26,22,814.8402,0.0,0.0
26,23,739.0542,0.0,0.0
26,24,581.8114,0.0,0.0
26,25,627.5403,0.0,0.0
26,26,491.3349,0.0,0.0
27,1,36.3234,0.0,0.9118
27,2,22.7233,0.0,0.0
27,3,701.5324,0.0,0.0
27,4,369.1928,0.0,0.0
27,5,234.8693,0.0,0.0
27,6,151.8703,0.0,0.0
27,7,102.7503,0.0,0.0
27,8,75.9912,0.0,0.0
27,9,56.4307,0.0,0.0
27,10,42.727,0.0,0.0
27,11,834.1826,0.0,0.0
27,12,598.3302,0.0,0.0
27,13,535.9706,0.0,0.0
27,14,405.9907,0.0,0.0
27,15,305.9256,0.0,0.0
27,16,248.2116,0.0,0.0
27,17,198.357,0.0,0.0
27,18,159.1957,0.0,0.0
27,19,1382.9771,0.0,0.0
27,20,1081.769,0.0,0.0
27,21,882.4503,0.0,0.0
27,22,841.8335,0.0,0.0
27,23,765.3178,0.0,0.0
27,24,601.4178,0.0,0.0
27,25,651.9688,0.0,0.0
27,26,509.7764,0.0,0.0
27,27,532.7794,0.0,0.0
28,1,37.1596,0.0,0.9118
28,2,23.0792,0.0,0.0
28,3,738.858,0.0,0.0
28,4,383.914,0.0,0.0
28,5,242.4174,0.0,0.0
28,6,155.8507,0.0,0.0
28,7,104.9834,0.0,0.0
28,8,77.401,0.0,0.0
28,9,57.3248,0.0,0.0
28,10,43.3129,0.0,0.0
28,11,877.9354,0.0,0.0
28,12,623.6305,0.0,0.0
28,13,556.5389,0.0,0.0
28,14,419.3593,0.0,0.0
28,15,314.5698,0.0,0.0
28,16,254.4683,0.0,0.0
28,17,202.7705,0.0,0.0
28,18,162.3264,0.0,0.0
28,19,1458.4501,0.0,0.0
28,20,1132.1074,0.0,0.0
28,21,921.899,0.0,0.0
28,22,878.0939,0.0,0.0
28,23,797.5195,0.0,0.0
28,24,626.6472,0.0,0.0
28,25,678.4531,0.0,0.0
28,26,530.3221,0.0,0.0
28,27,553.0834,0.0,0.0
28,28,574.7436,0.0,0.0
29,1,28.594,0.0,0.9118
29,2,18.0216,0.0,0.0
29,3,569.4526,0.0,0.0
29,4,292.7955,0.0,0.0
29,5,185.1741,0.0,0.0
29,6,119.635,0.0,0.0
29,7,81.0855,0.0,0.0
29,8,60.1335,0.0,0.0
29,9,44.8098,0.0,0.0
29,10,34.0544,0.0,0.0
29,11,676.4773,0.0,0.0
29,12,476.2426,0.0,0.0
29,13,424.7723,0.0,0.0
29,14,320.1913,0.0,0.0
29,15,240.7974,0.0,0.0
29,16,195.4075,0.0,0.0
29,17,156.3161,0.0,0.0
29,18,125.6776,0.0,0.0
29,19,1129.9518,0.0,0.0
29,20,868.3674,0.0,0.0
29,21,706.072,0.0,0.0
29,22,672.4128,0.0,0.0
29,23,610.57,0.0,0.0
29,24,480.6938,0.0,0.0
29,25,519.3078,0.0,0.0
29,26,406.7268,0.0,0.0
29,27,423.0877,0.0,0.0
29,28,439.6365,0.0,0.0
29,29,337.1808,0.0,0.0
30,1,29.8689,0.0,0.9118
30,2,18.9695,0.0,0.0
30,3,540.916,0.0,0.0
30,4,293.3106,0.0,0.0
30,5,189.6293,0.0,0.0
30,6,124.1032,0.0,0.0
30,7,84.7311,0.0,0.0
30,8,63.0774,0.0,0.0
30,9,47.1122,0.0,0.0
30,10,35.8427,0.0,0.0
30,11,644.3408,0.0,0.0
30,12,472.9143,0.0,0.0
30,13,427.161,0.0,0.0
30,14,327.281,0.0,0.0
30,15,248.9743,0.0,0.0
30,16,203.2427,0.0,0.0
30,17,163.3848,0.0,0.0
30,18,131.8119,0.0,0.0
30,19,1062.5928,0.0,0.0
30,20,846.8527,0.0,0.0
30,21,693.6787,0.0,0.0
30,22,664.1009,0.0,0.0
30,23,605.0623,0.0,0.0
30,24,475.5594,0.0,0.0
30,25,517.091,0.0,0.0
30,26,404.5558,0.0,0.0
30,27,424.879,0.0,0.0
30,28,440.09,0.0,0.0
30,29,336.6493,0.0,0.0
30,30,340.5213,0.0,0.0
31,1,35.1697,0.0,0.9118
31,2,22.0458,0.0,0.0
31,3,656.7441,0.0,0.0
31,4,351.1141,0.0,0.0
31,5,225.3933,0.0,0.0
31,6,146.5544,0.0,0.0
31,7,99.4407,0.0,0.0
31,8,73.6253,0.0,0.0
31,9,54.6782,0.0,0.0
31,10,41.3681,0.0,0.0
31,11,781.3524,0.0,0.0
31,12,567.1638,0.0,0.0
31,13,510.5854,0.0,0.0
31,14,389.2656,0.0,0.0
31,15,294.7925,0.0,0.0
31,16,239.8183,0.0,0.0
31,17,192.0578,0.0,0.0
31,18,154.3423,0.0,0.0
31,19,1292.8121,0.0,0.0
31,20,1019.8835,0.0,0.0
31,21,833.7424,0.0,0.0
31,22,796.8617,0.0,0.0
31,23,725.2514,0.0,0.0
31,24,569.7645,0.0,0.0
31,25,618.8387,0.0,0.0
31,26,483.7815,0.0,0.0
31,27,507.1316,0.0,0.0
31,28,525.8162,0.0,0.0
31,29,401.9613,0.0,0.0
31,30,405.4565,0.0,0.0
31,31,483.7516,0.0,0.0
32,1,31.817,0.0,0.9118
32,2,20.4318,0.0,0.0
32,3,527.9268,0.0,0.0
32,4,298.422,0.0,0.0
32,5,197.3448,0.0,0.0
32,6,131.0954,0.0,0.0
32,7,90.3328,0.0,0.0
32,8,67.5932,0.0,0.0
32,9,50.6412,0.0,0.0
32,10,38.5746,0.0,0.0
32,11,630.1041,0.0,0.0
32,12,477.3744,0.0,0.0
32,13,436.506,0.0,0.0
32,14,339.8328,0.0,0.0
32,15,261.8235,0.0,0.0
32,16,215.3101,0.0,0.0
32,17,174.1969,0.0,0.0
32,18,141.2063,0.0,0.0
32,19,1032.6651,0.0,0.0
32,20,843.3644,0.0,0.0
32,21,694.7024,0.0,0.0
32,22,668.3786,0.0,0.0
32,23,610.7639,0.0,0.0
32,24,479.9639,0.0,0.0
32,25,524.1848,0.0,0.0
32,26,410.2106,0.0,0.0
32,27,433.8508,0.0,0.0
32,28,447.9868,0.0,0.0
32,29,342.4261,0.0,0.0
32,30,349.9885,0.0,0.0
32,31,415.953,0.0,0.0
32,32,363.5474,0.0,0.0
33,1,27.7884,0.0,0.9118
33,2,18.3284,0.0,0.0
33,3,415.1532,0.0,0.0
33,4,245.4831,0.0,0.0
33,5,166.906,0.0,0.0
33,6,113.2616,0.0,0.0
33,7,79.3086,0.0,0.0
33,8,60.0289,0.0,0.0
33,9,45.418,0.0,0.0
33,10,34.8686,0.0,0.0
33,11,496.9338,0.0,0.0
33,12,389.4927,0.0,0.0
33,13,361.1913,0.0,0.0
33,14,286.5909,0.0,0.0
33,15,224.4774,0.0,0.0
33,16,186.6348,0.0,0.0
33,17,152.6035,0.0,0.0
33,18,124.8561,0.0,0.0
33,19,810.6554,0.0,0.0
33,20,679.0044,0.0,0.0
33,21,562.6947,0.0,0.0
33,22,544.6797,0.0,0.0
33,23,499.497,0.0,0.0
33,24,393.1922,0.0,0.0
33,25,430.9146,0.0,0.0
33,26,338.0096,0.0,0.0
33,27,359.715,0.0,0.0
33,28,370.0359,0.0,0.0
33,29,283.3323,0.0,0.0
33,30,292.503,0.0,0.0
33,31,346.3508,0.0,0.0
33,32,307.101,0.0,0.0
33,33,262.9498,0.0,0.0
34,1,25.3098,0.0,0.9118
34,2,17.0243,0.0,0.0
34,3,354.5429,0.0,0.0
34,4,215.0238,0.0,0.0
34,5,148.8008,0.0,0.0
34,6,102.4346,0.0,0.0
34,7,72.5403,0.0,0.0
34,8,55.3627,0.0,0.0
34,9,42.1923,0.0,0.0
34,10,32.5843,0.0,0.0
34,11,425.1864,0.0,0.0
34,12,339.5742,0.0,0.0
34,13,317.6182,0.0,0.0
34,14,255.0099,0.0,0.0
34,15,201.9019,0.0,0.0
34,16,169.1308,0.0,0.0
34,17,139.3163,0.0,0.0
34,18,114.7449,0.0,0.0
34,19,692.9116,0.0,0.0
34,20,587.9647,0.0,0.0
34,21,488.8715,0.0,0.0
34,22,475.0348,0.0,0.0
34,23,436.5718,0.0,0.0
34,24,344.2956,0.0,0.0
34,25,377.8276,0.0,0.0
34,26,297.0396,0.0,0.0
34,27,317.0174,0.0,0.0
34,28,325.3419,0.0,0.0
34,29,249.6385,0.0,0.0
34,30,259.0459,0.0,0.0
34,31,305.9501,0.0,0.0
34,32,273.653,0.0,0.0
34,33,236.3473,0.0,0.0
34,34,213.6738,0.0,0.0
35,1,22.4834,0.0,0.9118
35,2,15.4553,0.0,0.0
35,3,294.7897,0.0,0.0
35,4,183.3742,0.0,0.0
35,5,129.2495,0.0,0.0
35,6,90.3424,0.0,0.0
35,7,64.7632,0.0,0.0
35,8,49.8795,0.0,0.0
35,9,38.3225,0.0,0.0
35,10,29.7958,0.0,0.0
35,11,354.2869,0.0,0.0
35,12,288.2736,0.0,0.0
35,13,272.0098,0.0,0.0
35,14,221.0537,0.0,0.0
35,15,176.993,0.0,0.0
35,16,149.4563,0.0,0.0
35,17,124.0909,0.0,0.0
35,18,102.9471,0.0,0.0
35,19,577.2318,0.0,0.0
35,20,495.9754,0.0,0.0
35,21,413.7468,0.0,0.0
35,22,403.6576,0.0,0.0
35,23,371.8071,0.0,0.0
35,24,293.9185,0.0,0.0
35,25,322.8433,0.0,0.0
35,26,254.5306,0.0,0.0
35,27,272.3053,0.0,0.0
35,28,278.7705,0.0,0.0
35,29,214.5059,0.0,0.0
35,30,223.6348,0.0,0.0
35,31,263.3458,0.0,0.0
35,32,237.6295,0.0,0.0
35,33,207.0772,0.0,0.0
35,34,188.3605,0.0,0.0
35,35,167.1297,0.0,0.0
36,1,19.8182,0.0,0.9118
36,2,13.9211,0.0,0.0
36,3,244.5554,0.0,0.0
36,4,155.5616,0.0,0.0
36,5,111.5371,0.0,0.0
36,6,79.108,0.0,0.0
36,7,57.3895,0.0,0.0
36,8,44.6003,0.0,0.0
36,9,34.5452,0.0,0.0
36,10,27.043,0.0,0.0
36,11,294.5574,0.0,0.0
36,12,243.5965,0.0,0.0
36,13,231.6904,0.0,0.0
36,14,190.3934,0.0,0.0
36,15,154.0575,0.0,0.0
36,16,131.0928,0.0,0.0
36,17,109.6839,0.0,0.0
36,18,91.643,0.0,0.0
36,19,480.2472,0.0,0.0
36,20,416.9777,0.0,0.0
36,21,348.8474,0.0,0.0
36,22,341.6273,0.0,0.0
36,23,315.3251,0.0,0.0
36,24,249.9413,0.0,0.0
36,25,274.6419,0.0,0.0
36,26,217.2071,0.0,0.0
36,27,232.7594,0.0,0.0
36,28,237.7447,0.0,0.0
36,29,183.5347,0.0,0.0
36,30,192.0484,0.0,0.0
36,31,225.4537,0.0,0.0
36,32,205.0598,0.0,0.0
36,33,180.1818,0.0,0.0
36,34,164.8494,0.0,0.0
36,35,147.183,0.0,0.0
36,36,130.4017,0.0,0.0
37,1,85.9499,0.0,0.9118
37,2,50.0491,0.0,0.0
37,3,2647.3331,0.0,0.0
37,4,1082.7052,0.0,0.0
37,5,620.0878,0.0,0.0
37,6,373.5384,0.0,0.0
37,7,240.694,0.0,0.0
37,8,172.3398,0.0,0.0
37,9,124.5879,0.0,0.0
37,10,92.3827,0.0,0.0
37,11,3104.1016,0.0,0.0
37,12,1826.4648,0.0,0.0
37,13,1546.9229,0.0,0.0
37,14,1082.0563,0.0,0.0
37,15,768.1335,0.0,0.0
37,16,602.2221,0.0,0.0
37,17,466.1565,0.0,0.0
37,18,364.4067,0.0,0.0
37,19,5530.2806,0.0,0.0
37,20,3599.4349,0.0,0.0
37,21,2834.092,0.0,0.0
37,22,2641.2435,0.0,0.0
37,23,2363.7175,0.0,0.0
37,24,1874.0326,0.0,0.0
37,25,1968.7631,0.0,0.0
37,26,1547.1982,0.0,0.0
37,27,1541.8997,0.0,0.0
37,28,1625.1034,0.0,0.0
37,29,1259.4427,0.0,0.0
37,30,1186.2631,0.0,0.0
37,31,1442.3807,0.0,0.0
37,32,1155.1526,0.0,0.0
37,33,909.4257,0.0,0.0
37,34,778.9204,0.0,0.0
37,35,650.3606,0.0,0.0
37,36,542.316,0.0,0.0
37,37,6138.7755,0.0,0.0
38,1,78.3901,0.0,0.9118
38,2,46.6658,0.0,0.0
38,3,1944.226,0.0,0.0
38,4,903.9265,0.0,0.0
38,5,541.5729,0.0,0.0
38,6,335.4597,0.0,0.0
38,7,219.9608,0.0,0.0
38,8,159.146,0.0,0.0
38,9,115.9647,0.0,0.0
38,10,86.4627,0.0,0.0
38,11,2296.1906,0.0,0.0
38,12,1495.8141,0.0,0.0
38,13,1298.5356,0.0,0.0
38,14,941.4121,0.0,0.0
38,15,684.9632,0.0,0.0
38,16,543.9627,0.0,0.0
38,17,425.8997,0.0,0.0
38,18,335.869,0.0,0.0
38,19,3915.3529,0.0,0.0
38,20,2819.4935,0.0,0.0
38,21,2260.4217,0.0,0.0
38,22,2128.3951,0.0,0.0
38,23,1918.6941,0.0,0.0
38,24,1511.3043,0.0,0.0
38,25,1614.719,0.0,0.0
38,26,1263.2327,0.0,0.0
38,27,1290.8718,0.0,0.0
38,28,1351.3702,0.0,0.0
38,29,1037.7284,0.0,0.0
38,30,1009.6809,0.0,0.0
38,31,1216.5138,0.0,0.0
38,32,1004.4824,0.0,0.0
38,33,808.337,0.0,0.0
38,34,700.0532,0.0,0.0
38,35,590.7326,0.0,0.0
38,36,496.912,0.0,0.0
38,37,4349.2577,0.0,0.0
38,38,3381.3672,0.0,0.0
39,1,70.057,0.0,0.9118
39,2,42.4195,0.0,0.0
39,3,1585.395,0.0,0.0
39,4,771.4844,0.0,0.0
39,5,472.4364,0.0,0.0
39,6,297.2171,0.0,0.0
39,7,197.0611,0.0,0.0
39,8,143.6602,0.0,0.0
39,9,105.3447,0.0,0.0
39,10,78.9316,0.0,0.0
39,11,1876.8634,0.0,0.0
39,12,1266.7602,0.0,0.0
39,13,1112.298,0.0,0.0
39,14,819.5418,0.0,0.0
39,15,603.9916,0.0,0.0
39,16,483.3797,0.0,0.0
39,17,381.2462,0.0,0.0
39,18,302.5143,0.0,0.0
39,19,3166.0625,0.0,0.0
39,20,2350.8018,0.0,0.0
39,21,1896.7809,0.0,0.0
39,22,1794.318,0.0,0.0
39,23,1622.4689,0.0,0.0
39,24,1276.4352,0.0,0.0
39,25,1371.4492,0.0,0.0
39,26,1072.3265,0.0,0.0
39,27,1105.3016,0.0,0.0
39,28,1153.5737,0.0,0.0
39,29,884.1648,0.0,0.0
39,30,870.6935,0.0,0.0
39,31,1045.5505,0.0,0.0
39,32,874.7836,0.0,0.0
39,33,711.7506,0.0,0.0
39,34,620.3334,0.0,0.0
39,35,526.8299,0.0,0.0
39,36,445.7013,0.0,0.0
39,37,3520.9466,0.0,0.0
39,38,2813.7007,0.0,0.0
39,39,2365.8925,0.0,0.0
40,1,63.7801,0.0,0.9118
40,2,39.1088,0.0,0.0
40,3,1363.2842,0.0,0.0
40,4,681.5283,0.0,0.0
40,5,423.2302,0.0,0.0
40,6,269.049,0.0,0.0
40,7,179.7777,0.0,0.0
40,8,131.7852,0.0,0.0
40,9,97.0977,0.0,0.0
40,10,73.0315,0.0,0.0
40,11,1616.2863,0.0,0.0
40,12,1113.8339,0.0,0.0
40,13,985.0494,0.0,0.0
40,14,733.1807,0.0,0.0
40,15,544.8882,0.0,0.0
40,16,438.389,0.0,0.0
40,17,347.5334,0.0,0.0
40,18,276.9908,0.0,0.0
40,19,2711.1542,0.0,0.0
40,20,2048.5251,0.0,0.0
40,21,1659.1156,0.0,0.0
40,22,1574.1401,0.0,0.0
40,23,1426.0687,0.0,0.0
40,24,1121.5489,0.0,0.0
40,25,1208.7451,0.0,0.0
40,26,945.1713,0.0,0.0
40,27,978.9767,0.0,0.0
40,28,1019.7589,0.0,0.0
40,29,781.1133,0.0,0.0
40,30,774.5871,0.0,0.0
40,31,928.1982,0.0,0.0
40,32,782.9442,0.0,0.0
40,33,641.5564,0.0,0.0
40,34,561.5474,0.0,0.0
40,35,479.004,0.0,0.0
40,36,406.8727,0.0,0.0
40,37,3017.6856,0.0,0.0
40,38,2449.4723,0.0,0.0
40,39,2072.617,0.0,0.0
40,40,1822.7181,0.0,0.0
41,1,58.6768,0.0,0.9118
41,2,36.3418,0.0,0.0
41,3,1209.0304,0.0,0.0
41,4,613.985,0.0,0.0
41,5,384.9072,0.0,0.0
41,6,246.5241,0.0,0.0
41,7,165.6943,0.0,0.0
41,8,121.9868,0.0,0.0
41,9,90.2234,0.0,0.0
41,10,68.0769,0.0,0.0
41,11,1434.6641,0.0,0.0
41,12,1000.5663,0.0,0.0
41,13,889.0302,0.0,0.0
41,14,666.1507,0.0,0.0
41,15,497.9703,0.0,0.0
41,16,402.1974,0.0,0.0
41,17,320.0676,0.0,0.0
41,18,255.9769,0.0,0.0
41,19,2400.6918,0.0,0.0
41,20,1830.8523,0.0,0.0
41,21,1486.062,0.0,0.0
41,22,1412.6818,0.0,0.0
41,23,1281.3349,0.0,0.0
41,24,1007.8571,0.0,0.0
41,25,1087.9837,0.0,0.0
41,26,851.0634,0.0,0.0
41,27,883.889,0.0,0.0
41,28,919.5354,0.0,0.0
41,29,704.3789,0.0,0.0
41,30,701.3549,0.0,0.0
41,31,839.2828,0.0,0.0
41,32,711.6823,0.0,0.0
41,33,586.0084,0.0,0.0
41,34,514.5077,0.0,0.0
41,35,440.2999,0.0,0.0
41,36,375.1339,0.0,0.0
41,37,2673.9344,0.0,0.0
41,38,2188.2864,0.0,0.0
41,39,1858.6377,0.0,0.0
41,40,1638.4938,0.0,0.0
41,41,1475.25,0.0,0.0
42,1,46.0406,0.0,0.9118
42,2,29.1617,0.0,0.0
42,3,890.5126,0.0,0.0
42,4,463.3065,0.0,0.0
42,5,295.3592,0.0,0.0
42,6,191.9528,0.0,0.0
42,7,130.6045,0.0,0.0
42,8,97.0675,0.0,0.0
42,9,72.4186,0.0,0.0
42,10,55.0487,0.0,0.0
42,11,1058.3899,0.0,0.0
42,12,751.6628,0.0,0.0
42,13,673.1193,0.0,0.0
42,14,510.2352,0.0,0.0
42,15,385.5895,0.0,0.0
42,16,313.8657,0.0,0.0
42,17,251.7723,0.0,0.0
42,18,202.8572,0.0,0.0
42,19,1765.8946,0.0,0.0
42,20,1365.4837,0.0,0.0
42,21,1112.0098,0.0,0.0
42,22,1060.6255,0.0,0.0
42,23,963.9434,0.0,0.0
42,24,758.9955,0.0,0.0
42,25,820.9313,0.0,0.0
42,26,643.1247,0.0,0.0
42,27,670.349,0.0,0.0
42,28,695.8348,0.0,0.0
42,29,533.6535,0.0,0.0
42,30,534.5207,0.0,0.0
42,31,637.9233,0.0,0.0
42,32,545.7845,0.0,0.0
42,33,453.4186,0.0,0.0
42,34,400.4998,0.0,0.0
42,35,344.9826,0.0,0.0
42,36,295.7994,0.0,0.0
42,37,1969.4796,0.0,0.0
42,38,1631.5424,0.0,0.0
42,39,1394.0976,0.0,0.0
42,40,1233.9095,0.0,0.0
42,41,1114.0924,0.0,0.0
42,42,845.8972,0.0,0.0
43,1,51.0527,0.0,0.9118
43,2,32.0588,0.0,0.0
43,3,1011.6099,0.0,0.0
43,4,521.4249,0.0,0.0
43,5,330.3257,0.0,0.0
43,6,213.4799,0.0,0.0
43,7,144.5697,0.0,0.0
43,8,107.0588,0.0,0.0
43,9,79.6121,0.0,0.0
43,10,60.3521,0.0,0.0
43,11,1201.5234,0.0,0.0
43,12,847.3497,0.0,0.0
43,13,756.6195,0.0,0.0
43,14,571.0501,0.0,0.0
43,15,429.7677,0.0,0.0
43,16,348.7744,0.0,0.0
43,17,278.9123,0.0,0.0
43,18,224.0794,0.0,0.0
43,19,2007.6137,0.0,0.0
43,20,1543.4258,0.0,0.0
43,21,1255.3446,0.0,0.0
43,22,1195.8434,0.0,0.0
43,23,1086.0231,0.0,0.0
43,24,854.7474,0.0,0.0
43,25,923.8743,0.0,0.0
43,26,723.3202,0.0,0.0
43,27,752.9678,0.0,0.0
43,28,782.2483,0.0,0.0
43,29,599.6192,0.0,0.0
43,30,599.3141,0.0,0.0
43,31,715.9811,0.0,0.0
43,32,610.5327,0.0,0.0
43,33,505.5091,0.0,0.0
43,34,445.4778,0.0,0.0
43,35,382.7591,0.0,0.0
43,36,327.3827,0.0,0.0
43,37,2237.9665,0.0,0.0
43,38,1844.3774,0.0,0.0
43,39,1572.3759,0.0,0.0
43,40,1389.5979,0.0,0.0
43,41,1253.3465,0.0,0.0
43,42,949.649,0.0,0.0
43,43,1067.0169,0.0,0.0
44,1,39.5745,0.0,0.9118
44,2,25.4622,0.0,0.0
44,3,730.5533,0.0,0.0
44,4,387.2681,0.0,0.0
44,5,249.9382,0.0,0.0
44,6,164.1279,0.0,0.0
44,7,112.6378,0.0,0.0
44,8,84.2725,0.0,0.0
44,9,63.2599,0.0,0.0
44,10,48.3429,0.0,0.0
44,11,869.3774,0.0,0.0
44,12,626.2104,0.0,0.0
44,13,564.0716,0.0,0.0
44,14,431.2132,0.0,0.0
44,15,328.4072,0.0,0.0
44,16,268.7824,0.0,0.0
44,17,216.807,0.0,0.0
44,18,175.5876,0.0,0.0
44,19,1447.3048,0.0,0.0
44,20,1131.1769,0.0,0.0
44,21,923.5811,0.0,0.0
44,22,883.1492,0.0,0.0
44,23,803.8807,0.0,0.0
44,24,633.4394,0.0,0.0
44,25,686.1772,0.0,0.0
44,26,538.1435,0.0,0.0
44,27,562.48,0.0,0.0
44,28,582.9014,0.0,0.0
44,29,447.4259,0.0,0.0
44,30,450.1543,0.0,0.0
44,31,536.1093,0.0,0.0
44,32,461.6795,0.0,0.0
44,33,385.9883,0.0,0.0
44,34,342.3814,0.0,0.0
44,35,296.2668,0.0,0.0
44,36,255.1516,0.0,0.0
44,37,1615.8387,0.0,0.0
44,38,1351.1988,0.0,0.0
44,39,1159.9071,0.0,0.0
44,40,1029.7665,0.0,0.0
44,41,931.7445,0.0,0.0
44,42,710.2837,0.0,0.0
44,43,796.1951,0.0,0.0
44,44,598.1988,0.0,0.0
45,1,43.1661,0.0,0.9118
45,2,27.5745,0.0,0.0
45,3,794.2006,0.0,0.0
45,4,424.412,0.0,0.0
45,5,273.7195,0.0,0.0
45,6,179.2708,0.0,0.0
45,7,122.6426,0.0,0.0
45,8,91.4959,0.0,0.0
45,9,68.4888,0.0,0.0
45,10,52.2072,0.0,0.0
45,11,945.4221,0.0,0.0
45,12,685.6628,0.0,0.0
45,13,617.9244,0.0,0.0
45,14,472.3738,0.0,0.0
45,15,359.2547,0.0,0.0
45,16,293.5214,0.0,0.0
45,17,236.275,0.0,0.0
45,18,190.9352,0.0,0.0
45,19,1567.4954,0.0,0.0
45,20,1234.6013,0.0,0.0
45,21,1009.1933,0.0,0.0
45,22,965.2308,0.0,0.0
45,23,878.8027,0.0,0.0
45,24,691.6314,0.0,0.0
45,25,750.3251,0.0,0.0
45,26,587.7544,0.0,0.0
45,27,615.4364,0.0,0.0
45,28,637.7634,0.0,0.0
45,29,488.7501,0.0,0.0
45,30,492.6319,0.0,0.0
45,31,586.7732,0.0,0.0
45,32,505.4452,0.0,0.0
45,33,422.1971,0.0,0.0
45,34,374.0632,0.0,0.0
45,35,323.1941,0.0,0.0
45,36,277.868,0.0,0.0
45,37,1749.7615,0.0,0.0
45,38,1473.5487,0.0,0.0
45,39,1266.8436,0.0,0.0
45,40,1125.3403,0.0,0.0
45,41,1018.2915,0.0,0.0
45,42,775.8353,0.0,0.0
45,43,869.8962,0.0,0.0
45,44,653.1775,0.0,0.0
45,45,713.9427,0.0,0.0
46,1,40.2372,0.0,0.9118
46,2,25.8716,0.0,0.0
46,3,722.4294,0.0,0.0
46,4,390.431,0.0,0.0
46,5,253.3425,0.0,0.0
46,6,166.7111,0.0,0.0
46,7,114.4763,0.0,0.0
46,8,85.6427,0.0,0.0
46,9,64.2707,0.0,0.0
46,10,49.099,0.0,0.0
46,11,860.6209,0.0,0.0
46,12,629.5912,0.0,0.0
46,13,569.141,0.0,0.0
46,14,436.9463,0.0,0.0
46,15,333.5219,0.0,0.0
46,16,273.1568,0.0,0.0
46,17,220.4099,0.0,0.0
46,18,178.5021,0.0,0.0
46,19,1424.0271,0.0,0.0
46,20,1129.667,0.0,0.0
46,21,924.8556,0.0,0.0
46,22,885.7657,0.0,0.0
46,23,807.1258,0.0,0.0
46,24,635.3257,0.0,0.0
46,25,689.9647,0.0,0.0
46,26,540.6599,0.0,0.0
46,27,567.1044,0.0,0.0
46,28,587.1819,0.0,0.0
46,29,450.0559,0.0,0.0
46,30,454.8031,0.0,0.0
46,31,541.1501,0.0,0.0
46,32,467.7042,0.0,0.0
46,33,391.8528,0.0,0.0
46,34,347.8393,0.0,0.0
46,35,301.139,0.0,0.0
46,36,259.3964,0.0,0.0
46,37,1590.4415,0.0,0.0
46,38,1347.9007,0.0,0.0
46,39,1161.9289,0.0,0.0
46,40,1033.8735,0.0,0.0
46,41,936.5528,0.0,0.0
46,42,714.9495,0.0,0.0
46,43,801.0442,0.0,0.0
46,44,602.7956,0.0,0.0
46,45,658.8753,0.0,0.0
46,46,608.5041,0.0,0.0
47,1,33.5413,0.0,0.9118
47,2,21.7896,0.0,0.0
47,3,614.1477,0.0,0.0
47,4,325.5775,0.0,0.0
47,5,210.6811,0.0,0.0
47,6,138.8758,0.0,0.0
47,7,95.7137,0.0,0.0
47,8,71.8926,0.0,0.0
47,9,54.1903,0.0,0.0
47,10,41.578,0.0,0.0
47,11,731.0832,0.0,0.0
47,12,526.4776,0.0,0.0
47,13,474.5713,0.0,0.0
47,14,363.3585,0.0,0.0
47,15,277.3577,0.0,0.0
47,16,227.5024,0.0,0.0
47,17,183.9876,0.0,0.0
47,18,149.4269,0.0,0.0
47,19,1218.4699,0.0,0.0
47,20,951.4935,0.0,0.0
47,21,776.8914,0.0,0.0
47,22,743.2041,0.0,0.0
47,23,676.6553,0.0,0.0
47,24,533.6878,0.0,0.0
47,25,577.8127,0.0,0.0
47,26,453.6327,0.0,0.0
47,27,473.9244,0.0,0.0
47,28,490.9783,0.0,0.0
47,29,377.3531,0.0,0.0
47,30,379.5655,0.0,0.0
47,31,451.5887,0.0,0.0
47,32,389.3075,0.0,0.0
47,33,326.0371,0.0,0.0
47,34,289.6469,0.0,0.0
47,35,251.1189,0.0,0.0
47,36,216.7336,0.0,0.0
47,37,1360.7517,0.0,0.0
47,38,1136.9099,0.0,0.0
47,39,976.2025,0.0,0.0
47,40,867.0056,0.0,0.0
47,41,784.8188,0.0,0.0
47,42,599.053,0.0,0.0
47,43,671.1717,0.0,0.0
47,44,505.0269,0.0,0.0
47,45,551.0802,0.0,0.0
47,46,508.7742,0.0,0.0
47,47,426.745,0.0,0.0
48,1,35.6879,0.0,0.9118
48,2,23.1563,0.0,0.0
48,3,621.0536,0.0,0.0
48,4,340.4122,0.0,0.0
48,5,222.6273,0.0,0.0
48,6,147.4138,0.0,0.0
48,7,101.7377,0.0,0.0
48,8,76.4092,0.0,0.0
48,9,57.55,0.0,0.0
48,10,44.1062,0.0,0.0
48,11,740.5787,0.0,0.0
48,12,547.6721,0.0,0.0
48,13,497.0337,0.0,0.0
48,14,383.679,0.0,0.0
48,15,294.2465,0.0,0.0
48,16,241.7614,0.0,0.0
48,17,195.7044,0.0,0.0
48,18,158.965,0.0,0.0
48,19,1222.5553,0.0,0.0
48,20,978.4251,0.0,0.0
48,21,802.602,0.0,0.0
48,22,770.0303,0.0,0.0
48,23,702.4213,0.0,0.0
48,24,553.0919,0.0,0.0
48,25,601.4053,0.0,0.0
48,26,471.5329,0.0,0.0
48,27,495.6313,0.0,0.0
48,28,512.622,0.0,0.0
48,29,393.051,0.0,0.0
48,30,398.4572,0.0,0.0
48,31,473.4203,0.0,0.0
48,32,410.9058,0.0,0.0
48,33,345.6085,0.0,0.0
48,34,307.5539,0.0,0.0
48,35,266.97,0.0,0.0
48,36,230.5493,0.0,0.0
48,37,1366.3938,0.0,0.0
48,38,1167.0471,0.0,0.0
48,39,1009.4418,0.0,0.0
48,40,900.1154,0.0,0.0
48,41,816.5495,0.0,0.0
48,42,624.9506,0.0,0.0
48,43,699.5382,0.0,0.0
48,44,527.9387,0.0,0.0
48,45,577.0107,0.0,0.0
48,46,533.4134,0.0,0.0
48,47,445.8701,0.0,0.0
48,48,468.19,0.0,0.0
49,1,44.0417,0.0,0.9118
49,2,27.9586,0.0,0.0
49,3,828.9673,0.0,0.0
49,4,438.3396,0.0,0.0
49,5,281.1737,0.0,0.0
49,6,183.3368,0.0,0.0
49,7,124.9798,0.0,0.0
49,8,92.9968,0.0,0.0
49,9,69.4558,0.0,0.0
49,10,52.8517,0.0,0.0
49,11,986.0999,0.0,0.0
49,12,709.3565,0.0,0.0
49,13,637.5832,0.0,0.0
49,14,485.5392,0.0,0.0
49,15,368.0275,0.0,0.0
49,16,299.9853,0.0,0.0
49,17,240.9104,0.0,0.0
49,18,194.2646,0.0,0.0
49,19,1638.8153,0.0,0.0
49,20,1281.2612,0.0,0.0
49,21,1045.8401,0.0,0.0
49,22,999.0971,0.0,0.0
49,23,908.9753,0.0,0.0
49,24,715.2799,0.0,0.0
49,25,775.2736,0.0,0.0
49,26,607.0964,0.0,0.0
49,27,634.7263,0.0,0.0
49,28,658.2526,0.0,0.0
49,29,504.3802,0.0,0.0
49,30,507.2452,0.0,0.0
49,31,604.7183,0.0,0.0
49,32,519.3501,0.0,0.0
49,33,432.6167,0.0,0.0
49,34,382.5968,0.0,0.0
49,35,329.925,0.0,0.0
49,36,283.1269,0.0,0.0
49,37,1828.5696,0.0,0.0
49,38,1529.6862,0.0,0.0
49,39,1311.8922,0.0,0.0
49,40,1163.5963,0.0,0.0
49,41,1051.8917,0.0,0.0
49,42,799.9994,0.0,0.0
49,43,897.6451,0.0,0.0
49,44,672.6516,0.0,0.0
49,45,735.2525,0.0,0.0
49,46,678.0996,0.0,0.0
49,47,567.3303,0.0,0.0
49,48,593.3574,0.0,0.0
49,49,757.7397,0.0,0.0
50,1,41.5334,0.0,0.9118
50,2,26.7862,0.0,0.0
50,3,708.4597,0.0,0.0
50,4,393.7991,0.0,0.0
50,5,258.7146,0.0,0.0
50,6,171.4367,0.0,0.0
50,7,118.1509,0.0,0.0
50,8,88.5408,0.0,0.0
50,9,66.4996,0.0,0.0
50,10,50.811,0.0,0.0
50,11,845.1348,0.0,0.0
50,12,631.9434,0.0,0.0
50,13,575.4018,0.0,0.0
50,14,445.7623,0.0,0.0
50,15,342.4169,0.0,0.0
50,16,281.3255,0.0,0.0
50,17,227.5635,0.0,0.0
50,18,184.5845,0.0,0.0
50,19,1390.2912,0.0,0.0
50,20,1123.0616,0.0,0.0
50,21,923.0182,0.0,0.0
50,22,886.6318,0.0,0.0
50,23,809.4134,0.0,0.0
50,24,636.6561,0.0,0.0
50,25,693.7442,0.0,0.0
50,26,543.3629,0.0,0.0
50,27,572.8169,0.0,0.0
50,28,592.0464,0.0,0.0
50,29,453.2089,0.0,0.0
50,30,461.1971,0.0,0.0
50,31,548.0549,0.0,0.0
50,32,477.1034,0.0,0.0
50,33,401.9415,0.0,0.0
50,34,357.7871,0.0,0.0
50,35,310.5093,0.0,0.0
50,36,267.9532,0.0,0.0
50,37,1554.3698,0.0,0.0
50,38,1338.5665,0.0,0.0
50,39,1161.3674,0.0,0.0
50,40,1037.2812,0.0,0.0
50,41,941.7792,0.0,0.0
50,42,721.2906,0.0,0.0
50,43,807.2358,0.0,0.0
50,44,609.6152,0.0,0.0
50,45,666.8954,0.0,0.0
50,46,616.7522,0.0,0.0
50,47,514.4477,0.0,0.0
50,48,541.549,0.0,0.0
50,49,685.6138,0.0,0.0
50,50,627.5677,0.0,0.0
51,1,37.7681,0.0,0.9118
51,2,24.8583,0.0,0.0
51,3,586.6888,0.0,0.0
51,4,340.303,0.0,0.0
51,5,229.0421,0.0,0.0
51,6,154.4851,0.0,0.0
51,7,107.8436,0.0,0.0
51,8,81.5358,0.0,0.0
51,9,61.6912,0.0,0.0
51,10,47.4073,0.0,0.0
51,11,701.6903,0.0,0.0
51,12,541.9826,0.0,0.0
51,13,499.7292,0.0,0.0
51,14,393.6899,0.0,0.0
51,15,306.6912,0.0,0.0
51,16,254.2418,0.0,0.0
51,17,207.4043,0.0,0.0
51,18,169.4533,0.0,0.0
51,19,1147.67,0.0,0.0
51,20,950.6543,0.0,0.0
51,21,785.8323,0.0,0.0
51,22,758.9406,0.0,0.0
51,23,695.0683,0.0,0.0
51,24,547.1981,0.0,0.0
51,25,598.5168,0.0,0.0
51,26,469.4569,0.0,0.0
51,27,498.0472,0.0,0.0
51,28,513.0585,0.0,0.0
51,29,393.0249,0.0,0.0
51,30,403.8621,0.0,0.0
51,31,478.3993,0.0,0.0
51,32,421.8616,0.0,0.0
51,33,359.5564,0.0,0.0
51,34,322.3608,0.0,0.0
51,35,281.805,0.0,0.0
51,36,244.7902,0.0,0.0
51,37,1286.175,0.0,0.0
51,38,1132.1713,0.0,0.0
51,39,992.4001,0.0,0.0
51,40,892.0877,0.0,0.0
51,41,813.4345,0.0,0.0
51,42,627.6849,0.0,0.0
51,43,700.5163,0.0,0.0
51,44,533.3804,0.0,0.0
51,45,583.3346,0.0,0.0
51,46,540.9125,0.0,0.0
51,47,450.6427,0.0,0.0
51,48,476.5783,0.0,0.0
51,49,598.2891,0.0,0.0
51,50,553.3592,0.0,0.0
51,51,492.9379,0.0,0.0
52,1,35.4841,0.0,0.9118
52,2,23.6911,0.0,0.0
52,3,521.2511,0.0,0.0
52,4,309.5439,0.0,0.0
52,5,211.4898,0.0,0.0
52,6,144.3032,0.0,0.0
52,7,101.6124,0.0,0.0
52,8,77.297,0.0,0.0
52,9,58.7881,0.0,0.0
52,10,45.3613,0.0,0.0
52,11,624.4076,0.0,0.0
52,12,490.876,0.0,0.0
52,13,456.04,0.0,0.0
52,14,362.9518,0.0,0.0
52,15,285.2779,0.0,0.0
52,16,237.9018,0.0,0.0
52,17,195.1861,0.0,0.0
52,18,160.2674,0.0,0.0
52,19,1019.3121,0.0,0.0
52,20,855.1882,0.0,0.0
52,21,709.1303,0.0,0.0
52,22,687.1235,0.0,0.0
52,23,630.4901,0.0,0.0
52,24,496.9143,0.0,0.0
52,25,544.4156,0.0,0.0
52,26,427.6439,0.0,0.0
52,27,455.0836,0.0,0.0
52,28,467.8493,0.0,0.0
52,29,358.8167,0.0,0.0
52,30,370.5936,0.0,0.0
52,31,438.1102,0.0,0.0
52,32,389.2997,0.0,0.0
52,33,334.2234,0.0,0.0
52,34,301.0545,0.0,0.0
52,35,264.4516,0.0,0.0
52,36,230.7426,0.0,0.0
52,37,1144.1913,0.0,0.0
52,38,1018.3413,0.0,0.0
52,39,897.8043,0.0,0.0
52,40,810.1028,0.0,0.0
52,41,740.6211,0.0,0.0
52,42,574.2932,0.0,0.0
52,43,639.7465,0.0,0.0
52,44,489.6956,0.0,0.0
52,45,535.2189,0.0,0.0
52,46,497.0959,0.0,0.0
52,47,414.1512,0.0,0.0
52,48,438.8861,0.0,0.0
52,49,548.1267,0.0,0.0
52,50,509.9698,0.0,0.0
52,51,457.1057,0.0,0.0
52,52,425.5355,0.0,0.0
53,1,32.5171,0.0,0.9118
53,2,22.0813,0.0,0.0
53,3,449.8512,0.0,0.0
53,4,273.7398,0.0,0.0
53,5,190.1094,0.0,0.0
53,6,131.4051,0.0,0.0
53,7,93.4562,0.0,0.0
53,8,71.6059,0.0,0.0
53,9,54.799,0.0,0.0
53,10,42.4954,0.0,0.0
53,11,539.8536,0.0,0.0
53,12,432.1792,0.0,0.0
53,13,404.7631,0.0,0.0
53,14,325.6912,0.0,0.0
53,15,258.5121,0.0,0.0
53,16,217.0337,0.0,0.0
53,17,179.2306,0.0,0.0
53,18,148.0216,0.0,0.0
53,19,880.1741,0.0,0.0
53,20,747.9306,0.0,0.0
53,21,622.1841,0.0,0.0
53,22,605.0508,0.0,0.0
53,23,556.3166,0.0,0.0
53,24,439.166,0.0,0.0
53,25,481.8077,0.0,0.0
53,26,379.2212,0.0,0.0
53,27,404.6929,0.0,0.0
53,28,415.1303,0.0,0.0
53,29,318.9642,0.0,0.0
53,30,331.0651,0.0,0.0
53,31,390.4542,0.0,0.0
53,32,349.776,0.0,0.0
53,33,302.6743,0.0,0.0
53,34,274.063,0.0,0.0
53,35,242.0556,0.0,0.0
53,36,212.282,0.0,0.0
53,37,989.8921,0.0,0.0
53,38,890.6723,0.0,0.0
53,39,790.0257,0.0,0.0
53,40,715.7318,0.0,0.0
53,41,656.2276,0.0,0.0
53,42,511.6772,0.0,0.0
53,43,568.7909,0.0,0.0
53,44,437.9992,0.0,0.0
53,45,478.2481,0.0,0.0
53,46,444.9662,0.0,0.0
53,47,370.9344,0.0,0.0
53,48,393.7655,0.0,0.0
53,49,488.9709,0.0,0.0
53,50,457.7156,0.0,0.0
53,51,412.9852,0.0,0.0
53,52,386.0997,0.0,0.0
53,53,351.9667,0.0,0.0
54,1,29.6055,0.0,0.9118
54,2,20.4594,0.0,0.0
54,3,386.9969,0.0,0.0
54,4,240.7689,0.0,0.0
54,5,169.8578,0.0,0.0
54,6,118.9178,0.0,0.0
54,7,85.4293,0.0,0.0
54,8,65.9403,0.0,0.0
54,9,50.79,0.0,0.0
54,10,39.5951,0.0,0.0
54,11,465.2817,0.0,0.0
54,12,378.6134,0.0,0.0
54,13,357.296,0.0,0.0
54,14,290.4985,0.0,0.0
54,15,232.7786,0.0,0.0
54,16,196.7374,0.0,0.0
54,17,163.5368,0.0,0.0
54,18,135.8592,0.0,0.0
54,19,758.3253,0.0,0.0
54,20,651.5392,0.0,0.0
54,21,543.5631,0.0,0.0
54,22,530.4312,0.0,0.0
54,23,488.6522,0.0,0.0
54,24,386.5067,0.0,0.0
54,25,424.4125,0.0,0.0
54,26,334.8259,0.0,0.0
54,27,358.0954,0.0,0.0
54,28,366.5597,0.0,0.0
54,29,282.2888,0.0,0.0
54,30,294.2138,0.0,0.0
54,31,346.1345,0.0,0.0
54,32,312.4265,0.0,0.0
54,33,272.411,0.0,0.0
54,34,247.9275,0.0,0.0
54,35,220.1581,0.0,0.0
54,36,194.0699,0.0,0.0
54,37,854.5223,0.0,0.0
54,38,776.0859,0.0,0.0
54,39,692.2386,0.0,0.0
54,40,629.523,0.0,0.0
54,41,578.7876,0.0,0.0
54,42,453.7998,0.0,0.0
54,43,503.3811,0.0,0.0
54,44,389.9532,0.0,0.0
54,45,425.2684,0.0,0.0
54,46,396.3468,0.0,0.0
54,47,330.7646,0.0,0.0
54,48,351.5285,0.0,0.0
54,49,434.0932,0.0,0.0
54,50,408.5952,0.0,0.0
54,51,370.9572,0.0,0.0
54,52,348.2239,0.0,0.0
54,53,318.8905,0.0,0.0
54,54,290.2223,0.0,0.0
55,1,105.0096,0.0,0.9118
55,2,61.3184,0.0,0.0
55,3,3242.2404,0.0,0.0
55,4,1316.2189,0.0,0.0
55,5,754.9243,0.0,0.0
55,6,455.696,0.0,0.0
55,7,294.1483,0.0,0.0
55,8,210.8672,0.0,0.0
55,9,152.5672,0.0,0.0
55,10,113.1764,0.0,0.0
55,11,3798.9439,0.0,0.0
55,12,2220.9652,0.0,0.0
55,13,1881.7164,0.0,0.0
55,14,1317.0056,0.0,0.0
55,15,936.3069,0.0,0.0
55,16,735.0061,0.0,0.0
55,17,569.6701,0.0,0.0
55,18,445.8171,0.0,0.0
55,19,6808.39,0.0,0.0
55,20,4387.1669,0.0,0.0
55,21,3450.8369,0.0,0.0
55,22,3215.8544,0.0,0.0
55,23,2877.5279,0.0,0.0
55,24,2283.0674,0.0,0.0
55,25,2396.3445,0.0,0.0
55,26,1884.2824,0.0,0.0
55,27,1875.7209,0.0,0.0
55,28,1976.8609,0.0,0.0
55,29,1533.4063,0.0,0.0
55,30,1443.0004,0.0,0.0
55,31,1755.5105,0.0,0.0
55,32,1406.2206,0.0,0.0
55,33,1108.3145,0.0,0.0
55,34,950.1975,0.0,0.0
55,35,794.2184,0.0,0.0
55,36,662.9556,0.0,0.0
55,37,7560.4361,0.0,0.0
55,38,5305.1627,0.0,0.0
55,39,4289.6097,0.0,0.0
55,40,3674.8556,0.0,0.0
55,41,3256.3633,0.0,0.0
55,42,2398.752,0.0,0.0
55,43,2726.0486,0.0,0.0
55,44,1968.3066,0.0,0.0
55,45,2129.9275,0.0,0.0
55,46,1935.8392,0.0,0.0
55,47,1657.7829,0.0,0.0
55,48,1663.0447,0.0,0.0
55,49,2226.4867,0.0,0.0
55,50,1891.9207,0.0,0.0
55,51,1566.5042,0.0,0.0
55,52,1394.5709,0.0,0.0
55,53,1207.5672,0.0,0.0
55,54,1043.3955,0.0,0.0
55,55,9330.7294,0.0,0.0
56,1,99.4579,0.0,0.9118
56,2,59.1141,0.0,0.0
56,3,2551.526,0.0,0.0
56,4,1160.4419,0.0,0.0
56,5,690.6852,0.0,0.0
56,6,426.3667,0.0,0.0
56,7,279.0742,0.0,0.0
56,8,201.7411,0.0,0.0
56,9,146.9174,0.0,0.0
56,10,109.5,0.0,0.0
56,11,3009.7233,0.0,0.0
56,12,1926.3504,0.0,0.0
56,13,1665.7662,0.0,0.0
56,14,1201.2021,0.0,0.0
56,15,871.1647,0.0,0.0
56,16,690.8651,0.0,0.0
56,17,540.316,0.0,0.0
56,18,425.7909,0.0,0.0
56,19,5171.2978,0.0,0.0
56,20,3659.1655,0.0,0.0
56,21,2924.4395,0.0,0.0
56,22,2748.9797,0.0,0.0
56,23,2475.1427,0.0,0.0
56,24,1952.1126,0.0,0.0
56,25,2079.495,0.0,0.0
56,26,1628.404,0.0,0.0
56,27,1656.9384,0.0,0.0
56,28,1736.3987,0.0,0.0
56,29,1335.7319,0.0,0.0
56,30,1292.663,0.0,0.0
56,31,1559.7012,0.0,0.0
56,32,1281.9152,0.0,0.0
56,33,1028.5424,0.0,0.0
56,34,889.6147,0.0,0.0
56,35,749.8475,0.0,0.0
56,36,630.2436,0.0,0.0
56,37,5743.5673,0.0,0.0
56,38,4394.3607,0.0,0.0
56,39,3639.4735,0.0,0.0
56,40,3160.1776,0.0,0.0
56,41,2819.5147,0.0,0.0
56,42,2098.4813,0.0,0.0
56,43,2373.9131,0.0,0.0
56,44,1735.4827,0.0,0.0
56,45,1890.1371,0.0,0.0
56,46,1727.2738,0.0,0.0
56,47,1460.5858,0.0,0.0
56,48,1493.7369,0.0,0.0
56,49,1964.0913,0.0,0.0
56,50,1710.8832,0.0,0.0
56,51,1442.5135,0.0,0.0
56,52,1295.6354,0.0,0.0
56,53,1131.7221,0.0,0.0
56,54,985.1266,0.0,0.0
56,55,7016.4917,0.0,0.0
56,56,5726.9887,0.0,0.0
57,1,89.1018,0.0,0.9118
57,2,53.7982,0.0,0.0
57,3,2085.0661,0.0,0.0
57,4,994.0316,0.0,0.0
57,5,604.4915,0.0,0.0
57,6,378.7928,0.0,0.0
57,7,250.5577,0.0,0.0
57,8,182.4075,0.0,0.0
57,9,133.6123,0.0,0.0
57,10,100.0277,0.0,0.0
57,11,2465.5965,0.0,0.0
57,12,1637.1586,0.0,0.0
57,13,1431.7496,0.0,0.0
57,14,1049.1934,0.0,0.0
57,15,770.4924,0.0,0.0
57,16,615.5559,0.0,0.0
57,17,484.7691,0.0,0.0
57,18,384.2306,0.0,0.0
57,19,4185.8968,0.0,0.0
57,20,3059.8941,0.0,0.0
57,21,2461.7619,0.0,0.0
57,22,2324.7454,0.0,0.0
57,23,2099.5853,0.0,0.0
57,24,1653.4435,0.0,0.0
57,25,1771.7653,0.0,0.0
57,26,1386.3132,0.0,0.0
57,27,1423.4023,0.0,0.0
57,28,1487.1454,0.0,0.0
57,29,1141.4078,0.0,0.0
57,30,1118.3973,0.0,0.0
57,31,1344.7968,0.0,0.0
57,32,1120.0021,0.0,0.0
57,33,908.367,0.0,0.0
57,34,790.4855,0.0,0.0
57,35,670.3843,0.0,0.0
57,36,566.5101,0.0,0.0
57,37,4653.7454,0.0,0.0
57,38,3666.6556,0.0,0.0
57,39,3069.3037,0.0,0.0
57,40,2682.0879,0.0,0.0
57,41,2401.9326,0.0,0.0
57,42,1798.197,0.0,0.0
57,43,2029.6163,0.0,0.0
57,44,1493.8895,0.0,0.0
57,45,1629.9126,0.0,0.0
57,46,1493.4855,0.0,0.0
57,47,1257.4297,0.0,0.0
57,48,1295.9364,0.0,0.0
57,49,1689.4085,0.0,0.0
57,50,1489.044,0.0,0.0
57,51,1268.2622,0.0,0.0
57,52,1145.5595,0.0,0.0
57,53,1006.5104,0.0,0.0
57,54,880.8202,0.0,0.0
57,55,5675.7434,0.0,0.0
57,56,4754.4826,0.0,0.0
57,57,3990.6172,0.0,0.0
58,1,44.5104,2.7991,0.9118
58,2,29.3081,2.7991,0.0
58,3,704.3345,2.7991,0.0
58,4,403.7427,2.7991,0.0
58,5,270.6187,2.7991,0.0
58,6,182.2164,2.7991,0.0
58,7,127.1355,2.7991,0.0
58,8,96.1189,2.7991,0.0
58,9,72.7359,2.7991,0.0
58,10,55.9048,2.7991,0.0
58,11,841.8986,2.7991,0.0
58,12,644.222,2.7991,0.0
58,13,592.4047,2.7991,0.0
58,14,465.2631,2.7991,0.0
58,15,361.8015,2.7991,0.0
58,16,299.7447,2.7991,0.0
58,17,244.4468,2.7991,0.0
58,18,199.7138,2.7991,0.0
58,19,1381.0183,2.7991,0.0
58,20,1134.6748,2.7991,0.0
58,21,936.4068,2.7991,0.0
58,22,903.3306,2.7991,0.0
58,23,826.7047,2.7991,0.0
58,24,651.144,2.7991,0.0
58,25,711.1423,2.7991,0.0
58,26,558.0177,2.7991,0.0
58,27,590.7387,2.7991,0.0
58,28,608.9242,2.7991,0.0
58,29,466.811,2.7991,0.0
58,30,478.335,2.7991,0.0
58,31,566.8783,2.7991,0.0
58,32,498.6284,2.7991,0.0
58,33,424.2906,2.7991,0.0
58,34,380.1606,2.7991,0.0
58,35,332.1884,2.7991,0.0
58,36,288.501,2.7991,0.0
58,37,1547.078,2.7991,0.0
58,38,1352.0803,2.7991,0.0
58,39,1182.0124,2.7991,0.0
58,40,1060.9721,2.7991,0.0
58,41,966.6201,2.7991,0.0
58,42,745.1176,2.7991,0.0
58,43,831.836,2.7991,0.0
58,44,632.6639,2.7991,0.0
58,45,691.5646,2.7991,0.0
58,46,640.9611,2.7991,0.0
58,47,534.5993,2.7991,0.0
58,48,564.391,2.7991,0.0
58,49,709.5009,2.7991,0.0
58,50,654.6723,2.7991,0.0
58,51,582.1618,2.7991,0.0
58,52,539.4167,2.7991,0.0
58,53,487.0333,2.7991,0.0
58,54,437.2834,2.7991,0.0
58,55,1884.4554,2.7991,0.0
58,56,1724.7415,2.7991,0.0
58,57,1512.2504,2.7991,0.0
58,58,688.0353,2.7991,2.7991
59,1,88.6877,0.0,0.9118
59,2,53.1523,0.0,0.0
59,3,2210.3168,0.0,0.0
59,4,1018.954,0.0,0.0
59,5,610.7615,0.0,0.0
59,6,379.1038,0.0,0.0
59,7,249.2633,0.0,0.0
59,8,180.8383,0.0,0.0
59,9,132.1584,0.0,0.0
59,10,98.822,0.0,0.0
59,11,2609.044,0.0,0.0
59,12,1687.5419,0.0,0.0
59,13,1464.4446,0.0,0.0
59,14,1061.5213,0.0,0.0
59,15,773.1721,0.0,0.0
59,16,614.8652,0.0,0.0
59,17,482.2509,0.0,0.0
59,18,381.0503,0.0,0.0
59,19,4473.7784,0.0,0.0
59,20,3190.2086,0.0,0.0
59,21,2554.7353,0.0,0.0
59,22,2405.0561,0.0,0.0
59,23,2167.6325,0.0,0.0
59,24,1709.1137,0.0,0.0
59,25,1823.7858,0.0,0.0
59,26,1428.1039,0.0,0.0
59,27,1457.0358,0.0,0.0
59,28,1525.4141,0.0,0.0
59,29,1172.9549,0.0,0.0
59,30,1139.4352,0.0,0.0
59,31,1372.8649,0.0,0.0
59,32,1133.1627,0.0,0.0
59,33,912.5263,0.0,0.0
59,34,791.0214,0.0,0.0
59,35,668.3328,0.0,0.0
59,36,563.0156,0.0,0.0
59,37,4971.0778,0.0,0.0
59,38,3828.9626,0.0,0.0
59,39,3181.4405,0.0,0.0
59,40,2767.9894,0.0,0.0
59,41,2472.6905,0.0,0.0
59,42,1844.0715,0.0,0.0
59,43,2084.5975,0.0,0.0
59,44,1527.6056,0.0,0.0
59,45,1664.464,0.0,0.0
59,46,1522.4806,0.0,0.0
59,47,1286.0441,0.0,0.0
59,48,1318.2791,0.0,0.0
59,49,1728.2162,0.0,0.0
59,50,1511.0459,0.0,0.0
59,51,1278.3406,0.0,0.0
59,52,1150.42,0.0,0.0
59,53,1007.0198,0.0,0.0
59,54,878.3798,0.0,0.0
59,55,6073.8935,0.0,0.0
59,56,4983.3126,0.0,0.0
59,57,4150.3203,0.0,0.0
59,58,1527.1461,0.0,2.7991
59,59,4342.2386,0.0,0.0
60,1,85.408,0.0,0.9118
60,2,51.2952,0.0,0.0
60,3,2091.5068,0.0,0.0
60,4,974.6167,0.0,0.0
60,5,586.1896,0.0,0.0
60,6,364.6519,0.0,0.0
60,7,240.1139,0.0,0.0
60,8,174.3678,0.0,0.0
60,9,127.5308,0.0,0.0
60,10,95.4202,0.0,0.0
60,11,2470.602,0.0,0.0
60,12,1611.7831,0.0,0.0
60,13,1401.3191,0.0,0.0
60,14,1018.5098,0.0,0.0
60,15,743.2407,0.0,0.0
60,16,591.6752,0.0,0.0
60,17,464.5062,0.0,0.0
60,18,367.3163,0.0,0.0
60,19,4216.3998,0.0,0.0
60,20,3036.3662,0.0,0.0
60,21,2435.0889,0.0,0.0
60,22,2294.2857,0.0,0.0
60,23,2068.9809,0.0,0.0
60,24,1630.6018,0.0,0.0
60,25,1742.1942,0.0,0.0
60,26,1363.8456,0.0,0.0
60,27,1394.0822,0.0,0.0
60,28,1458.7399,0.0,0.0
60,29,1120.9931,0.0,0.0
60,30,1091.5722,0.0,0.0
60,31,1314.2306,0.0,0.0
60,32,1087.2533,0.0,0.0
60,33,877.0066,0.0,0.0
60,34,760.8949,0.0,0.0
60,35,643.4305,0.0,0.0
60,36,542.4383,0.0,0.0
60,37,4685.0846,0.0,0.0
60,38,3642.0492,0.0,0.0
60,39,3032.9183,0.0,0.0
60,40,2642.0526,0.0,0.0
60,41,2361.6974,0.0,0.0
60,42,1763.1139,0.0,0.0
60,43,1992.1534,0.0,0.0
60,44,1461.6458,0.0,0.0
60,45,1593.3696,0.0,0.0
60,46,1458.1671,0.0,0.0
60,47,1230.4969,0.0,0.0
60,48,1263.3482,0.0,0.0
60,49,1653.5039,0.0,0.0
60,50,1448.8711,0.0,0.0
60,51,1227.7455,0.0,0.0
60,52,1105.8143,0.0,0.0
60,53,968.7947,0.0,0.0
60,54,845.6703,0.0,0.0
60,55,5716.7999,0.0,0.0
60,56,4733.4185,0.0,0.0
60,57,3951.9956,0.0,0.0
60,58,1465.9695,0.0,2.7991
60,59,4125.9023,0.0,0.0
60,60,3924.4211,0.0,0.0
61,1,83.331,0.0,0.9118
61,2,50.0748,0.0,0.0
61,3,2031.274,0.0,0.0
61,4,949.1255,0.0,0.0
61,5,571.4113,0.0,0.0
61,6,355.6712,0.0,0.0
61,7,234.2913,0.0,0.0
61,8,170.1817,0.0,0.0
61,9,124.4946,0.0,0.0
61,10,93.1635,0.0,0.0
61,11,2399.8207,0.0,0.0
61,12,1568.9885,0.0,0.0
61,13,1364.8494,0.0,0.0
61,14,992.7507,0.0,0.0
61,15,724.8197,0.0,0.0
61,16,577.1696,0.0,0.0
61,17,453.2313,0.0,0.0
61,18,358.4721,0.0,0.0
61,19,4092.0575,0.0,0.0
61,20,2952.9794,0.0,0.0
61,21,2369.1244,0.0,0.0
61,22,2232.6503,0.0,0.0
61,23,2013.7194,0.0,0.0
61,24,1586.8512,0.0,0.0
61,25,1696.0441,0.0,0.0
61,26,1327.6064,0.0,0.0
61,27,1357.7395,0.0,0.0
61,28,1420.5045,0.0,0.0
61,29,1091.4214,0.0,0.0
61,30,1063.4898,0.0,0.0
61,31,1280.1762,0.0,0.0
61,32,1059.7536,0.0,0.0
61,33,855.2177,0.0,0.0
61,34,742.1649,0.0,0.0
61,35,627.7342,0.0,0.0
61,36,529.307,0.0,0.0
61,37,4547.072,0.0,0.0
61,38,3541.493,0.0,0.0
61,39,2950.9303,0.0,0.0
61,40,2571.4964,0.0,0.0
61,41,2299.0481,0.0,0.0
61,42,1716.8038,0.0,0.0
61,43,1939.6215,0.0,0.0
61,44,1423.5531,0.0,0.0
61,45,1552.0522,0.0,0.0
61,46,1420.5469,0.0,0.0
61,47,1198.4194,0.0,0.0
61,48,1230.9598,0.0,0.0
61,49,1610.4142,0.0,0.0
61,50,1411.9588,0.0,0.0
61,51,1197.0157,0.0,0.0
61,52,1078.3854,0.0,0.0
61,53,944.9814,0.0,0.0
61,54,825.0473,0.0,0.0
61,55,5547.49,0.0,0.0
61,56,4601.2171,0.0,0.0
61,57,3844.0367,0.0,0.0
61,58,1429.069,0.0,2.7991
61,59,4011.3635,0.0,0.0
61,60,3816.1118,0.0,0.0
61,61,3710.9375,0.0,0.0
62,1,81.4123,0.0,0.9118
62,2,48.9406,0.0,0.0
62,3,1976.6955,0.0,0.0
62,4,925.8158,0.0,0.0
62,5,557.838,0.0,0.0
62,6,347.3921,0.0,0.0
62,7,228.9065,0.0,0.0
62,8,166.3004,0.0,0.0
62,9,121.6727,0.0,0.0
62,10,91.0614,0.0,0.0
62,11,2335.6474,0.0,0.0
62,12,1529.912,0.0,0.0
62,13,1331.4786,0.0,0.0
62,14,969.1026,0.0,0.0
62,15,707.8604,0.0,0.0
62,16,563.789,0.0,0.0
62,17,442.8095,0.0,0.0
62,18,350.2812,0.0,0.0
62,19,3979.6309,0.0,0.0
62,20,2877.068,0.0,0.0
62,21,2308.9962,0.0,0.0
62,22,2176.4184,0.0,0.0
62,23,1963.2723,0.0,0.0
62,24,1546.9195,0.0,0.0
62,25,1653.8773,0.0,0.0
62,26,1294.4951,0.0,0.0
62,27,1324.477,0.0,0.0
62,28,1385.5313,0.0,0.0
62,29,1064.3798,0.0,0.0
62,30,1037.749,0.0,0.0
62,31,1248.9915,0.0,0.0
62,32,1034.5024,0.0,0.0
62,33,835.1622,0.0,0.0
62,34,724.8987,0.0,0.0
62,35,613.2405,0.0,0.0
62,36,517.1617,0.0,0.0
62,37,4422.2696,0.0,0.0
62,38,3449.9906,0.0,0.0
62,39,2876.1716,0.0,0.0
62,40,2507.0805,0.0,0.0
62,41,2241.8085,0.0,0.0
62,42,1674.436,0.0,0.0
62,43,1891.5883,0.0,0.0
62,44,1388.6668,0.0,0.0
62,45,1514.2016,0.0,0.0
62,46,1386.0622,0.0,0.0
62,47,1169.036,0.0,0.0
62,48,1201.2473,0.0,0.0
62,49,1570.9643,0.0,0.0
62,50,1378.083,0.0,0.0
62,51,1168.7524,0.0,0.0
62,52,1053.1255,0.0,0.0
62,53,923.0194,0.0,0.0
62,54,806.0002,0.0,0.0
62,55,5394.4846,0.0,0.0
62,56,4481.0449,0.0,0.0
62,57,3745.6921,0.0,0.0
62,58,1395.1471,0.0,2.7991
62,59,3907.1923,0.0,0.0
62,60,3717.5407,0.0,0.0
62,61,3615.2067,0.0,0.0
62,62,3522.0508,0.0,0.0
63,1,79.7138,0.0,0.9118
63,2,47.9365,0.0,0.0
63,3,1928.081,0.0,0.0
63,4,905.1101,0.0,0.0
63,5,545.8015,0.0,0.0
63,6,340.058,0.0,0.0
63,7,224.1383,0.0,0.0
63,8,162.8638,0.0,0.0
63,9,119.1734,0.0,0.0
63,10,89.1988,0.0,0.0
63,11,2278.4898,0.0,0.0
63,12,1495.1792,0.0,0.0
63,13,1301.8438,0.0,0.0
63,14,948.1288,0.0,0.0
63,15,692.8338,0.0,0.0
63,16,551.939,0.0,0.0
63,17,433.5831,0.0,0.0
63,18,343.0307,0.0,0.0
63,19,3879.4729,0.0,0.0
63,20,2809.5233,0.0,0.0
63,21,2255.5157,0.0,0.0
63,22,2126.419,0.0,0.0
63,23,1918.4254,0.0,0.0
63,24,1511.4156,0.0,0.0
63,25,1616.4023,0.0,0.0
63,26,1265.0643,0.0,0.0
63,27,1294.9313,0.0,0.0
63,28,1354.4595,0.0,0.0
63,29,1040.349,0.0,0.0
63,30,1014.8959,0.0,0.0
63,31,1221.303,0.0,0.0
63,32,1012.1053,0.0,0.0
63,33,817.3888,0.0,0.0
63,34,709.6039,0.0,0.0
63,35,600.4064,0.0,0.0
63,36,506.4098,0.0,0.0
63,37,4311.0961,0.0,0.0
63,38,3368.5646,0.0,0.0
63,39,2809.6885,0.0,0.0
63,40,2449.8188,0.0,0.0
63,41,2190.9387,0.0,0.0
63,42,1636.7956,0.0,0.0
63,43,1848.9097,0.0,0.0
63,44,1357.681,0.0,0.0
63,45,1480.5878,0.0,0.0
63,46,1355.4425,0.0,0.0
63,47,1142.9352,0.0,0.0
63,48,1174.8699,0.0,0.0
63,49,1535.9254,0.0,0.0
63,50,1348.0216,0.0,0.0
63,51,1143.6919,0.0,0.0
63,52,1030.738,0.0,0.0
63,53,903.563,0.0,0.0
63,54,789.132,0.0,0.0
63,55,5258.2068,0.0,0.0
63,56,4374.0826,0.0,0.0
63,57,3658.212,0.0,0.0
63,58,1365.0615,0.0,2.7991
63,59,3814.4921,0.0,0.0
63,60,3629.8268,0.0,0.0
63,61,3530.0228,0.0,0.0
63,62,3439.1601,0.0,0.0
63,63,3358.3122,0.0,0.0
64,1,64.188,0.0,0.9118
64,2,39.5786,0.0,0.0
64,3,1407.7335,0.0,0.0
64,4,689.9287,0.0,0.0
64,5,426.4897,0.0,0.0
64,6,270.9183,0.0,0.0
64,7,181.2581,0.0,0.0
64,8,133.1438,0.0,0.0
64,9,98.3573,0.0,0.0
64,10,74.1912,0.0,0.0
64,11,1667.3895,0.0,0.0
64,12,1130.8198,0.0,0.0
64,13,996.7924,0.0,0.0
64,14,739.02,0.0,0.0
64,15,548.3633,0.0,0.0
64,16,441.2303,0.0,0.0
64,17,350.0369,0.0,0.0
64,18,279.3515,0.0,0.0
64,19,2817.6333,0.0,0.0
64,20,2094.5326,0.0,0.0
64,21,1691.7052,0.0,0.0
64,22,1602.8927,0.0,0.0
64,23,1450.7174,0.0,0.0
64,24,1142.7015,0.0,0.0
64,25,1228.0426,0.0,0.0
64,26,961.56,0.0,0.0
64,27,992.0673,0.0,0.0
64,28,1034.1932,0.0,0.0
64,29,793.8763,0.0,0.0
64,30,783.5114,0.0,0.0
64,31,939.3652,0.0,0.0
64,32,789.6369,0.0,0.0
64,33,645.9849,0.0,0.0
64,34,565.2991,0.0,0.0
64,35,482.3172,0.0,0.0
64,36,409.9803,0.0,0.0
64,37,3135.9242,0.0,0.0
64,38,2507.7589,0.0,0.0
64,39,2113.2076,0.0,0.0
64,40,1854.4837,0.0,0.0
64,41,1665.4372,0.0,0.0
64,42,1253.073,0.0,0.0
64,43,1411.6759,0.0,0.0
64,44,1045.0617,0.0,0.0
64,45,1140.4525,0.0,0.0
64,46,1047.1279,0.0,0.0
64,47,880.5313,0.0,0.0
64,48,911.0796,0.0,0.0
64,49,1179.972,0.0,0.0
64,50,1048.0976,0.0,0.0
64,51,899.5162,0.0,0.0
64,52,816.3047,0.0,0.0
64,53,720.9847,0.0,0.0
64,54,634.2163,0.0,0.0
64,55,3823.8426,0.0,0.0
64,56,3243.6561,0.0,0.0
64,57,2740.5478,0.0,0.0
64,58,1070.9597,0.0,2.7991
64,59,2838.1357,0.0,0.0
64,60,2705.6826,0.0,0.0
64,61,2632.6657,0.0,0.0
64,62,2566.0607,0.0,0.0
64,63,2506.8352,0.0,0.0
64,64,1891.6719,0.0,0.0
65,1,70.1794,0.0,0.9118
65,2,42.3679,0.0,0.0
65,3,1802.3852,0.0,0.0
65,4,808.4866,0.0,0.0
65,5,482.7977,0.0,0.0
65,6,299.8469,0.0,0.0
65,7,197.6234,0.0,0.0
65,8,143.7754,0.0,0.0
65,9,105.397,0.0,0.0
65,10,79.0484,0.0,0.0
65,11,2124.0831,0.0,0.0
65,12,1343.3651,0.0,0.0
65,13,1162.156,0.0,0.0
65,14,839.1776,0.0,0.0
65,15,610.8318,0.0,0.0
65,16,486.2319,0.0,0.0
65,17,381.9584,0.0,0.0
65,18,302.4149,0.0,0.0
65,19,3687.6305,0.0,0.0
65,20,2564.1443,0.0,0.0
65,21,2045.4927,0.0,0.0
65,22,1922.8302,0.0,0.0
65,23,1730.989,0.0,0.0
65,24,1368.0049,0.0,0.0
65,25,1454.1614,0.0,0.0
65,26,1140.8713,0.0,0.0
65,27,1157.9011,0.0,0.0
65,28,1213.2014,0.0,0.0
65,29,935.7544,0.0,0.0
65,30,903.5991,0.0,0.0
65,31,1090.0939,0.0,0.0
65,32,896.4651,0.0,0.0
65,33,721.2042,0.0,0.0
65,34,625.448,0.0,0.0
65,35,528.9381,0.0,0.0
65,36,446.2084,0.0,0.0
65,37,4098.5678,0.0,0.0
65,38,3083.9899,0.0,0.0
65,39,2548.5911,0.0,0.0
65,40,2211.4907,0.0,0.0
65,41,1973.5648,0.0,0.0
65,42,1470.5265,0.0,0.0
65,43,1663.1347,0.0,0.0
65,44,1217.3511,0.0,0.0
65,45,1323.5223,0.0,0.0
65,46,1209.6847,0.0,0.0
65,47,1025.6835,0.0,0.0
65,48,1046.5789,0.0,0.0
65,49,1375.6067,0.0,0.0
65,50,1197.5597,0.0,0.0
65,51,1011.2975,0.0,0.0
65,52,909.9127,0.0,0.0
65,53,796.6995,0.0,0.0
65,54,695.435,0.0,0.0
65,55,5022.6967,0.0,0.0
65,56,4030.091,0.0,0.0
65,57,3335.7435,0.0,0.0
65,58,1209.6287,0.0,2.7991
65,59,3507.1716,0.0,0.0
65,60,3325.0797,0.0,0.0
65,61,3231.3241,0.0,0.0
65,62,3146.174,0.0,0.0
65,63,3070.3853,0.0,0.0
65,64,2276.2532,0.0,0.0
65,65,2851.6677,0.0,0.0
66,1,67.958,0.0,0.9118
66,2,41.1622,0.0,0.0
66,3,1720.7353,0.0,0.0
66,4,775.7718,0.0,0.0
66,5,465.2439,0.0,0.0
66,6,289.8455,0.0,0.0
66,7,191.455,0.0,0.0
66,8,139.4937,0.0,0.0
66,9,102.3811,0.0,0.0
66,10,76.8557,0.0,0.0
66,11,2027.8568,0.0,0.0
66,12,1287.2471,0.0,0.0
66,13,1116.0341,0.0,0.0
66,14,808.3322,0.0,0.0
66,15,589.8941,0.0,0.0
66,16,470.2977,0.0,0.0
66,17,369.9833,0.0,0.0
66,18,293.2905,0.0,0.0
66,19,3526.9705,0.0,0.0
66,20,2451.7734,0.0,0.0
66,21,1957.4581,0.0,0.0
66,22,1841.5883,0.0,0.0
66,23,1658.7019,0.0,0.0
66,24,1310.7538,0.0,0.0
66,25,1394.4853,0.0,0.0
66,26,1094.0016,0.0,0.0
66,27,1111.8174,0.0,0.0
66,28,1164.2755,0.0,0.0
66,29,897.8373,0.0,0.0
66,30,868.7577,0.0,0.0
66,31,1047.564,0.0,0.0
66,32,863.586,0.0,0.0
66,33,696.276,0.0,0.0
66,34,604.6048,0.0,0.0
66,35,511.9716,0.0,0.0
66,36,432.3893,0.0,0.0
66,37,3921.6962,0.0,0.0
66,38,2948.5688,0.0,0.0
66,39,2440.1762,0.0,0.0
66,40,2119.4908,0.0,0.0
66,41,1892.7858,0.0,0.0
66,42,1411.7363,0.0,0.0
66,43,1596.2074,0.0,0.0
66,44,1169.6785,0.0,0.0
66,45,1271.8937,0.0,0.0
66,46,1163.0374,0.0,0.0
66,47,985.5697,0.0,0.0
66,48,1006.8382,0.0,0.0
66,49,1321.5257,0.0,0.0
66,50,1152.7975,0.0,0.0
66,51,975.4435,0.0,0.0
66,52,878.6753,0.0,0.0
66,53,770.2908,0.0,0.0
66,54,673.1394,0.0,0.0
66,55,4812.3323,0.0,0.0
66,56,3852.2949,0.0,0.0
66,57,3192.4039,0.0,0.0
66,58,1166.1633,0.0,2.7991
66,59,3355.8765,0.0,0.0
66,60,3179.9629,0.0,0.0
66,61,3090.4072,0.0,0.0
66,62,3009.0778,0.0,0.0
66,63,2936.7065,0.0,0.0
66,64,2181.0675,0.0,0.0
66,65,2729.9739,0.0,0.0
66,66,2617.331,0.0,0.0
67,1,72.2203,0.0,0.9118
67,2,43.5711,0.0,0.0
67,3,1704.9679,0.0,0.0
67,4,811.3688,0.0,0.0
67,5,491.8875,0.0,0.0
67,6,307.5198,0.0,0.0
67,7,203.1554,0.0,0.0
67,8,147.8355,0.0,0.0
67,9,108.3076,0.0,0.0
67,10,81.1416,0.0,0.0
67,11,2016.3392,0.0,0.0
67,12,1337.4783,0.0,0.0
67,13,1167.9358,0.0,0.0
67,14,854.074,0.0,0.0
67,15,625.9394,0.0,0.0
67,16,499.4576,0.0,0.0
67,17,392.9385,0.0,0.0
67,18,311.2487,0.0,0.0
67,19,3419.516,0.0,0.0
67,20,2501.4164,0.0,0.0
67,21,2012.0352,0.0,0.0
67,22,1899.2044,0.0,0.0
67,23,1714.8635,0.0,0.0
67,24,1350.2932,0.0,0.0
67,25,1446.602,0.0,0.0
67,26,1131.771,0.0,0.0
67,27,1161.4905,0.0,0.0
67,28,1213.9348,0.0,0.0
67,29,931.6793,0.0,0.0
67,30,912.0082,0.0,0.0
67,31,1096.445,0.0,0.0
67,32,911.7223,0.0,0.0
67,33,738.2129,0.0,0.0
67,34,641.7452,0.0,0.0
67,35,543.7162,0.0,0.0
67,36,459.1205,0.0,0.0
67,37,3800.8304,0.0,0.0
67,38,2997.0212,0.0,0.0
67,39,2507.3572,0.0,0.0
67,40,2190.0272,0.0,0.0
67,41,1960.5194,0.0,0.0
67,42,1466.8017,0.0,0.0
67,43,1655.9466,0.0,0.0
67,44,1218.0651,0.0,0.0
67,45,1329.1426,0.0,0.0
67,46,1217.6582,0.0,0.0
67,47,1025.3902,0.0,0.0
67,48,1056.3718,0.0,0.0
67,49,1377.8901,0.0,0.0
67,50,1213.1043,0.0,0.0
67,51,1031.8071,0.0,0.0
67,52,931.1239,0.0,0.0
67,53,817.322,0.0,0.0
67,54,714.6477,0.0,0.0
67,55,4632.8428,0.0,0.0
67,56,3885.5093,0.0,0.0
67,57,3259.9132,0.0,0.0
67,58,1230.5989,0.0,2.7991
67,59,3391.5411,0.0,0.0
67,60,3229.8168,0.0,0.0
67,61,3141.6098,0.0,0.0
67,62,3061.2537,0.0,0.0
67,63,2989.766,0.0,0.0
67,64,2237.9026,0.0,0.0
67,65,2724.3602,0.0,0.0
67,66,2606.5136,0.0,0.0
67,67,2664.1668,0.0,0.0
68,1,70.7154,0.0,0.9118
68,2,42.6658,0.0,0.0
68,3,1664.77,0.0,0.0
68,4,793.6877,0.0,0.0
68,5,481.4385,0.0,0.0
68,6,301.0692,0.0,0.0
68,7,198.9185,0.0,0.0
68,8,144.7587,0.0,0.0
68,9,106.0552,0.0,0.0
68,10,79.4539,0.0,0.0
68,11,1968.9928,0.0,0.0
68,12,1307.9814,0.0,0.0
68,13,1142.5656,0.0,0.0
68,14,835.8969,0.0,0.0
68,15,612.7809,0.0,0.0
68,16,489.0107,0.0,0.0
68,17,384.7496,0.0,0.0
68,18,304.7748,0.0,0.0
68,19,3337.2227,0.0,0.0
68,20,2444.6758,0.0,0.0
68,21,1966.905,0.0,0.0
68,22,1856.8743,0.0,0.0
68,23,1676.8129,0.0,0.0
68,24,1320.1912,0.0,0.0
68,25,1414.7048,0.0,0.0
68,26,1106.7246,0.0,0.0
68,27,1136.1897,0.0,0.0
68,28,1187.3873,0.0,0.0
68,29,911.1707,0.0,0.0
68,30,892.3332,0.0,0.0
68,31,1072.6768,0.0,0.0
68,32,892.3017,0.0,0.0
68,33,722.6654,0.0,0.0
68,34,628.2934,0.0,0.0
68,35,532.3641,0.0,0.0
68,36,449.5592,0.0,0.0
68,37,3709.4297,0.0,0.0
68,38,2928.7164,0.0,0.0
68,39,2451.1775,0.0,0.0
68,40,2141.4202,0.0,0.0
68,41,1917.2203,0.0,0.0
68,42,1434.613,0.0,0.0
68,43,1619.5186,0.0,0.0
68,44,1191.4716,0.0,0.0
68,45,1300.2637,0.0,0.0
68,46,1191.2962,0.0,0.0
68,47,1002.9797,0.0,0.0
68,48,1033.6009,0.0,0.0
68,49,1347.8497,0.0,0.0
68,50,1187.104,0.0,0.0
68,51,1009.9583,0.0,0.0
68,52,911.5137,0.0,0.0
68,53,800.1918,0.0,0.0
68,54,699.7231,0.0,0.0
68,55,4520.9645,0.0,0.0
68,56,3796.0924,0.0,0.0
68,57,3186.2327,0.0,0.0
68,58,1204.4185,0.0,2.7991
68,59,3313.8879,0.0,0.0
68,60,3156.1992,0.0,0.0
68,61,3070.0842,0.0,0.0
68,62,2991.6275,0.0,0.0
68,63,2921.831,0.0,0.0
68,64,2187.7803,0.0,0.0
68,65,2661.1461,0.0,0.0
68,66,2546.1249,0.0,0.0
68,67,2603.9653,0.0,0.0
68,68,2545.1713,0.0,0.0
69,1,69.3791,0.0,0.9118
69,2,41.8727,0.0,0.0
69,3,1627.0951,0.0,0.0
69,4,777.4602,0.0,0.0
69,5,471.986,0.0,0.0
69,6,295.3014,0.0,0.0
69,7,195.163,0.0,0.0
69,8,142.0478,0.0,0.0
69,9,104.08,0.0,0.0
69,10,77.9788,0.0,0.0
69,11,1924.6593,0.0,0.0
69,12,1280.7911,0.0,0.0
69,13,1119.3391,0.0,0.0
69,14,819.428,0.0,0.0
69,15,600.9701,0.0,0.0
69,16,479.6909,0.0,0.0
69,17,377.4873,0.0,0.0
69,18,299.0622,0.0,0.0
69,19,3259.9368,0.0,0.0
69,20,2391.9954,0.0,0.0
69,21,1925.1263,0.0,0.0
69,22,1817.7881,0.0,0.0
69,23,1641.7354,0.0,0.0
69,24,1292.4384,0.0,0.0
69,25,1385.3712,0.0,0.0
69,26,1083.6957,0.0,0.0
69,27,1113.0259,0.0,0.0
69,28,1163.0369,0.0,0.0
69,29,892.3516,0.0,0.0
69,30,874.3961,0.0,0.0
69,31,1050.9705,0.0,0.0
69,32,874.7132,0.0,0.0
69,33,708.695,0.0,0.0
69,34,616.2658,0.0,0.0
69,35,522.2655,0.0,0.0
69,36,441.0932,0.0,0.0
69,37,3623.6511,0.0,0.0
69,38,2865.2613,0.0,0.0
69,39,2399.2487,0.0,0.0
69,40,2096.64,0.0,0.0
69,41,1877.4174,0.0,0.0
69,42,1405.1352,0.0,0.0
69,43,1586.11,0.0,0.0
69,44,1167.1878,0.0,0.0
69,45,1273.9026,0.0,0.0
69,46,1167.2707,0.0,0.0
69,47,982.521,0.0,0.0
69,48,1012.8904,0.0,0.0
69,49,1320.3887,0.0,0.0
69,50,1163.4988,0.0,0.0
69,51,990.2588,0.0,0.0
69,52,893.908,0.0,0.0
69,53,784.8841,0.0,0.0
69,54,686.4452,0.0,0.0
69,55,4415.9694,0.0,0.0
69,56,3712.8812,0.0,0.0
69,57,3118.0001,0.0,0.0
69,58,1180.7776,0.0,2.7991
69,59,3241.7266,0.0,0.0
69,60,3087.8489,0.0,0.0
69,61,3003.6922,0.0,0.0
69,62,2927.0118,0.0,0.0
69,63,2858.7977,0.0,0.0
69,64,2141.5264,0.0,0.0
69,65,2602.3122,0.0,0.0
69,66,2489.9643,0.0,0.0
69,67,2548.1802,0.0,0.0
69,68,2490.6989,0.0,0.0
69,69,2437.4539,0.0,0.0
70,1,68.4949,0.0,0.9118
70,2,41.2866,0.0,0.0
70,3,1612.7581,0.0,0.0
70,4,769.3983,0.0,0.0
70,5,466.6099,0.0,0.0
70,6,291.6817,0.0,0.0
70,7,192.6324,0.0,0.0
70,8,140.13,0.0,0.0
70,9,102.6251,0.0,0.0
70,10,76.8581,0.0,0.0
70,11,1907.5332,0.0,0.0
70,12,1267.8866,0.0,0.0
70,13,1107.5215,0.0,0.0
70,14,810.1845,0.0,0.0
70,15,593.7911,0.0,0.0
70,16,473.739,0.0,0.0
70,17,372.6267,0.0,0.0
70,18,295.0836,0.0,0.0
70,19,3231.7117,0.0,0.0
70,20,2369.0958,0.0,0.0
70,21,1906.2802,0.0,0.0
70,22,1799.6377,0.0,0.0
70,23,1625.143,0.0,0.0
70,24,1279.3493,0.0,0.0
70,25,1371.1198,0.0,0.0
70,26,1072.4959,0.0,0.0
70,27,1101.2182,0.0,0.0
70,28,1150.8553,0.0,0.0
70,29,882.9919,0.0,0.0
70,30,864.8546,0.0,0.0
70,31,1039.6601,0.0,0.0
70,32,864.7996,0.0,0.0
70,33,700.2718,0.0,0.0
70,34,608.7174,0.0,0.0
70,35,515.6649,0.0,0.0
70,36,435.3535,0.0,0.0
70,37,3592.0465,0.0,0.0
70,38,2837.9423,0.0,0.0
70,39,2375.4679,0.0,0.0
70,40,2075.3417,0.0,0.0
70,41,1858.0353,0.0,0.0
70,42,1390.2059,0.0,0.0
70,43,1569.4426,0.0,0.0
70,44,1154.5209,0.0,0.0
70,45,1260.0764,0.0,0.0
70,46,1154.4639,0.0,0.0
70,47,971.8093,0.0,0.0
70,48,1001.6214,0.0,0.0
70,49,1306.2023,0.0,0.0
70,50,1150.4571,0.0,0.0
70,51,978.6871,0.0,0.0
70,52,883.1919,0.0,0.0
70,53,775.2091,0.0,0.0
70,54,677.7544,0.0,0.0
70,55,4377.4766,0.0,0.0
70,56,3677.9606,0.0,0.0
70,57,3087.5154,0.0,0.0
70,58,1167.0799,0.0,2.7991
70,59,3210.8489,0.0,0.0
70,60,3058.2277,0.0,0.0
70,61,2974.8238,0.0,0.0
70,62,2898.8349,0.0,0.0
70,63,2831.2344,0.0,0.0
70,64,2119.9794,0.0,0.0
70,65,2577.8005,0.0,0.0
70,66,2466.3583,0.0,0.0
70,67,2523.363,0.0,0.0
70,68,2466.4143,0.0,0.0
70,69,2413.6514,0.0,0.0
70,70,2390.1227,0.0,0.0
71,1,58.6519,0.0,0.9118
71,2,35.9516,0.0,0.0
71,3,1294.7583,0.0,0.0
71,4,634.5881,0.0,0.0
71,5,391.4652,0.0,0.0
71,6,247.9557,0.0,0.0
71,7,165.4184,0.0,0.0
71,8,121.2148,0.0,0.0
71,9,89.3405,0.0,0.0
71,10,67.2575,0.0,0.0
71,11,1533.2675,0.0,0.0
71,12,1040.1825,0.0,0.0
71,13,916.3824,0.0,0.0
71,14,678.5541,0.0,0.0
71,15,502.5517,0.0,0.0
71,16,403.6718,0.0,0.0
71,17,319.6286,0.0,0.0
71,18,254.5979,0.0,0.0
71,19,2592.1299,0.0,0.0
71,20,1925.5453,0.0,0.0
71,21,1555.3939,0.0,0.0
71,22,1473.4091,0.0,0.0
71,23,1333.4027,0.0,0.0
71,24,1049.6142,0.0,0.0
71,25,1128.5309,0.0,0.0
71,26,883.0217,0.0,0.0
71,27,911.415,0.0,0.0
71,28,950.3278,0.0,0.0
71,29,728.8926,0.0,0.0
71,30,719.5241,0.0,0.0
71,31,862.9139,0.0,0.0
71,32,724.7513,0.0,0.0
71,33,592.0587,0.0,0.0
71,34,517.4576,0.0,0.0
71,35,440.8428,0.0,0.0
71,36,374.1402,0.0,0.0
71,37,2884.7585,0.0,0.0
71,38,2304.8558,0.0,0.0
71,39,1942.1387,0.0,0.0
71,40,1704.044,0.0,0.0
71,41,1529.9721,0.0,0.0
71,42,1150.1604,0.0,0.0
71,43,1296.2701,0.0,0.0
71,44,958.6992,0.0,0.0
71,45,1046.7597,0.0,0.0
71,46,960.9128,0.0,0.0
71,47,807.4406,0.0,0.0
71,48,835.831,0.0,0.0
71,49,1083.3008,0.0,0.0
71,50,961.8402,0.0,0.0
71,51,824.6964,0.0,0.0
71,52,747.7579,0.0,0.0
71,53,659.7049,0.0,0.0
71,54,579.5911,0.0,0.0
71,55,3519.5236,0.0,0.0
71,56,2980.6436,0.0,0.0
71,57,2518.2192,0.0,0.0
71,58,981.7531,0.0,2.7991
71,59,2608.9193,0.0,0.0
71,60,2486.1931,0.0,0.0
71,61,2419.1164,0.0,0.0
71,62,2357.9439,0.0,0.0
71,63,2303.554,0.0,0.0
71,64,1737.6565,0.0,0.0
71,65,2091.938,0.0,0.0
71,66,2005.9243,0.0,0.0
71,67,2056.531,0.0,0.0
71,68,2010.5203,0.0,0.0
71,69,1968.0474,0.0,0.0
71,70,1948.3102,0.0,0.0
71,71,1597.4796,0.0,0.0
72,1,58.8504,0.0,0.9118
72,2,36.5749,0.0,0.0
72,3,1177.2268,0.0,0.0
72,4,607.5859,0.0,0.0
72,5,383.5084,0.0,0.0
72,6,246.6826,0.0,0.0
72,7,166.2472,0.0,0.0
72,8,122.5913,0.0,0.0
72,9,90.7784,0.0,0.0
72,10,68.5505,0.0,0.0
72,11,1398.1254,0.0,0.0
72,12,987.5239,0.0,0.0
72,13,880.7902,0.0,0.0
72,14,663.3314,0.0,0.0
72,15,497.7015,0.0,0.0
72,16,402.7947,0.0,0.0
72,17,321.1145,0.0,0.0
72,18,257.1651,0.0,0.0
72,19,2330.0562,0.0,0.0
72,20,1797.1024,0.0,0.0
72,21,1461.9589,0.0,0.0
72,22,1391.9848,0.0,0.0
72,23,1263.866,0.0,0.0
72,24,993.6282,0.0,0.0
72,25,1074.7287,0.0,0.0
72,26,840.4537,0.0,0.0
72,27,875.4336,0.0,0.0
72,28,909.8407,0.0,0.0
72,29,696.4283,0.0,0.0
72,30,696.2135,0.0,0.0
72,31,832.3249,0.0,0.0
72,32,708.6971,0.0,0.0
72,33,585.425,0.0,0.0
72,34,514.8784,0.0,0.0
72,35,441.3377,0.0,0.0
72,36,376.5287,0.0,0.0
72,37,2596.4033,0.0,0.0
72,38,2146.404,0.0,0.0
72,39,1829.7515,0.0,0.0
72,40,1616.4737,0.0,0.0
72,41,1457.2492,0.0,0.0
72,42,1102.5669,0.0,0.0
72,43,1239.5201,0.0,0.0
72,44,923.4198,0.0,0.0
72,45,1009.7527,0.0,0.0
72,46,929.4676,0.0,0.0
72,47,777.7995,0.0,0.0
72,48,811.204,0.0,0.0
72,49,1042.2993,0.0,0.0
72,50,936.6361,0.0,0.0
72,51,811.4869,0.0,0.0
72,52,740.0669,0.0,0.0
72,53,656.8171,0.0,0.0
72,54,580.1377,0.0,0.0
72,55,3160.6446,0.0,0.0
72,56,2760.9094,0.0,0.0
72,57,2360.9186,0.0,0.0
72,58,963.4773,0.0,2.7991
72,59,2424.0491,0.0,0.0
72,60,2317.0514,0.0,0.0
72,61,2256.0584,0.0,0.0
72,62,2200.2906,0.0,0.0
72,63,2150.7417,0.0,0.0
72,64,1640.6567,0.0,0.0
72,65,1930.9949,0.0,0.0
72,66,1852.9581,0.0,0.0
72,67,1926.5925,0.0,0.0
72,68,1884.3048,0.0,0.0
72,69,1845.505,0.0,0.0
72,70,1826.2149,0.0,0.0
72,71,1507.2441,0.0,0.0
72,72,1441.2394,0.0,0.0
73,1,54.4015,0.0,0.9118
73,2,34.2834,0.0,0.0
73,3,1027.3577,0.0,0.0
73,4,544.4355,0.0,0.0
73,5,348.6285,0.0,0.0
73,6,226.7159,0.0,0.0
73,7,154.0696,0.0,0.0
73,8,114.2967,0.0,0.0
73,9,85.0814,0.0,0.0
73,10,64.5238,0.0,0.0
73,11,1222.0335,0.0,0.0
73,12,880.8469,0.0,0.0
73,13,791.4135,0.0,0.0
73,14,602.1347,0.0,0.0
73,15,455.697,0.0,0.0
73,16,370.8723,0.0,0.0
73,17,297.2839,0.0,0.0
73,18,239.2291,0.0,0.0
73,19,2026.6698,0.0,0.0
73,20,1589.4883,0.0,0.0
73,21,1297.7826,0.0,0.0
73,22,1239.5033,0.0,0.0
73,23,1127.5812,0.0,0.0
73,24,886.588,0.0,0.0
73,25,961.5194,0.0,0.0
73,26,752.3104,0.0,0.0
73,27,787.0327,0.0,0.0
73,28,816.3455,0.0,0.0
73,29,624.8408,0.0,0.0
73,30,628.6741,0.0,0.0
73,31,749.9776,0.0,0.0
73,32,643.7301,0.0,0.0
73,33,535.6015,0.0,0.0
73,34,473.1685,0.0,0.0
73,35,407.4691,0.0,0.0
73,36,349.1305,0.0,0.0
73,37,2260.84,0.0,0.0
73,38,1896.9799,0.0,0.0
73,39,1627.267,0.0,0.0
73,40,1443.1973,0.0,0.0
73,41,1304.3213,0.0,0.0
73,42,991.1657,0.0,0.0
73,43,1112.4511,0.0,0.0
73,44,832.8191,0.0,0.0
73,45,910.8426,0.0,0.0
73,46,839.8351,0.0,0.0
73,47,701.9284,0.0,0.0
73,48,734.5659,0.0,0.0
73,49,938.7702,0.0,0.0
73,50,849.2579,0.0,0.0
73,51,740.5101,0.0,0.0
73,52,677.943,0.0,0.0
73,53,604.1918,0.0,0.0
73,54,535.7773,0.0,0.0
73,55,2751.6509,0.0,0.0
73,56,2434.4207,0.0,0.0
73,57,2094.8531,0.0,0.0
73,58,878.1098,0.0,2.7991
73,59,2141.7667,0.0,0.0
73,60,2049.6125,0.0,0.0
73,61,1996.2879,0.0,0.0
73,62,1947.4669,0.0,0.0
73,63,1904.1085,0.0,0.0
73,64,1462.3131,0.0,0.0
73,65,1702.6705,0.0,0.0
73,66,1635.5752,0.0,0.0
73,67,1708.4912,0.0,0.0
73,68,1671.311,0.0,0.0
73,69,1637.3225,0.0,0.0
73,70,1619.771,0.0,0.0
73,71,1342.8697,0.0,0.0
73,72,1292.5836,0.0,0.0
73,73,1163.8241,0.0,0.0
74,1,46.4813,0.0,0.9118
74,2,29.8206,0.0,0.0
74,3,842.4123,0.0,0.0
74,4,451.9861,0.0,0.0
74,5,292.9015,0.0,0.0
74,6,192.5984,0.0,0.0
74,7,132.141,0.0,0.0
74,8,98.7666,0.0,0.0
74,9,74.0309,0.0,0.0
74,10,56.4767,0.0,0.0
74,11,1002.9508,0.0,0.0
74,12,729.3352,0.0,0.0
74,13,658.7471,0.0,0.0
74,14,505.189,0.0,0.0
74,15,385.4109,0.0,0.0
74,16,315.5632,0.0,0.0
74,17,254.5287,0.0,0.0
74,18,206.0286,0.0,0.0
74,19,1664.4321,0.0,0.0
74,20,1311.7641,0.0,0.0
74,21,1072.805,0.0,0.0
74,22,1026.9214,0.0,0.0
74,23,935.3859,0.0,0.0
74,24,736.5063,0.0,0.0
74,25,799.1758,0.0,0.0
74,26,626.338,0.0,0.0
74,27,656.226,0.0,0.0
74,28,679.6314,0.0,0.0
74,29,521.0822,0.0,0.0
74,30,525.8894,0.0,0.0
74,31,626.2203,0.0,0.0
74,32,540.6984,0.0,0.0
74,33,452.7837,0.0,0.0
74,34,401.8429,0.0,0.0
74,35,347.7963,0.0,0.0
74,36,299.488,0.0,0.0
74,37,1858.7683,0.0,0.0
74,38,1565.9413,0.0,0.0
74,39,1347.8163,0.0,0.0
74,40,1198.3202,0.0,0.0
74,41,1085.0878,0.0,0.0
74,42,827.8625,0.0,0.0
74,43,927.7407,0.0,0.0
74,44,697.6346,0.0,0.0
74,45,762.266,0.0,0.0
74,46,703.7619,0.0,0.0
74,47,588.7029,0.0,0.0
74,48,616.641,0.0,0.0
74,49,784.7096,0.0,0.0
74,50,712.9494,0.0,0.0
74,51,624.901,0.0,0.0
74,52,574.1584,0.0,0.0
74,53,513.8315,0.0,0.0
74,54,457.5853,0.0,0.0
74,55,2263.9013,0.0,0.0
74,56,2008.7751,0.0,0.0
74,57,1733.9129,0.0,0.0
74,58,740.6863,0.0,2.7991
74,59,1769.4139,0.0,0.0
74,60,1693.8988,0.0,0.0
74,61,1650.0004,0.0,0.0
74,62,1609.7798,0.0,0.0
74,63,1574.0661,0.0,0.0
74,64,1214.4448,0.0,0.0
74,65,1407.839,0.0,0.0
74,66,1353.3433,0.0,0.0
74,67,1413.2821,0.0,0.0
74,68,1382.5761,0.0,0.0
74,69,1354.5779,0.0,0.0
74,70,1339.7711,0.0,0.0
74,71,1114.3056,0.0,0.0
74,72,1076.3807,0.0,0.0
74,73,971.9524,0.0,0.0
74,74,814.3622,0.0,0.0
75,1,47.4814,0.0,0.9118
75,2,30.5492,0.0,0.0
75,3,840.3029,0.0,0.0
75,4,456.8687,0.0,0.0
75,5,297.6936,0.0,0.0
75,6,196.4073,0.0,0.0
75,7,135.0406,0.0,0.0
75,8,101.0669,0.0,0.0
75,9,75.8337,0.0,0.0
75,10,57.897,0.0,0.0
75,11,1001.1833,0.0,0.0
75,12,735.6553,0.0,0.0
75,13,666.5308,0.0,0.0
75,14,513.2145,0.0,0.0
75,15,392.6604,0.0,0.0
75,16,322.0022,0.0,0.0
75,17,260.0805,0.0,0.0
75,18,210.7497,0.0,0.0
75,19,1656.3829,0.0,0.0
75,20,1317.2961,0.0,0.0
75,21,1079.3168,0.0,0.0
75,22,1034.5489,0.0,0.0
75,23,943.1423,0.0,0.0
75,24,742.3839,0.0,0.0
75,25,806.7845,0.0,0.0
75,26,632.2088,0.0,0.0
75,27,663.8871,0.0,0.0
75,28,687.0143,0.0,0.0
75,29,526.4859,0.0,0.0
75,30,532.9962,0.0,0.0
75,31,634.1662,0.0,0.0
75,32,549.3281,0.0,0.0
75,33,461.1531,0.0,0.0
75,34,409.8108,0.0,0.0
75,35,355.1378,0.0,0.0
75,36,306.1306,0.0,0.0
75,37,1850.6131,0.0,0.0
75,38,1571.6863,0.0,0.0
75,39,1356.8533,0.0,0.0
75,40,1208.4737,0.0,0.0
75,41,1095.4282,0.0,0.0
75,42,837.0708,0.0,0.0
75,43,937.5301,0.0,0.0
75,44,706.2358,0.0,0.0
75,45,771.9567,0.0,0.0
75,46,713.1846,0.0,0.0
75,47,595.998,0.0,0.0
75,48,625.4199,0.0,0.0
75,49,794.2301,0.0,0.0
75,50,723.6726,0.0,0.0
75,51,635.8161,0.0,0.0
75,52,584.927,0.0,0.0
75,53,524.1275,0.0,0.0
75,54,467.2642,0.0,0.0
75,55,2253.5037,0.0,0.0
75,56,2013.474,0.0,0.0
75,57,1743.3791,0.0,0.0
75,58,753.1369,0.0,2.7991
75,59,1775.3357,0.0,0.0
75,60,1700.5706,0.0,0.0
75,61,1656.7768,0.0,0.0
75,62,1616.6266,0.0,0.0
75,63,1580.9835,0.0,0.0
75,64,1223.4224,0.0,0.0
75,65,1410.5904,0.0,0.0
75,66,1356.7115,0.0,0.0
75,67,1420.7081,0.0,0.0
75,68,1389.9934,0.0,0.0
75,69,1362.0334,0.0,0.0
75,70,1346.9951,0.0,0.0
75,71,1122.5706,0.0,0.0
75,72,1087.6931,0.0,0.0
75,73,983.7591,0.0,0.0
75,74,824.9615,0.0,0.0
75,75,836.331,0.0,0.0
76,1,43.5027,0.0,0.9118
76,2,28.3546,0.0,0.0
76,3,731.9234,0.0,0.0
76,4,407.1646,0.0,0.0
76,5,268.7304,0.0,0.0
76,6,179.0563,0.0,0.0
76,7,124.051,0.0,0.0
76,8,93.3597,0.0,0.0
76,9,70.3954,0.0,0.0
76,10,53.9642,0.0,0.0
76,11,873.3589,0.0,0.0
76,12,653.075,0.0,0.0
76,13,595.5628,0.0,0.0
76,14,462.684,0.0,0.0
76,15,356.7088,0.0,0.0
76,16,294.0021,0.0,0.0
76,17,238.6415,0.0,0.0
76,18,194.2314,0.0,0.0
76,19,1439.662,0.0,0.0
76,20,1161.2618,0.0,0.0
76,21,954.4533,0.0,0.0
76,22,917.469,0.0,0.0
76,23,837.8455,0.0,0.0
76,24,659.8204,0.0,0.0
76,25,718.5059,0.0,0.0
76,26,563.5059,0.0,0.0
76,27,593.7533,0.0,0.0
76,28,613.3513,0.0,0.0
76,29,470.2553,0.0,0.0
76,30,478.5375,0.0,0.0
76,31,568.2251,0.0,0.0
76,32,495.6146,0.0,0.0
76,33,418.6892,0.0,0.0
76,34,373.559,0.0,0.0
76,35,325.0694,0.0,0.0
76,36,281.3019,0.0,0.0
76,37,1610.3754,0.0,0.0
76,38,1384.8254,0.0,0.0
76,39,1202.1044,0.0,0.0
76,40,1074.3491,0.0,0.0
76,41,976.0842,0.0,0.0
76,42,748.9418,0.0,0.0
76,43,837.5275,0.0,0.0
76,44,633.7886,0.0,0.0
76,45,692.6754,0.0,0.0
76,46,640.8968,0.0,0.0
76,47,535.2869,0.0,0.0
76,48,563.1205,0.0,0.0
76,49,711.6973,0.0,0.0
76,50,652.1135,0.0,0.0
76,51,576.1075,0.0,0.0
76,52,531.7823,0.0,0.0
76,53,478.2557,0.0,0.0
76,54,427.8724,0.0,0.0
76,55,1961.0192,0.0,0.0
76,56,1770.7984,0.0,0.0
76,57,1541.6747,0.0,0.0
76,58,681.7868,0.0,2.7991
76,59,1564.3082,0.0,0.0
76,60,1499.8732,0.0,0.0
76,61,1461.6315,0.0,0.0
76,62,1426.5281,0.0,0.0
76,63,1395.3763,0.0,0.0
76,64,1086.4242,0.0,0.0
76,65,1241.3205,0.0,0.0
76,66,1195.0783,0.0,0.0
76,67,1255.6728,0.0,0.0
76,68,1228.7111,0.0,0.0
76,69,1204.2523,0.0,0.0
76,70,1190.6528,0.0,0.0
76,71,996.3644,0.0,0.0
76,72,970.8013,0.0,0.0
76,73,881.0938,0.0,0.0
76,74,740.9559,0.0,0.0
76,75,752.1571,0.0,0.0
76,76,678.5278,0.0,0.0
77,1,40.1928,0.0,0.9118
77,2,26.4936,0.0,0.0
77,3,649.2225,0.0,0.0
77,4,367.6819,0.0,0.0
77,5,245.2381,0.0,0.0
77,6,164.7586,0.0,0.0
77,7,114.8874,0.0,0.0
77,8,86.8793,0.0,0.0
77,9,65.7904,0.0,0.0
77,10,50.6159,0.0,0.0
77,11,775.6337,0.0,0.0
77,12,587.9487,0.0,0.0
77,13,538.9992,0.0,0.0
77,14,421.7839,0.0,0.0
77,15,327.2304,0.0,0.0
77,16,270.8551,0.0,0.0
77,17,220.7763,0.0,0.0
77,18,180.3711,0.0,0.0
77,19,1275.5198,0.0,0.0
77,20,1039.8993,0.0,0.0
77,21,856.7886,0.0,0.0
77,22,825.5125,0.0,0.0
77,23,754.9193,0.0,0.0
77,24,594.8728,0.0,0.0
77,25,648.7085,0.0,0.0
77,26,509.2181,0.0,0.0
77,27,537.8946,0.0,0.0
77,28,554.8479,0.0,0.0
77,29,425.6788,0.0,0.0
77,30,434.8792,0.0,0.0
77,31,515.5051,0.0,0.0
77,32,452.1256,0.0,0.0
77,33,383.9265,0.0,0.0
77,34,343.6833,0.0,0.0
77,35,300.1178,0.0,0.0
77,36,260.5672,0.0,0.0
77,37,1428.2493,0.0,0.0
77,38,1239.7351,0.0,0.0
77,39,1080.834,0.0,0.0
77,40,968.6488,0.0,0.0
77,41,881.7101,0.0,0.0
77,42,678.8718,0.0,0.0
77,43,758.1834,0.0,0.0
77,44,575.9452,0.0,0.0
77,45,629.2909,0.0,0.0
77,46,582.9622,0.0,0.0
77,47,486.8131,0.0,0.0
77,48,513.0376,0.0,0.0
77,49,645.8629,0.0,0.0
77,50,594.4049,0.0,0.0
77,51,527.4681,0.0,0.0
77,52,488.2319,0.0,0.0
77,53,440.4247,0.0,0.0
77,54,395.1889,0.0,0.0
77,55,1739.4992,0.0,0.0
77,56,1583.1333,0.0,0.0
77,57,1384.2225,0.0,0.0
77,58,623.8114,0.0,2.7991
77,59,1400.6813,0.0,0.0
77,60,1343.9514,0.0,0.0
77,61,1309.9454,0.0,0.0
77,62,1278.6986,0.0,0.0
77,63,1250.9767,0.0,0.0
77,64,978.8704,0.0,0.0
77,65,1110.6969,0.0,0.0
77,66,1070.1912,0.0,0.0
77,67,1126.9388,0.0,0.0
77,68,1102.8614,0.0,0.0
77,69,1081.0811,0.0,0.0
77,70,1068.646,0.0,0.0
77,71,897.2915,0.0,0.0
77,72,878.0575,0.0,0.0
77,73,799.1686,0.0,0.0
77,74,673.7075,0.0,0.0
77,75,684.5855,0.0,0.0
77,76,619.1148,0.0,0.0
77,77,566.066,0.0,0.0
78,1,33.7374,0.0,0.9118
78,2,22.655,0.0,0.0
78,3,523.2922,0.0,0.0
78,4,300.1624,0.0,0.0
78,5,202.5408,0.0,0.0
78,6,137.5762,0.0,0.0
78,7,96.8658,0.0,0.0
78,8,73.8183,0.0,0.0
78,9,56.3053,0.0,0.0
78,10,43.593,0.0,0.0
78,11,625.9625,0.0,0.0
78,12,478.8535,0.0,0.0
78,13,441.2014,0.0,0.0
78,14,347.8817,0.0,0.0
78,15,271.9872,0.0,0.0
78,16,226.471,0.0,0.0
78,17,185.7464,0.0,0.0
78,18,152.6567,0.0,0.0
78,19,1029.9899,0.0,0.0
78,20,844.4387,0.0,0.0
78,21,696.9272,0.0,0.0
78,22,673.0527,0.0,0.0
78,23,616.3066,0.0,0.0
78,24,486.5216,0.0,0.0
78,25,530.6527,0.0,0.0
78,26,417.4314,0.0,0.0
78,27,441.4021,0.0,0.0
78,28,454.6295,0.0,0.0
78,29,349.5803,0.0,0.0
78,30,358.0126,0.0,0.0
78,31,423.4292,0.0,0.0
78,32,373.4298,0.0,0.0
78,33,319.0409,0.0,0.0
78,34,286.8703,0.0,0.0
78,35,251.7482,0.0,0.0
78,36,219.6552,0.0,0.0
78,37,1154.7638,0.0,0.0
78,38,1007.0623,0.0,0.0
78,39,880.9993,0.0,0.0
78,40,791.5544,0.0,0.0
78,41,721.934,0.0,0.0
78,42,558.2389,0.0,0.0
78,43,622.4222,0.0,0.0
78,44,475.0715,0.0,0.0
78,45,518.4595,0.0,0.0
78,46,480.9389,0.0,0.0
78,47,402.1915,0.0,0.0
78,48,424.039,0.0,0.0
78,49,531.4442,0.0,0.0
78,50,491.0109,0.0,0.0
78,51,437.8209,0.0,0.0
78,52,406.6185,0.0,0.0
78,53,368.2592,0.0,0.0
78,54,331.7904,0.0,0.0
78,55,1407.1724,0.0,0.0
78,56,1285.4322,0.0,0.0
78,57,1127.5157,0.0,0.0
78,58,517.6857,0.0,2.7991
78,59,1138.8994,0.0,0.0
78,60,1093.2462,0.0,0.0
78,61,1065.705,0.0,0.0
78,62,1040.3742,0.0,0.0
78,63,1017.9032,0.0,0.0
78,64,800.3534,0.0,0.0
78,65,903.9594,0.0,0.0
78,66,871.5845,0.0,0.0
78,67,917.6041,0.0,0.0
78,68,898.0272,0.0,0.0
78,69,880.3643,0.0,0.0
78,70,870.0367,0.0,0.0
78,71,732.9185,0.0,0.0
78,72,719.5752,0.0,0.0
78,73,656.8212,0.0,0.0
78,74,555.6297,0.0,0.0
78,75,565.0264,0.0,0.0
78,76,512.4269,0.0,0.0
78,77,469.6664,0.0,0.0
78,78,391.1448,0.0,0.0
79,1,31.6431,0.0,0.9118
79,2,21.4057,0.0,0.0
79,3,482.712,0.0,0.0
79,4,278.4874,0.0,0.0
79,5,188.7859,0.0,0.0
79,6,128.7843,0.0,0.0
79,7,91.021,0.0,0.0
79,8,69.5772,0.0,0.0
79,9,53.2258,0.0,0.0
79,10,41.3166,0.0,0.0
79,11,577.755,0.0,0.0
79,12,443.8491,0.0,0.0
79,13,409.7864,0.0,0.0
79,14,324.0925,0.0,0.0
79,15,254.1496,0.0,0.0
79,16,212.1039,0.0,0.0
79,17,174.3808,0.0,0.0
79,18,143.6486,0.0,0.0
79,19,950.6218,0.0,0.0
79,20,781.6044,0.0,0.0
79,21,645.575,0.0,0.0
79,22,624.0693,0.0,0.0
79,23,571.7746,0.0,0.0
79,24,451.6799,0.0,0.0
79,25,492.7268,0.0,0.0
79,26,387.9196,0.0,0.0
79,27,410.4068,0.0,0.0
79,28,422.4478,0.0,0.0
79,29,325.1198,0.0,0.0
79,30,333.3177,0.0,0.0
79,31,393.8227,0.0,0.0
79,32,348.0922,0.0,0.0
79,33,298.1013,0.0,0.0
79,34,268.5,0.0,0.0
79,35,236.0765,0.0,0.0
79,36,206.3756,0.0,0.0
79,37,1066.3289,0.0,0.0
79,38,932.2055,0.0,0.0
79,39,816.7465,0.0,0.0
79,40,734.6152,0.0,0.0
79,41,670.5517,0.0,0.0
79,42,519.41,0.0,0.0
79,43,578.7461,0.0,0.0
79,44,442.5921,0.0,0.0
79,45,482.8089,0.0,0.0
79,46,448.1216,0.0,0.0
79,47,374.9486,0.0,0.0
79,48,395.4149,0.0,0.0
79,49,494.6536,0.0,0.0
79,50,457.7529,0.0,0.0
79,51,408.9427,0.0,0.0
79,52,380.2911,0.0,0.0
79,53,344.9408,0.0,0.0
79,54,311.27,0.0,0.0
79,55,1299.5975,0.0,0.0
79,56,1189.5405,0.0,0.0
79,57,1044.8996,0.0,0.0
79,58,483.4831,0.0,2.7991
79,59,1054.6339,0.0,0.0
79,60,1012.5735,0.0,0.0
79,61,987.1216,0.0,0.0
79,62,963.7021,0.0,0.0
79,63,942.9274,0.0,0.0
79,64,742.9192,0.0,0.0
79,65,837.2921,0.0,0.0
79,66,807.5421,0.0,0.0
79,67,850.2954,0.0,0.0
79,68,832.1718,0.0,0.0
79,69,815.8376,0.0,0.0
79,70,806.1903,0.0,0.0
79,71,680.0731,0.0,0.0
79,72,668.62,0.0,0.0
79,73,611.0386,0.0,0.0
79,74,517.6083,0.0,0.0
79,75,526.537,0.0,0.0
79,76,478.0672,0.0,0.0
79,77,438.6083,0.0,0.0
79,78,365.8247,0.0,0.0
79,79,342.3526,0.0,0.0
80,1,32.6475,0.0,0.9118
80,2,22.0837,0.0,0.0
80,3,487.402,0.0,0.0
80,4,285.0617,0.0,0.0
80,5,194.1615,0.0,0.0
80,6,132.7317,0.0,0.0
80,7,93.8836,0.0,0.0
80,8,71.776,0.0,0.0
80,9,54.9023,0.0,0.0
80,10,42.6085,0.0,0.0
80,11,583.796,0.0,0.0
80,12,453.3596,0.0,0.0
80,13,419.8384,0.0,0.0
80,14,333.2167,0.0,0.0
80,15,261.8584,0.0,0.0
80,16,218.7185,0.0,0.0
80,17,179.9124,0.0,0.0
80,18,148.2325,0.0,0.0
80,19,957.3617,0.0,0.0
80,20,794.6585,0.0,0.0
80,21,657.5917,0.0,0.0
80,22,636.521,0.0,0.0
80,23,583.6657,0.0,0.0
80,24,460.8509,0.0,0.0
80,25,503.554,0.0,0.0
80,26,396.2999,0.0,0.0
80,27,420.2552,0.0,0.0
80,28,432.2741,0.0,0.0
80,29,332.434,0.0,0.0
80,30,341.871,0.0,0.0
80,31,403.7059,0.0,0.0
80,32,357.8455,0.0,0.0
80,33,307.0371,0.0,0.0
80,34,276.7697,0.0,0.0
80,35,243.496,0.0,0.0
80,36,212.9356,0.0,0.0
80,37,1074.4128,0.0,0.0
80,38,947.2011,0.0,0.0
80,39,832.4222,0.0,0.0
80,40,749.9824,0.0,0.0
80,41,685.2385,0.0,0.0
80,42,531.4562,0.0,0.0
80,43,591.9216,0.0,0.0
80,44,453.2802,0.0,0.0
80,45,494.7186,0.0,0.0
80,46,459.4282,0.0,0.0
80,47,383.9518,0.0,0.0
80,48,405.6607,0.0,0.0
80,49,506.6451,0.0,0.0
80,50,470.085,0.0,0.0
80,51,420.7932,0.0,0.0
80,52,391.674,0.0,0.0
80,53,355.5497,0.0,0.0
80,54,321.0251,0.0,0.0
80,55,1309.2921,0.0,0.0
80,56,1207.0341,0.0,0.0
80,57,1063.6276,0.0,0.0
80,58,497.153,0.0,2.7991
80,59,1071.2093,0.0,0.0
80,60,1029.0835,0.0,0.0
80,61,1003.3846,0.0,0.0
80,62,979.7232,0.0,0.0
80,63,958.7397,0.0,0.0
80,64,757.5631,0.0,0.0
80,65,849.2266,0.0,0.0
80,66,819.5261,0.0,0.0
80,67,865.2963,0.0,0.0
80,68,846.9485,0.0,0.0
80,69,830.4419,0.0,0.0
80,70,820.5356,0.0,0.0
80,71,693.5479,0.0,0.0
80,72,683.9195,0.0,0.0
80,73,625.9201,0.0,0.0
80,74,530.5169,0.0,0.0
80,75,540.0504,0.0,0.0
80,76,490.8531,0.0,0.0
80,77,450.6821,0.0,0.0
80,78,376.0096,0.0,0.0
80,79,351.935,0.0,0.0
80,80,362.0755,0.0,0.0
81,1,45.5659,0.0,0.9118
81,2,29.3832,0.0,0.0
81,3,841.562,0.0,0.0
81,4,445.099,0.0,0.0
81,5,287.4346,0.0,0.0
81,6,188.9137,0.0,0.0
81,7,129.7759,0.0,0.0
81,8,97.1887,0.0,0.0
81,9,73.0353,0.0,0.0
81,10,55.8782,0.0,0.0
81,11,1001.3499,0.0,0.0
81,12,719.8428,0.0,0.0
81,13,648.5037,0.0,0.0
81,14,495.8892,0.0,0.0
81,15,377.8606,0.0,0.0
81,16,309.4057,0.0,0.0
81,17,249.7152,0.0,0.0
81,18,202.3639,0.0,0.0
81,19,1669.9732,0.0,0.0
81,20,1301.2325,0.0,0.0
81,21,1062.1257,0.0,0.0
81,22,1015.6676,0.0,0.0
81,23,924.5054,0.0,0.0
81,24,728.7526,0.0,0.0
81,25,789.1704,0.0,0.0
81,26,619.1214,0.0,0.0
81,27,646.8845,0.0,0.0
81,28,670.3436,0.0,0.0
81,29,514.7803,0.0,0.0
81,30,517.7713,0.0,0.0
81,31,616.5392,0.0,0.0
81,32,531.0148,0.0,0.0
81,33,444.1316,0.0,0.0
81,34,394.0893,0.0,0.0
81,35,341.1542,0.0,0.0
81,36,293.9464,0.0,0.0
81,37,1864.6164,0.0,0.0
81,38,1554.7036,0.0,0.0
81,39,1334.1432,0.0,0.0
81,40,1184.3558,0.0,0.0
81,41,1071.6858,0.0,0.0
81,42,817.1388,0.0,0.0
81,43,915.9493,0.0,0.0
81,44,688.3361,0.0,0.0
81,45,751.4117,0.0,0.0
81,46,693.4942,0.0,0.0
81,47,581.274,0.0,0.0
81,48,607.456,0.0,0.0
81,49,773.8833,0.0,0.0
81,50,701.3354,0.0,0.0
81,51,613.7965,0.0,0.0
81,52,563.6633,0.0,0.0
81,53,504.3185,0.0,0.0
81,54,449.1573,0.0,0.0
81,55,2272.4078,0.0,0.0
81,56,1997.7665,0.0,0.0
81,57,1718.793,0.0,0.0
81,58,728.0207,0.0,2.7991
81,59,1758.4731,0.0,0.0
81,60,1682.1281,0.0,0.0
81,61,1638.2173,0.0,0.0
81,62,1598.0083,0.0,0.0
81,63,1562.2939,0.0,0.0
81,64,1202.5229,0.0,0.0
81,65,1402.6627,0.0,0.0
81,66,1347.9037,0.0,0.0
81,67,1401.3832,0.0,0.0
81,68,1370.7449,0.0,0.0
81,69,1342.7654,0.0,0.0
81,70,1328.1907,0.0,0.0
81,71,1103.0932,0.0,0.0
81,72,1061.996,0.0,0.0
81,73,957.833,0.0,0.0
81,74,802.6285,0.0,0.0
81,75,812.4971,0.0,0.0
81,76,729.2402,0.0,0.0
81,77,662.7909,0.0,0.0
81,78,546.9172,0.0,0.0
81,79,509.6146,0.0,0.0
81,80,521.9091,0.0,0.0
81,81,792.2378,0.0,0.0
82,1,45.1786,0.0,0.9118
82,2,29.3963,0.0,0.0
82,3,770.4985,0.0,0.0
82,4,425.9877,0.0,0.0
82,5,280.1714,0.0,0.0
82,6,186.2235,0.0,0.0
82,7,128.8243,0.0,0.0
82,8,96.8801,0.0,0.0
82,9,73.0285,0.0,0.0
82,10,55.9909,0.0,0.0
82,11,919.1257,0.0,0.0
82,12,684.1011,0.0,0.0
82,13,622.7134,0.0,0.0
82,14,482.5881,0.0,0.0
82,15,371.2939,0.0,0.0
82,16,305.6389,0.0,0.0
82,17,247.8141,0.0,0.0
82,18,201.533,0.0,0.0
82,19,1516.4193,0.0,0.0
82,20,1218.7009,0.0,0.0
82,21,1000.8602,0.0,0.0
82,22,961.3718,0.0,0.0
82,23,877.5655,0.0,0.0
82,24,691.0834,0.0,0.0
82,25,752.1156,0.0,0.0
82,26,589.8085,0.0,0.0
82,27,620.8744,0.0,0.0
82,28,641.6764,0.0,0.0
82,29,491.9976,0.0,0.0
82,30,499.9322,0.0,0.0
82,31,593.7385,0.0,0.0
82,32,516.8932,0.0,0.0
82,33,435.9281,0.0,0.0
82,34,388.5373,0.0,0.0
82,35,337.7683,0.0,0.0
82,36,292.0472,0.0,0.0
82,37,1695.6909,0.0,0.0
82,38,1453.4745,0.0,0.0
82,39,1259.8691,0.0,0.0
82,40,1124.9617,0.0,0.0
82,41,1021.4733,0.0,0.0
82,42,782.9906,0.0,0.0
82,43,875.9582,0.0,0.0
82,44,662.1675,0.0,0.0
82,45,723.7046,0.0,0.0
82,46,669.3882,0.0,0.0
82,47,559.271,0.0,0.0
82,48,587.9368,0.0,0.0
82,49,743.8797,0.0,0.0
82,50,680.5752,0.0,0.0
82,51,600.3714,0.0,0.0
82,52,553.6826,0.0,0.0
82,53,497.4872,0.0,0.0
82,54,444.7007,0.0,0.0
82,55,2064.6687,0.0,0.0
82,56,1859.4085,0.0,0.0
82,57,1616.4677,0.0,0.0
82,58,710.6289,0.0,2.7991
82,59,1641.9885,0.0,0.0
82,60,1573.9763,0.0,0.0
82,61,1533.7469,0.0,0.0
82,62,1496.8291,0.0,0.0
82,63,1464.0624,0.0,0.0
82,64,1138.0979,0.0,0.0
82,65,1303.4316,0.0,0.0
82,66,1254.5335,0.0,0.0
82,67,1317.0177,0.0,0.0
82,68,1288.6907,0.0,0.0
82,69,1262.9662,0.0,0.0
82,70,1248.7891,0.0,0.0
82,71,1043.9034,0.0,0.0
82,72,1015.4887,0.0,0.0
82,73,920.8305,0.0,0.0
82,74,773.8526,0.0,0.0
82,75,785.2945,0.0,0.0
82,76,707.9009,0.0,0.0
82,77,645.547,0.0,0.0
82,78,534.0207,0.0,0.0
82,79,498.1301,0.0,0.0
82,80,511.3145,0.0,0.0
82,81,761.9648,0.0,0.0
82,82,738.8156,0.0,0.0
83,1,42.2419,0.0,0.9118
83,2,27.9329,0.0,0.0
83,3,661.5278,0.0,0.0
83,4,381.0307,0.0,0.0
83,5,256.0537,0.0,0.0
83,6,172.7831,0.0,0.0
83,7,120.7993,0.0,0.0
83,8,91.4934,0.0,0.0
83,9,69.3689,0.0,0.0
83,10,53.4204,0.0,0.0
83,11,791.0868,0.0,0.0
83,12,607.6008,0.0,0.0
83,13,559.4336,0.0,0.0
83,14,440.1343,0.0,0.0
83,15,342.7788,0.0,0.0
83,16,284.2948,0.0,0.0
83,17,232.1219,0.0,0.0
83,18,189.8756,0.0,0.0
83,19,1296.6253,0.0,0.0
83,20,1068.6331,0.0,0.0
83,21,882.5153,0.0,0.0
83,22,851.8855,0.0,0.0
83,23,779.9336,0.0,0.0
83,24,614.4509,0.0,0.0
83,25,671.3055,0.0,0.0
83,26,526.9321,0.0,0.0
83,27,558.174,0.0,0.0
83,28,575.1487,0.0,0.0
83,29,441.0551,0.0,0.0
83,30,452.3678,0.0,0.0
83,31,535.7013,0.0,0.0
83,32,471.8376,0.0,0.0
83,33,401.992,0.0,0.0
83,34,360.4735,0.0,0.0
83,35,315.2774,0.0,0.0
83,36,274.0755,0.0,0.0
83,37,1452.9418,0.0,0.0
83,38,1273.237,0.0,0.0
83,39,1114.3977,0.0,0.0
83,40,1001.0315,0.0,0.0
83,41,912.482,0.0,0.0
83,42,704.0713,0.0,0.0
83,43,785.7517,0.0,0.0
83,44,598.2792,0.0,0.0
83,45,653.9337,0.0,0.0
83,46,606.3128,0.0,0.0
83,47,505.7574,0.0,0.0
83,48,534.1714,0.0,0.0
83,49,670.7354,0.0,0.0
83,50,619.5827,0.0,0.0
83,51,551.5605,0.0,0.0
83,52,511.3976,0.0,0.0
83,53,462.0834,0.0,0.0
83,54,415.2011,0.0,0.0
83,55,1769.639,0.0,0.0
83,56,1623.474,0.0,0.0
83,57,1425.1223,0.0,0.0
83,58,651.7126,0.0,2.7991
83,59,1438.2615,0.0,0.0
83,60,1380.9451,0.0,0.0
83,61,1346.2674,0.0,0.0
83,62,1314.3784,0.0,0.0
83,63,1286.0963,0.0,0.0
83,64,1010.386,0.0,0.0
83,65,1139.0166,0.0,0.0
83,66,1098.311,0.0,0.0
83,67,1159.7774,0.0,0.0
83,68,1135.1424,0.0,0.0
83,69,1112.9109,0.0,0.0
83,70,1099.941,0.0,0.0
83,71,926.1291,0.0,0.0
83,72,909.8154,0.0,0.0
83,73,829.8285,0.0,0.0
83,74,700.4395,0.0,0.0
83,75,712.417,0.0,0.0
83,76,645.3765,0.0,0.0
83,77,590.8505,0.0,0.0
83,78,490.7234,0.0,0.0
83,79,458.4726,0.0,0.0
83,80,471.5231,0.0,0.0
83,81,688.5655,0.0,0.0
83,82,672.6904,0.0,0.0
83,83,617.5296,0.0,0.0
84,1,40.7106,0.0,0.9118
84,2,27.2118,0.0,0.0
84,3,607.3151,0.0,0.0
84,4,357.4603,0.0,0.0
84,5,243.3057,0.0,0.0
84,6,165.7327,0.0,0.0
84,7,116.6615,0.0,0.0
84,8,88.7736,0.0,0.0
84,9,67.5672,0.0,0.0
84,10,52.1881,0.0,0.0
84,11,727.2631,0.0,0.0
84,12,567.8072,0.0,0.0
84,13,526.26,0.0,0.0
84,14,417.6844,0.0,0.0
84,15,327.7136,0.0,0.0
84,16,273.0995,0.0,0.0
84,17,223.985,0.0,0.0
84,18,183.9223,0.0,0.0
84,19,1189.1902,0.0,0.0
84,20,992.2125,0.0,0.0
84,21,821.7825,0.0,0.0
84,22,795.5384,0.0,0.0
84,23,729.5657,0.0,0.0
84,24,575.1731,0.0,0.0
84,25,629.481,0.0,0.0
84,26,494.5914,0.0,0.0
84,27,525.4979,0.0,0.0
84,28,540.5327,0.0,0.0
84,29,414.7869,0.0,0.0
84,30,427.4616,0.0,0.0
84,31,505.36,0.0,0.0
84,32,448.0822,0.0,0.0
84,33,384.0853,0.0,0.0
84,34,345.7266,0.0,0.0
84,35,303.5448,0.0,0.0
84,36,264.7978,0.0,0.0
84,37,1334.3692,0.0,0.0
84,38,1181.8604,0.0,0.0
84,39,1039.8622,0.0,0.0
84,40,937.2036,0.0,0.0
84,41,856.2398,0.0,0.0
84,42,663.3608,0.0,0.0
84,43,739.1957,0.0,0.0
84,44,565.3141,0.0,0.0
84,45,617.6998,0.0,0.0
84,46,573.5099,0.0,0.0
84,47,478.2336,0.0,0.0
84,48,506.1686,0.0,0.0
84,49,632.7833,0.0,0.0
84,50,587.6097,0.0,0.0
84,51,525.8728,0.0,0.0
84,52,489.164,0.0,0.0
84,53,443.53,0.0,0.0
84,54,399.8335,0.0,0.0
84,55,1626.0419,0.0,0.0
84,56,1504.7607,0.0,0.0
84,57,1327.7397,0.0,0.0
84,58,620.8548,0.0,2.7991
84,59,1335.4309,0.0,0.0
84,60,1283.2336,0.0,0.0
84,61,1251.2879,0.0,0.0
84,62,1221.8775,0.0,0.0
84,63,1195.8046,0.0,0.0
84,64,945.157,0.0,0.0
84,65,1056.9864,0.0,0.0
84,66,1020.279,0.0,0.0
84,67,1079.6889,0.0,0.0
84,68,1056.8831,0.0,0.0
84,69,1036.3788,0.0,0.0
84,70,1024.0338,0.0,0.0
84,71,865.803,0.0,0.0
84,72,855.0439,0.0,0.0
84,73,782.4802,0.0,0.0
84,74,662.382,0.0,0.0
84,75,674.498,0.0,0.0
84,76,612.7772,0.0,0.0
84,77,562.31,0.0,0.0
84,78,468.2525,0.0,0.0
84,79,437.9271,0.0,0.0
84,80,450.8074,0.0,0.0
84,81,650.7429,0.0,0.0
84,82,638.2251,0.0,0.0
84,83,588.6188,0.0,0.0
84,84,562.6011,0.0,0.0
85,1,38.0468,0.0,0.9118
85,2,25.8071,0.0,0.0
85,3,535.6521,0.0,0.0
85,4,323.154,0.0,0.0
85,5,223.3971,0.0,0.0
85,6,153.9883,0.0,0.0
85,7,109.3618,0.0,0.0
85,8,83.7437,0.0,0.0
85,9,64.0797,0.0,0.0
85,10,49.7043,0.0,0.0
85,11,642.5599,0.0,0.0
85,12,511.0472,0.0,0.0
85,13,477.3816,0.0,0.0
85,14,382.8914,0.0,0.0
85,15,303.1717,0.0,0.0
85,16,254.1899,0.0,0.0
85,17,209.6951,0.0,0.0
85,18,173.0668,0.0,0.0
85,19,1048.6754,0.0,0.0
85,20,886.7938,0.0,0.0
85,21,736.8768,0.0,0.0
85,22,715.8242,0.0,0.0
85,23,657.77,0.0,0.0
85,24,519.228,0.0,0.0
85,25,569.185,0.0,0.0
85,26,447.9412,0.0,0.0
85,27,477.4046,0.0,0.0
85,28,490.0296,0.0,0.0
85,29,376.545,0.0,0.0
85,30,390.0545,0.0,0.0
85,31,460.1323,0.0,0.0
85,32,411.1914,0.0,0.0
85,33,355.0899,0.0,0.0
85,34,321.1572,0.0,0.0
85,35,283.3626,0.0,0.0
85,36,248.3169,0.0,0.0
85,37,1178.7843,0.0,0.0
85,38,1056.1781,0.0,0.0
85,39,934.928,0.0,0.0
85,40,845.9589,0.0,0.0
85,41,775.0077,0.0,0.0
85,42,603.5186,0.0,0.0
85,43,671.2092,0.0,0.0
85,44,516.1807,0.0,0.0
85,45,563.6134,0.0,0.0
85,46,524.1716,0.0,0.0
85,47,437.1628,0.0,0.0
85,48,463.6316,0.0,0.0
85,49,576.4869,0.0,0.0
85,50,538.5713,0.0,0.0
85,51,485.0366,0.0,0.0
85,52,452.9726,0.0,0.0
85,53,412.4929,0.0,0.0
85,54,373.396,0.0,0.0
85,55,1437.5237,0.0,0.0
85,56,1342.7557,0.0,0.0
85,57,1191.8004,0.0,0.0
85,58,572.1988,0.0,2.7991
85,59,1194.1552,0.0,0.0
85,60,1148.4879,0.0,0.0
85,61,1120.1674,0.0,0.0
85,62,1094.058,0.0,0.0
85,63,1070.9219,0.0,0.0
85,64,852.6306,0.0,0.0
85,65,945.045,0.0,0.0
85,66,913.3371,0.0,0.0
85,67,968.2587,0.0,0.0
85,68,947.9202,0.0,0.0
85,69,929.7163,0.0,0.0
85,70,918.3442,0.0,0.0
85,71,780.3151,0.0,0.0
85,72,775.2337,0.0,0.0
85,73,712.2888,0.0,0.0
85,74,605.2413,0.0,0.0
85,75,617.1068,0.0,0.0
85,76,562.588,0.0,0.0
85,77,517.7285,0.0,0.0
85,78,432.6488,0.0,0.0
85,79,405.1802,0.0,0.0
85,80,417.4737,0.0,0.0
85,81,594.3497,0.0,0.0
85,82,585.4314,0.0,0.0
85,83,542.8744,0.0,0.0
85,84,520.5872,0.0,0.0
85,85,483.6536,0.0,0.0
86,1,35.275,0.0,0.9118
86,2,24.2886,0.0,0.0
86,3,471.2994,0.0,0.0
86,4,290.4079,0.0,0.0
86,5,203.6621,0.0,0.0
86,6,141.9946,0.0,0.0
86,7,101.734,0.0,0.0
86,8,78.3993,0.0,0.0
86,9,60.3208,0.0,0.0
86,10,46.997,0.0,0.0
86,11,566.3047,0.0,0.0
86,12,457.5207,0.0,0.0
86,13,430.407,0.0,0.0
86,14,348.5324,0.0,0.0
86,15,278.3441,0.0,0.0
86,16,234.7563,0.0,0.0
86,17,194.7778,0.0,0.0
86,18,161.5778,0.0,0.0
86,19,923.4896,0.0,0.0
86,20,789.4651,0.0,0.0
86,21,657.8209,0.0,0.0
86,22,641.0689,0.0,0.0
86,23,590.1365,0.0,0.0
86,24,466.5786,0.0,0.0
86,25,512.0069,0.0,0.0
86,26,403.7162,0.0,0.0
86,27,431.2543,0.0,0.0
86,28,441.8052,0.0,0.0
86,29,340.1029,0.0,0.0
86,30,353.7569,0.0,0.0
86,31,416.4072,0.0,0.0
86,32,374.7378,0.0,0.0
86,33,325.8468,0.0,0.0
86,34,296.0591,0.0,0.0
86,35,262.4678,0.0,0.0
86,36,231.0392,0.0,0.0
86,37,1039.8788,0.0,0.0
86,38,940.3766,0.0,0.0
86,39,836.8244,0.0,0.0
86,40,759.8686,0.0,0.0
86,41,697.9075,0.0,0.0
86,42,546.1762,0.0,0.0
86,43,606.2881,0.0,0.0
86,44,468.7527,0.0,0.0
86,45,511.337,0.0,0.0
86,46,476.2913,0.0,0.0
86,47,397.5123,0.0,0.0
86,48,422.1393,0.0,0.0
86,49,522.2524,0.0,0.0
86,50,490.4574,0.0,0.0
86,51,444.2351,0.0,0.0
86,52,416.4038,0.0,0.0
86,53,380.7463,0.0,0.0
86,54,346.034,0.0,0.0
86,55,1269.1514,0.0,0.0
86,56,1194.2553,0.0,0.0
86,57,1065.3886,0.0,0.0
86,58,523.7999,0.0,2.7991
86,59,1064.1113,0.0,0.0
86,60,1024.1601,0.0,0.0
86,61,999.1004,0.0,0.0
86,62,975.9671,0.0,0.0
86,63,955.4753,0.0,0.0
86,64,765.7754,0.0,0.0
86,65,842.4808,0.0,0.0
86,66,815.081,0.0,0.0
86,67,864.86,0.0,0.0
86,68,846.7641,0.0,0.0
86,69,830.6337,0.0,0.0
86,70,820.2223,0.0,0.0
86,71,700.0939,0.0,0.0
86,72,699.085,0.0,0.0
86,73,644.6713,0.0,0.0
86,74,549.8392,0.0,0.0
86,75,561.2137,0.0,0.0
86,76,513.2761,0.0,0.0
86,77,473.6087,0.0,0.0
86,78,397.1906,0.0,0.0
86,79,372.4825,0.0,0.0
86,80,384.0241,0.0,0.0
86,81,539.9055,0.0,0.0
86,82,533.6984,0.0,0.0
86,83,497.2972,0.0,0.0
86,84,478.3113,0.0,0.0
86,85,446.0447,0.0,0.0
86,86,412.8275,0.0,0.0
87,1,100.7494,0.0,0.9118
87,2,59.6594,0.0,0.0
87,3,2894.5966,0.0,0.0
87,4,1218.9348,0.0,0.0
87,5,710.6585,0.0,0.0
87,6,434.1967,0.0,0.0
87,7,282.7763,0.0,0.0
87,8,203.9723,0.0,0.0
87,9,148.3584,0.0,0.0
87,10,110.512,0.0,0.0
87,11,3398.6461,0.0,0.0
87,12,2044.6296,0.0,0.0
87,13,1746.5418,0.0,0.0
87,14,1237.8269,0.0,0.0
87,15,888.8225,0.0,0.0
87,16,701.9761,0.0,0.0
87,17,547.2712,0.0,0.0
87,18,430.4468,0.0,0.0
87,19,6020.9123,0.0,0.0
87,20,3988.5535,0.0,0.0
87,21,3153.3933,0.0,0.0
87,22,2948.3214,0.0,0.0
87,23,2644.1348,0.0,0.0
87,24,2095.1563,0.0,0.0
87,25,2209.2516,0.0,0.0
87,26,1735.9767,0.0,0.0
87,27,1740.6013,0.0,0.0
87,28,1830.2286,0.0,0.0
87,29,1416.8737,0.0,0.0
87,30,1346.4975,0.0,0.0
87,31,1633.0869,0.0,0.0
87,32,1321.9669,0.0,0.0
87,33,1050.9064,0.0,0.0
87,34,905.4724,0.0,0.0
87,35,760.7086,0.0,0.0
87,36,637.921,0.0,0.0
87,37,6687.9551,0.0,0.0
87,38,4814.0613,0.0,0.0
87,39,3923.863,0.0,0.0
87,40,3377.7348,0.0,0.0
87,41,3001.2009,0.0,0.0
87,42,2220.8404,0.0,0.0
87,43,2518.9457,0.0,0.0
87,44,1828.6037,0.0,0.0
87,45,1981.9822,0.0,0.0
87,46,1805.2792,0.0,0.0
87,47,1540.302,0.0,0.0
87,48,1555.0964,0.0,0.0
87,49,2067.1731,0.0,0.0
87,50,1773.262,0.0,0.0
87,51,1480.1255,0.0,0.0
87,52,1323.6329,0.0,0.0
87,53,1151.6386,0.0,0.0
87,54,999.4993,0.0,0.0
87,55,8231.528,0.0,0.0
87,56,6339.7235,0.0,0.0
87,57,5171.5628,0.0,0.0
87,58,1776.5919,0.0,2.7991
87,59,5496.9601,0.0,0.0
87,60,5188.6826,0.0,0.0
87,61,5037.683,0.0,0.0
87,62,4900.9739,0.0,0.0
87,63,4779.2385,0.0,0.0
87,64,3500.465,0.0,0.0
87,65,4518.0145,0.0,0.0
87,66,4325.6882,0.0,0.0
87,67,4221.6216,0.0,0.0
87,68,4121.1013,0.0,0.0
87,69,4027.0614,0.0,0.0
87,70,3990.8778,0.0,0.0
87,71,3218.7704,0.0,0.0
87,72,2921.8119,0.0,0.0
87,73,2556.3295,0.0,0.0
87,74,2107.6991,0.0,0.0
87,75,2103.2454,0.0,0.0
87,76,1838.3882,0.0,0.0
87,77,1636.3884,0.0,0.0
87,78,1327.1181,0.0,0.0
87,79,1227.0914,0.0,0.0
87,80,1239.4986,0.0,0.0
87,81,2109.4753,0.0,0.0
87,82,1933.3025,0.0,0.0
87,83,1669.9965,0.0,0.0
87,84,1540.8317,0.0,0.0
87,85,1368.7363,0.0,0.0
87,86,1213.4959,0.0,0.0
87,87,7314.7398,0.0,0.0
88,1,99.4131,0.0,0.9118
88,2,59.674,0.0,0.0
88,3,2434.0697,0.0,0.0
88,4,1132.0344,0.0,0.0
88,5,681.3789,0.0,0.0
88,6,424.1613,0.0,0.0
88,7,279.3602,0.0,0.0
88,8,202.826,0.0,0.0
88,9,148.2516,0.0,0.0
88,10,110.8126,0.0,0.0
88,11,2874.5717,0.0,0.0
88,12,1871.96,0.0,0.0
88,13,1627.9493,0.0,0.0
88,14,1183.7103,0.0,0.0
88,15,864.3429,0.0,0.0
88,16,688.3756,0.0,0.0
88,17,540.5868,0.0,0.0
88,18,427.5147,0.0,0.0
88,19,4912.8581,0.0,0.0
88,20,3528.959,0.0,0.0
88,21,2829.2273,0.0,0.0
88,22,2665.595,0.0,0.0
88,23,2403.6878,0.0,0.0
88,24,1894.7707,0.0,0.0
88,25,2023.8919,0.0,0.0
88,26,1584.5838,0.0,0.0
88,27,1619.2221,0.0,0.0
88,28,1694.2469,0.0,0.0
88,29,1302.2136,0.0,0.0
88,30,1267.7966,0.0,0.0
88,31,1527.0149,0.0,0.0
88,32,1263.573,0.0,0.0
88,33,1019.7251,0.0,0.0
88,34,885.0433,0.0,0.0
88,35,748.6502,0.0,0.0
88,36,631.2757,0.0,0.0
88,37,5459.4039,0.0,0.0
88,38,4233.9736,0.0,0.0
88,39,3524.618,0.0,0.0
88,40,3070.0206,0.0,0.0
88,41,2744.2675,0.0,0.0
88,42,2048.835,0.0,0.0
88,43,2314.9349,0.0,0.0
88,44,1698.4672,0.0,0.0
88,45,1851.1077,0.0,0.0
88,46,1693.9362,0.0,0.0
88,47,1429.695,0.0,0.0
88,48,1467.4624,0.0,0.0
88,49,1921.0215,0.0,0.0
88,50,1683.2537,0.0,0.0
88,51,1426.7831,0.0,0.0
88,52,1285.4608,0.0,0.0
88,53,1126.5319,0.0,0.0
88,54,983.6337,0.0,0.0
88,55,6664.6049,0.0,0.0
88,56,5505.2582,0.0,0.0
88,57,4594.3095,0.0,0.0
88,58,1703.7104,0.0,2.7991
88,59,4797.6061,0.0,0.0
88,60,4562.3865,0.0,0.0
88,61,4436.2592,0.0,0.0
88,62,4321.4914,0.0,0.0
88,63,4219.369,0.0,0.0
88,64,3144.7184,0.0,0.0
88,65,3869.3475,0.0,0.0
88,66,3700.6978,0.0,0.0
88,67,3753.6534,0.0,0.0
88,68,3667.9746,0.0,0.0
88,69,3588.4351,0.0,0.0
88,70,3554.0067,0.0,0.0
88,71,2889.2983,0.0,0.0
88,72,2692.1229,0.0,0.0
88,73,2381.3318,0.0,0.0
88,74,1968.473,0.0,0.0
88,75,1976.0672,0.0,0.0
88,76,1742.8522,0.0,0.0
88,77,1561.6887,0.0,0.0
88,78,1270.4258,0.0,0.0
88,79,1176.6222,0.0,0.0
88,80,1195.7573,0.0,0.0
88,81,1954.7292,0.0,0.0
88,82,1828.6515,0.0,0.0
88,83,1604.6349,0.0,0.0
88,84,1491.4089,0.0,0.0
88,85,1335.1632,0.0,0.0
88,86,1190.9286,0.0,0.0
88,87,6045.7168,0.0,0.0
88,88,5305.4399,0.0,0.0
89,1,89.406,0.0,0.9118
89,2,54.4613,0.0,0.0
89,3,2008.2591,0.0,0.0
89,4,977.2148,0.0,0.0
89,5,600.0533,0.0,0.0
89,6,378.6672,0.0,0.0
89,7,251.8086,0.0,0.0
89,8,184.0318,0.0,0.0
89,9,135.2792,0.0,0.0
89,10,101.5857,0.0,0.0
89,11,2377.4617,0.0,0.0
89,12,1604.03,0.0,0.0
89,13,1409.8711,0.0,0.0
89,14,1040.5681,0.0,0.0
89,15,768.5132,0.0,0.0
89,16,616.1319,0.0,0.0
89,17,486.8835,0.0,0.0
89,18,387.072,0.0,0.0
89,19,4017.4782,0.0,0.0
89,20,2977.1478,0.0,0.0
89,21,2402.154,0.0,0.0
89,22,2273.2739,0.0,0.0
89,23,2055.9589,0.0,0.0
89,24,1618.3634,0.0,0.0
89,25,1738.4495,0.0,0.0
89,26,1360.0663,0.0,0.0
89,27,1401.7622,0.0,0.0
89,28,1462.5357,0.0,0.0
89,29,1121.7466,0.0,0.0
89,30,1104.9523,0.0,0.0
89,31,1326.3601,0.0,0.0
89,32,1111.0958,0.0,0.0
89,33,905.5342,0.0,0.0
89,34,790.2645,0.0,0.0
89,35,672.1658,0.0,0.0
89,36,569.5479,0.0,0.0
89,37,4469.0053,0.0,0.0
89,38,3564.351,0.0,0.0
89,39,2997.7722,0.0,0.0
89,40,2627.0446,0.0,0.0
89,41,2356.7083,0.0,0.0
89,42,1769.2538,0.0,0.0
89,43,1994.8729,0.0,0.0
89,44,1473.0457,0.0,0.0
89,45,1608.1722,0.0,0.0
89,46,1475.3924,0.0,0.0
89,47,1240.2274,0.0,0.0
89,48,1282.2835,0.0,0.0
89,49,1665.0502,0.0,0.0
89,50,1475.1121,0.0,0.0
89,51,1262.0917,0.0,0.0
89,52,1142.909,0.0,0.0
89,53,1006.9141,0.0,0.0
89,54,883.414,0.0,0.0
89,55,5447.8929,0.0,0.0
89,56,4612.0247,0.0,0.0
89,57,3889.7052,0.0,0.0
89,58,1503.1569,0.0,2.7991
89,59,4032.3992,0.0,0.0
89,60,3843.3536,0.0,0.0
89,61,3739.3646,0.0,0.0
89,62,3644.5469,0.0,0.0
89,63,3560.2278,0.0,0.0
89,64,2679.6802,0.0,0.0
89,65,3233.3681,0.0,0.0
89,66,3096.8078,0.0,0.0
89,67,3176.9406,0.0,0.0
89,68,3105.6847,0.0,0.0
89,69,3039.8461,0.0,0.0
89,70,3009.5999,0.0,0.0
89,71,2462.3774,0.0,0.0
89,72,2320.2277,0.0,0.0
89,73,2064.567,0.0,0.0
89,74,1711.557,0.0,0.0
89,75,1723.2231,0.0,0.0
89,76,1527.6535,0.0,0.0
89,77,1374.364,0.0,0.0
89,78,1121.3924,0.0,0.0
89,79,1040.0238,0.0,0.0
89,80,1060.0607,0.0,0.0
89,81,1694.6605,0.0,0.0
89,82,1600.8616,0.0,0.0
89,83,1417.4346,0.0,0.0
89,84,1323.636,0.0,0.0
89,85,1191.3272,0.0,0.0
89,86,1067.5065,0.0,0.0
89,87,4981.4961,0.0,0.0
89,88,4466.9584,0.0,0.0
89,89,3799.6565,0.0,0.0
90,1,82.0836,0.0,0.9118
90,2,51.1103,0.0,0.0
90,3,1672.4768,0.0,0.0
90,4,852.5249,0.0,0.0
90,5,536.0858,0.0,0.0
90,6,344.3576,0.0,0.0
90,7,232.0723,0.0,0.0
90,8,171.2418,0.0,0.0
90,9,126.9393,0.0,0.0
90,10,95.9845,0.0,0.0
90,11,1985.2103,0.0,0.0
90,12,1388.3756,0.0,0.0
90,13,1235.2681,0.0,0.0
90,14,927.5107,0.0,0.0
90,15,694.7983,0.0,0.0
90,16,562.0636,0.0,0.0
90,17,448.0486,0.0,0.0
90,18,358.9273,0.0,0.0
90,19,3320.8171,0.0,0.0
90,20,2537.7308,0.0,0.0
90,21,2060.8901,0.0,0.0
90,22,1960.2827,0.0,0.0
90,23,1778.6546,0.0,0.0
90,24,1399.4778,0.0,0.0
90,25,1511.0816,0.0,0.0
90,26,1182.5093,0.0,0.0
90,27,1228.738,0.0,0.0
90,28,1277.7896,0.0,0.0
90,29,979.1984,0.0,0.0
90,30,975.8856,0.0,0.0
90,31,1167.0583,0.0,0.0
90,32,991.2015,0.0,0.0
90,33,817.5552,0.0,0.0
90,34,718.6679,0.0,0.0
90,35,615.8505,0.0,0.0
90,36,525.424,0.0,0.0
90,37,3699.6637,0.0,0.0
90,38,3033.1273,0.0,0.0
90,39,2578.7074,0.0,0.0
90,40,2274.8325,0.0,0.0
90,41,2049.2299,0.0,0.0
90,42,1549.178,0.0,0.0
90,43,1742.1202,0.0,0.0
90,44,1296.6551,0.0,0.0
90,45,1416.8423,0.0,0.0
90,46,1303.606,0.0,0.0
90,47,1092.5939,0.0,0.0
90,48,1137.1745,0.0,0.0
90,49,1463.158,0.0,0.0
90,50,1311.588,0.0,0.0
90,51,1134.4385,0.0,0.0
90,52,1033.8769,0.0,0.0
90,53,917.092,0.0,0.0
90,54,809.8018,0.0,0.0
90,55,4505.5681,0.0,0.0
90,56,3907.1262,0.0,0.0
90,57,3331.5473,0.0,0.0
90,58,1347.8223,0.0,2.7991
90,59,3427.7894,0.0,0.0
90,60,3274.4792,0.0,0.0
90,61,3187.7428,0.0,0.0
90,62,3108.4769,0.0,0.0
90,63,3038.0345,0.0,0.0
90,64,2312.2086,0.0,0.0
90,65,2735.8113,0.0,0.0
90,66,2624.1922,0.0,0.0
90,67,2719.1319,0.0,0.0
90,68,2659.1268,0.0,0.0
90,69,2604.0009,0.0,0.0
90,70,2576.9767,0.0,0.0
90,71,2123.6819,0.0,0.0
90,72,2024.8239,0.0,0.0
90,73,1813.7564,0.0,0.0
90,74,1510.1361,0.0,0.0
90,75,1524.9297,0.0,0.0
90,76,1359.8576,0.0,0.0
90,77,1229.2164,0.0,0.0
90,78,1007.4225,0.0,0.0
90,79,936.0958,0.0,0.0
90,80,956.8047,0.0,0.0
90,81,1491.5698,0.0,0.0
90,82,1422.9431,0.0,0.0
90,83,1272.6601,0.0,0.0
90,84,1195.1492,0.0,0.0
90,85,1082.8719,0.0,0.0
90,86,976.1417,0.0,0.0
90,87,4155.5932,0.0,0.0
90,88,3804.775,0.0,0.0
90,89,3270.4258,0.0,0.0
90,90,2847.2704,0.0,0.0
91,1,80.726,0.0,0.9118
91,2,50.0052,0.0,0.0
91,3,1730.6038,0.0,0.0
91,4,857.6379,0.0,0.0
91,5,533.0818,0.0,0.0
91,6,339.9863,0.0,0.0
91,7,228.1333,0.0,0.0
91,8,167.9187,0.0,0.0
91,9,124.2642,0.0,0.0
91,10,93.8663,0.0,0.0
91,11,2051.1151,0.0,0.0
91,12,1403.0924,0.0,0.0
91,13,1240.3071,0.0,0.0
91,14,923.2496,0.0,0.0
91,15,687.2914,0.0,0.0
91,16,554.1274,0.0,0.0
91,17,440.4418,0.0,0.0
91,18,352.0743,0.0,0.0
91,19,3457.0434,0.0,0.0
91,20,2589.2888,0.0,0.0
91,21,2094.5389,0.0,0.0
91,22,1986.9265,0.0,0.0
91,23,1799.6577,0.0,0.0
91,24,1417.3421,0.0,0.0
91,25,1525.1022,0.0,0.0
91,26,1194.1778,0.0,0.0
91,27,1234.4914,0.0,0.0
91,28,1285.93,0.0,0.0
91,29,986.8467,0.0,0.0
91,30,976.6865,0.0,0.0
91,31,1169.9494,0.0,0.0
91,32,986.64,0.0,0.0
91,33,809.3754,0.0,0.0
91,34,709.438,0.0,0.0
91,35,606.3026,0.0,0.0
91,36,516.1425,0.0,0.0
91,37,3848.831,0.0,0.0
91,38,3098.7868,0.0,0.0
91,39,2617.9361,0.0,0.0
91,40,2300.9943,0.0,0.0
91,41,2068.4111,0.0,0.0
91,42,1558.7481,0.0,0.0
91,43,1754.9706,0.0,0.0
91,44,1301.5598,0.0,0.0
91,45,1420.7211,0.0,0.0
91,46,1305.332,0.0,0.0
91,47,1096.8175,0.0,0.0
91,48,1136.7042,0.0,0.0
91,49,1469.0715,0.0,0.0
91,50,1308.5146,0.0,0.0
91,51,1125.8498,0.0,0.0
91,52,1023.1942,0.0,0.0
91,53,905.1141,0.0,0.0
91,54,797.3313,0.0,0.0
91,55,4691.6964,0.0,0.0
91,56,4003.7089,0.0,0.0
91,57,3391.5606,0.0,0.0
91,58,1339.6248,0.0,2.7991
91,59,3505.9336,0.0,0.0
91,60,3344.2162,0.0,0.0
91,61,3254.4268,0.0,0.0
91,62,3172.4783,0.0,0.0
91,63,3099.6207,0.0,0.0
91,64,2345.032,0.0,0.0
91,65,2808.4101,0.0,0.0
91,66,2691.7985,0.0,0.0
91,67,2769.0943,0.0,0.0
91,68,2707.3188,0.0,0.0
91,69,2650.3867,0.0,0.0
91,70,2623.4579,0.0,0.0
91,71,2153.8516,0.0,0.0
91,72,2039.3959,0.0,0.0
91,73,1820.5331,0.0,0.0
91,74,1513.3881,0.0,0.0
91,75,1525.6409,0.0,0.0
91,76,1356.6458,0.0,0.0
91,77,1223.6676,0.0,0.0
91,78,1001.4754,0.0,0.0
91,79,929.9943,0.0,0.0
91,80,948.9698,0.0,0.0
91,81,1497.6018,0.0,0.0
91,82,1420.6996,0.0,0.0
91,83,1264.2423,0.0,0.0
91,84,1184.1627,0.0,0.0
91,85,1069.8651,0.0,0.0
91,86,962.1768,0.0,0.0
91,87,4303.9645,0.0,0.0
91,88,3886.5716,0.0,0.0
91,89,3320.0764,0.0,0.0
91,90,2872.5136,0.0,0.0
91,91,2908.9206,0.0,0.0
92,1,78.2034,0.0,0.9118
92,2,48.498,0.0,0.0
92,3,1671.6156,0.0,0.0
92,4,829.7132,0.0,0.0
92,5,516.0195,0.0,0.0
92,6,329.2802,0.0,0.0
92,7,221.0659,0.0,0.0
92,8,162.7926,0.0,0.0
92,9,120.529,0.0,0.0
92,10,91.0869,0.0,0.0
92,11,1981.4675,0.0,0.0
92,12,1357.1628,0.0,0.0
92,13,1200.0275,0.0,0.0
92,14,893.6444,0.0,0.0
92,15,665.4965,0.0,0.0
92,16,536.7089,0.0,0.0
92,17,426.7354,0.0,0.0
92,18,341.234,0.0,0.0
92,19,3337.6961,0.0,0.0
92,20,2503.3576,0.0,0.0
92,21,2025.474,0.0,0.0
92,22,1921.6819,0.0,0.0
92,23,1740.7294,0.0,0.0
92,24,1370.9264,0.0,0.0
92,25,1475.3669,0.0,0.0
92,26,1155.2737,0.0,0.0
92,27,1194.5389,0.0,0.0
92,28,1244.2037,0.0,0.0
92,29,954.8309,0.0,0.0
92,30,945.2775,0.0,0.0
92,31,1132.1107,0.0,0.0
92,32,955.0607,0.0,0.0
92,33,783.7069,0.0,0.0
92,34,687.0839,0.0,0.0
92,35,587.345,0.0,0.0
92,36,500.1368,0.0,0.0
92,37,3716.0678,0.0,0.0
92,38,2995.7186,0.0,0.0
92,39,2531.7373,0.0,0.0
92,40,2225.6807,0.0,0.0
92,41,2000.9439,0.0,0.0
92,42,1508.2494,0.0,0.0
92,43,1697.9484,0.0,0.0
92,44,1259.6142,0.0,0.0
92,45,1374.9665,0.0,0.0
92,46,1263.4136,0.0,0.0
92,47,1061.5457,0.0,0.0
92,48,1100.3399,0.0,0.0
92,49,1421.6099,0.0,0.0
92,50,1266.6329,0.0,0.0
92,51,1090.1053,0.0,0.0
92,52,990.8696,0.0,0.0
92,53,876.6902,0.0,0.0
92,54,772.4519,0.0,0.0
92,55,4529.1727,0.0,0.0
92,56,3869.7611,0.0,0.0
92,57,3279.336,0.0,0.0
92,58,1297.0461,0.0,2.7991
92,59,3389.0395,0.0,0.0
92,60,3233.0975,0.0,0.0
92,61,3146.369,0.0,0.0
92,62,3067.2053,0.0,0.0
92,63,2996.8237,0.0,0.0
92,64,2268.0138,0.0,0.0
92,65,2714.0296,0.0,0.0
92,66,2601.3226,0.0,0.0
92,67,2677.5672,0.0,0.0
92,68,2617.8718,0.0,0.0
92,69,2562.8645,0.0,0.0
92,70,2536.7915,0.0,0.0
92,71,2083.0385,0.0,0.0
92,72,1973.0821,0.0,0.0
92,73,1761.6844,0.0,0.0
92,74,1464.6529,0.0,0.0
92,75,1476.6337,0.0,0.0
92,76,1313.3066,0.0,0.0
92,77,1184.753,0.0,0.0
92,78,969.8022,0.0,0.0
92,79,900.6562,0.0,0.0
92,80,919.0824,0.0,0.0
92,81,1449.3061,0.0,0.0
92,82,1375.2752,0.0,0.0
92,83,1224.1322,0.0,0.0
92,84,1146.7509,0.0,0.0
92,85,1036.2496,0.0,0.0
92,86,932.1121,0.0,0.0
92,87,4156.5121,0.0,0.0
92,88,3757.243,0.0,0.0
92,89,3210.756,0.0,0.0
92,90,2778.9432,0.0,0.0
92,91,2813.6269,0.0,0.0
92,92,2721.5209,0.0,0.0
93,1,79.4391,0.0,0.9118
93,2,48.7241,0.0,0.0
93,3,1800.5066,0.0,0.0
93,4,869.5641,0.0,0.0
93,5,532.8988,0.0,0.0
93,6,336.4627,0.0,0.0
93,7,224.2094,0.0,0.0
93,8,164.2959,0.0,0.0
93,9,121.1667,0.0,0.0
93,10,91.309,0.0,0.0
93,11,2131.3007,0.0,0.0
93,12,1429.4308,0.0,0.0
93,13,1254.3604,0.0,0.0
93,14,924.197,0.0,0.0
93,15,682.275,0.0,0.0
93,16,547.3189,0.0,0.0
93,17,433.0105,0.0,0.0
93,18,344.8305,0.0,0.0
93,19,3608.5602,0.0,0.0
93,20,2661.1178,0.0,0.0
93,21,2144.9232,0.0,0.0
93,22,2028.7846,0.0,0.0
93,23,1834.18,0.0,0.0
93,24,1445.0682,0.0,0.0
93,25,1550.1899,0.0,0.0
93,26,1213.8708,0.0,0.0
93,27,1248.7909,0.0,0.0
93,28,1303.3334,0.0,0.0
93,29,1000.9549,0.0,0.0
93,30,983.7215,0.0,0.0
93,31,1180.4499,0.0,0.0
93,32,987.3751,0.0,0.0
93,33,804.2562,0.0,0.0
93,34,702.0311,0.0,0.0
93,35,597.5035,0.0,0.0
93,36,506.8216,0.0,0.0
93,37,4013.8973,0.0,0.0
93,38,3187.5734,0.0,0.0
93,39,2676.6472,0.0,0.0
93,40,2343.7586,0.0,0.0
93,41,2101.8417,0.0,0.0
93,42,1577.8736,0.0,0.0
93,43,1779.0323,0.0,0.0
93,44,1313.7158,0.0,0.0
93,45,1433.1563,0.0,0.0
93,46,1314.6561,0.0,0.0
93,47,1106.8617,0.0,0.0
93,48,1142.5196,0.0,0.0
93,49,1484.015,0.0,0.0
93,50,1312.6653,0.0,0.0
93,51,1122.144,0.0,0.0
93,52,1016.0025,0.0,0.0
93,53,895.2321,0.0,0.0
93,54,785.8038,0.0,0.0
93,55,4893.0436,0.0,0.0
93,56,4127.933,0.0,0.0
93,57,3475.7124,0.0,0.0
93,58,1337.285,0.0,2.7991
93,59,3607.8825,0.0,0.0
93,60,3437.8544,0.0,0.0
93,61,3344.5279,0.0,0.0
93,62,3259.4431,0.0,0.0
93,63,3183.7627,0.0,0.0
93,64,2393.5584,0.0,0.0
93,65,2896.408,0.0,0.0
93,66,2773.0351,0.0,0.0
93,67,2839.6469,0.0,0.0
93,68,2775.7424,0.0,0.0
93,69,2716.6522,0.0,0.0
93,70,2689.7033,0.0,0.0
93,71,2198.6632,0.0,0.0
93,72,2068.0029,0.0,0.0
93,73,1839.0464,0.0,0.0
93,74,1525.1115,0.0,0.0
93,75,1534.7972,0.0,0.0
93,76,1360.2378,0.0,0.0
93,77,1223.6448,0.0,0.0
93,78,999.2096,0.0,0.0
93,79,927.0285,0.0,0.0
93,80,944.2862,0.0,0.0
93,81,1511.6714,0.0,0.0
93,82,1425.8266,0.0,0.0
93,83,1261.2415,0.0,0.0
93,84,1177.4038,0.0,0.0
93,85,1059.6377,0.0,0.0
93,86,949.7554,0.0,0.0
93,87,4469.7774,0.0,0.0
93,88,3995.2606,0.0,0.0
93,89,3393.2601,0.0,0.0
93,90,2917.0992,0.0,0.0
93,91,2964.6668,0.0,0.0
93,92,2867.1025,0.0,0.0
93,93,3032.976,0.0,0.0
94,1,77.1021,0.0,0.9118
94,2,47.3798,0.0,0.0
94,3,1727.814,0.0,0.0
94,4,839.4478,0.0,0.0
94,5,515.7977,0.0,0.0
94,6,326.25,0.0,0.0
94,7,217.6765,0.0,0.0
94,8,159.6435,0.0,0.0
94,9,117.8193,0.0,0.0
94,10,88.8365,0.0,0.0
94,11,2045.9284,0.0,0.0
94,12,1378.5876,0.0,0.0
94,13,1211.4443,0.0,0.0
94,14,894.3255,0.0,0.0
94,15,661.2092,0.0,0.0
94,16,530.8828,0.0,0.0
94,17,420.3498,0.0,0.0
94,18,334.9759,0.0,0.0
94,19,3458.6883,0.0,0.0
94,20,2561.275,0.0,0.0
94,21,2066.1768,0.0,0.0
94,22,1955.4505,0.0,0.0
94,23,1768.5649,0.0,0.0
94,24,1393.1385,0.0,0.0
94,25,1495.5657,0.0,0.0
94,26,1171.0013,0.0,0.0
94,27,1206.0158,0.0,0.0
94,28,1258.217,0.0,0.0
94,29,966.0599,0.0,0.0
94,30,950.8603,0.0,0.0
94,31,1140.5197,0.0,0.0
94,32,955.5039,0.0,0.0
94,33,779.2976,0.0,0.0
94,34,680.7355,0.0,0.0
94,35,579.7956,0.0,0.0
94,36,492.1128,0.0,0.0
94,37,3847.7324,0.0,0.0
94,38,3067.1463,0.0,0.0
94,39,2579.0022,0.0,0.0
94,40,2260.0639,0.0,0.0
94,41,2027.744,0.0,0.0
94,42,1523.3742,0.0,0.0
94,43,1717.1041,0.0,0.0
94,44,1269.0647,0.0,0.0
94,45,1384.7315,0.0,0.0
94,46,1270.6578,0.0,0.0
94,47,1069.2791,0.0,0.0
94,48,1104.7467,0.0,0.0
94,49,1433.437,0.0,0.0
94,50,1269.7368,0.0,0.0
94,51,1086.7671,0.0,0.0
94,52,984.6291,0.0,0.0
94,53,868.1868,0.0,0.0
94,54,762.5407,0.0,0.0
94,55,4689.4909,0.0,0.0
94,56,3969.4488,0.0,0.0
94,57,3346.9278,0.0,0.0
94,58,1294.6997,0.0,2.7991
94,59,3470.8103,0.0,0.0
94,60,3308.2782,0.0,0.0
94,61,3218.7253,0.0,0.0
94,62,3137.0576,0.0,0.0
94,63,3064.4224,0.0,0.0
94,64,2306.8366,0.0,0.0
94,65,2784.2586,0.0,0.0
94,66,2666.0816,0.0,0.0
94,67,2734.2974,0.0,0.0
94,68,2672.9042,0.0,0.0
94,69,2616.1724,0.0,0.0
94,70,2590.0957,0.0,0.0
94,71,2118.9811,0.0,0.0
94,72,1996.0266,0.0,0.0
94,73,1776.4187,0.0,0.0
94,74,1473.7544,0.0,0.0
94,75,1483.6747,0.0,0.0
94,76,1315.808,0.0,0.0
94,77,1184.2955,0.0,0.0
94,78,967.4643,0.0,0.0
94,79,897.7386,0.0,0.0
94,80,914.7912,0.0,0.0
94,81,1460.2247,0.0,0.0
94,82,1379.0263,0.0,0.0
94,83,1221.2647,0.0,0.0
94,84,1140.7827,0.0,0.0
94,85,1027.3948,0.0,0.0
94,86,921.4047,0.0,0.0
94,87,4288.5858,0.0,0.0
94,88,3844.4325,0.0,0.0
94,89,3269.5288,0.0,0.0
94,90,2814.6033,0.0,0.0
94,91,2858.1875,0.0,0.0
94,92,2764.2585,0.0,0.0
94,93,2921.8223,0.0,0.0
94,94,2815.2366,0.0,0.0
1,1,4.7379,0.0,0.9118
1,2,3.1287,0.0,0.0
1,3,68.9391,0.0,0.0
1,4,41.3078,0.0,0.0
1,5,28.2767,0.0,0.0
1,6,19.2653,0.0,0.0
1,7,13.5164,0.0,0.0
1,8,10.2371,0.0,0.0
1,9,7.7441,0.0,0.0
1,10,5.9403,0.0,0.0
1,11,82.5641,0.0,0.0
1,12,65.3703,0.0,0.0
1,13,60.8558,0.0,0.0
1,14,48.5182,0.0,0.0
1,15,38.1397,0.0,0.0
1,16,31.7713,0.0,0.0
1,17,26.017,0.0,0.0
1,18,21.3055,0.0,0.0
1,19,134.4441,0.0,0.0
1,20,113.4857,0.0,0.0
1,21,94.2083,0.0,0.0
1,22,91.3334,0.0,0.0
1,23,83.8313,0.0,0.0
1,24,65.9837,0.0,0.0
1,25,72.4111,0.0,0.0
1,26,56.7993,0.0,0.0
1,27,60.5746,0.0,0.0
1,28,62.2532,0.0,0.0
1,29,47.6499,0.0,0.0
1,30,49.3469,0.0,0.0
1,31,58.4207,0.0,0.0
1,32,51.9905,0.0,0.0
1,33,44.6512,0.0,0.0
1,34,40.201,0.0,0.0
1,35,35.274,0.0,0.0
1,36,30.7261,0.0,0.0
1,37,150.934,0.0,0.0
1,38,135.0664,0.0,0.0
1,39,119.2961,0.0,0.0
1,40,107.7306,0.0,0.0
1,41,98.5183,0.0,0.0
1,42,76.3661,0.0,0.0
1,43,85.08,0.0,0.0
1,44,65.0863,0.0,0.0
1,45,71.1985,0.0,0.0
1,46,66.1211,0.0,0.0
1,47,54.9658,0.0,0.0
1,48,58.3568,0.0,0.0
1,49,72.9076,0.0,0.0
1,50,67.943,0.0,0.0
1,51,60.947,0.0,0.0
1,52,56.7427,0.0,0.0
1,53,51.4656,0.0,0.0
1,54,46.3794,0.0,0.0
1,55,184.0223,0.0,0.0
1,56,171.7033,0.0,0.0
1,57,152.1106,0.0,0.0
1,58,71.883,0.0,2.7991
1,59,152.4502,0.0,0.0
1,60,146.5851,0.0,0.0
1,61,142.962,0.0,0.0
1,62,139.6254,0.0,0.0
1,63,136.6695,0.0,0.0
1,64,108.3662,0.0,0.0
1,65,120.4056,0.0,0.0
1,66,116.3178,0.0,0.0
1,67,123.522,0.0,0.0
1,68,120.9302,0.0,0.0
1,69,118.607,0.0,0.0
1,70,117.1811,0.0,0.0
1,71,99.2984,0.0,0.0
1,72,98.5136,0.0,0.0
1,73,90.2858,0.0,0.0
1,74,76.415,0.0,0.0
1,75,77.8793,0.0,0.0
1,76,70.8024,0.0,0.0
1,77,64.989,0.0,0.0
1,78,54.0451,0.0,0.0
1,79,50.5086,0.0,0.0
1,80,52.0547,0.0,0.0
1,81,74.8817,0.0,0.0
1,82,73.6692,0.0,0.0
1,83,68.1031,0.0,0.0
1,84,65.1605,0.0,0.0
1,85,60.3338,0.0,0.0
1,86,55.4345,0.0,0.0
1,87,174.9212,0.0,0.0
1,88,170.5082,0.0,0.0
1,89,151.8139,0.0,0.0
1,90,137.4724,0.0,0.0
1,91,135.8701,0.0,0.0
1,92,131.5644,0.0,0.0
1,93,134.7304,0.0,0.0
1,94,130.5946,0.0,0.0
1,1,7.5916,0.0,0.0
3,1,14.3165,0.9865,0.9118
3,2,8.7773,0.9865,0.0
3,3,282.2106,0.9865,0.0
3,4,148.1323,0.9865,0.0
3,5,93.6729,0.9865,0.0
3,6,60.086,0.9865,0.0
3,7,40.2944,0.9865,0.0
3,8,29.5575,0.9865,0.0
3,9,21.7605,0.9865,0.0
3,10,16.3388,0.9865,0.0
3,11,335.345,0.9865,0.0
3,12,240.1627,0.9865,0.0
3,13,214.7265,0.9865,0.0
3,14,162.0508,0.9865,0.0
3,15,121.5067,0.9865,0.0
3,16,98.1249,0.9865,0.0
3,17,77.9865,0.9865,0.0
3,18,62.2205,0.9865,0.0
3,19,555.1516,0.9865,0.0
3,20,434.1576,0.9865,0.0
3,21,354.0317,0.9865,0.0
3,22,337.3896,0.9865,0.0
3,23,306.5482,0.9865,0.0
3,24,240.5033,0.9865,0.0
3,25,260.9019,0.9865,0.0
3,26,203.6149,0.9865,0.0
3,27,212.8978,0.9865,0.0
3,28,221.1739,0.9865,0.0
3,29,168.8075,0.9865,0.0
3,30,169.4949,0.9865,0.0
3,31,202.69,0.9865,0.0
3,32,172.9425,0.9865,0.0
3,33,142.8471,0.9865,0.0
3,34,125.4768,0.9865,0.0
3,35,107.338,0.9865,0.0
3,36,91.3333,0.9865,0.0
3,37,618.5681,0.9865,0.0
3,38,517.8393,0.9865,0.0
3,39,442.9448,0.9865,0.0
3,40,391.9179,0.9865,0.0
3,41,353.5008,0.9865,0.0
3,42,267.3761,0.9865,0.0
3,43,300.6533,0.9865,0.0
3,44,223.8871,0.9865,0.0
3,45,245.2561,0.9865,0.0
3,46,225.8042,0.9865,0.0
3,47,188.3374,0.9865,0.0
3,48,197.094,0.9865,0.0
3,49,253.137,0.9865,0.0
3,50,228.0814,0.9865,0.0
3,51,197.7698,0.9865,0.0
3,52,180.3056,0.9865,0.0
3,53,159.867,0.9865,0.0
3,54,140.9818,0.9865,0.0
3,55,752.3418,0.9865,0.0
3,56,664.5719,0.9865,0.0
3,57,570.4266,0.9865,0.0
3,58,234.5271,0.9865,2.7991
3,59,583.9797,0.9865,0.0
3,60,558.6972,0.9865,0.0
3,61,544.1232,0.9865,0.0
3,62,530.7909,0.9865,0.0
3,63,518.9498,0.9865,0.0
3,64,396.7223,0.9865,0.0
3,65,463.5442,0.9865,0.0
3,66,445.0101,0.9865,0.0
3,67,465.41,0.9865,0.0
3,68,455.2827,0.9865,0.0
3,69,446.003,0.9865,0.0
3,70,441.322,0.9865,0.0
3,71,364.7467,0.9865,0.0
3,72,350.0617,0.9865,0.0
3,73,314.2483,0.9865,0.0
3,74,261.3833,0.9865,0.0
3,75,264.3697,0.9865,0.0
3,76,236.0258,0.9865,0.0
3,77,213.4644,0.9865,0.0
3,78,174.6132,0.9865,0.0
3,79,162.1342,0.9865,0.0
3,80,166.0489,0.9865,0.0
3,81,257.3823,0.9865,0.0
3,82,246.8355,0.9865,0.0
3,83,221.4325,0.9865,0.0
3,84,208.1269,0.9865,0.0
3,85,188.6073,0.9865,0.0
3,86,169.8943,0.9865,0.0
3,87,697.6449,0.9865,0.0
3,88,649.0325,0.9865,0.0
3,89,561.3519,0.9865,0.0
3,90,491.0777,0.9865,0.0
3,91,493.4651,0.9865,0.0
3,92,477.4254,0.9865,0.0
3,93,499.5202,0.9865,0.0
3,94,482.3466,0.9865,0.0
3,1,24.0573,0.9865,0.0
3,3,85.3197,0.9865,0.9865
4,1,18.4656,0.9808,0.9118
4,2,11.4655,0.9808,0.0
4,3,352.216,0.9808,0.0
4,4,186.3453,0.9808,0.0
4,5,119.0815,0.9808,0.0
4,6,77.0951,0.9808,0.0
4,7,52.0852,0.9808,0.0
4,8,38.4132,0.9808,0.0
4,9,28.4098,0.9808,0.0
4,10,21.4067,0.9808,0.0
4,11,418.6488,0.9808,0.0
4,12,301.3777,0.9808,0.0
4,13,270.7461,0.9808,0.0
4,14,205.7544,0.9808,0.0
4,15,155.3644,0.9808,0.0
4,16,126.0993,0.9808,0.0
4,17,100.7212,0.9808,0.0
4,18,80.7174,0.9808,0.0
4,19,694.8596,0.9808,0.0
4,20,543.5842,0.9808,0.0
4,21,443.719,0.9808,0.0
4,22,423.6217,0.9808,0.0
4,23,385.2754,0.9808,0.0
4,24,302.6061,0.9808,0.0
4,25,328.4012,0.9808,0.0
4,26,256.6043,0.9808,0.0
4,27,268.6284,0.9808,0.0
4,28,278.7116,0.9808,0.0
4,29,212.9797,0.9808,0.0
4,30,214.4256,0.9808,0.0
4,31,256.2049,0.9808,0.0
4,32,219.7375,0.9808,0.0
4,33,182.5338,0.9808,0.0
4,34,160.9687,0.9808,0.0
4,35,138.2747,0.9808,0.0
4,36,118.124,0.9808,0.0
4,37,774.9656,0.9808,0.0
4,38,648.6422,0.9808,0.0
4,39,556.1503,0.9808,0.0
4,40,493.01,0.9808,0.0
4,41,445.3736,0.9808,0.0
4,42,337.9035,0.9808,0.0
4,43,379.5254,0.9808,0.0
4,44,283.5695,0.9808,0.0
4,45,310.3781,0.9808,0.0
4,46,286.0395,0.9808,0.0
4,47,238.6962,0.9808,0.0
4,48,249.9915,0.9808,0.0
4,49,320.0912,0.9808,0.0
4,50,289.4713,0.9808,0.0
4,51,252.1649,0.9808,0.0
4,52,230.6309,0.9808,0.0
4,53,205.2237,0.9808,0.0
4,54,181.626,0.9808,0.0
4,55,943.8547,0.9808,0.0
4,56,832.6251,0.9808,0.0
4,57,716.0758,0.9808,0.0
4,58,298.8782,0.9808,2.7991
4,59,732.1642,0.9808,0.0
4,60,700.4442,0.9808,0.0
4,61,682.1901,0.9808,0.0
4,62,665.4868,0.9808,0.0
4,63,650.6557,0.9808,0.0
4,64,499.1837,0.9808,0.0
4,65,582.1224,0.9808,0.0
4,66,559.2917,0.9808,0.0
4,67,583.7067,0.9808,0.0
4,68,571.0039,0.9808,0.0
4,69,559.3898,0.9808,0.0
4,70,553.4266,0.9808,0.0
4,71,458.6582,0.9808,0.0
4,72,441.3789,0.9808,0.0
4,73,397.1312,0.9808,0.0
4,74,331.2124,0.9808,0.0
4,75,335.2261,0.9808,0.0
4,76,299.9565,0.9808,0.0
4,77,271.8119,0.9808,0.0
4,78,222.9157,0.9808,0.0
4,79,207.1831,0.9808,0.0
4,80,212.3132,0.9808,0.0
4,81,326.1068,0.9808,0.0
4,82,313.4675,0.9808,0.0
4,83,282.2935,0.9808,0.0
4,84,266.02,0.9808,0.0
4,85,241.8688,0.9808,0.0
4,86,218.5687,0.9808,0.0
4,87,875.8563,0.9808,0.0
4,88,814.1308,0.9808,0.0
4,89,705.4011,0.9808,0.0
4,90,619.0605,0.9808,0.0
4,91,621.3399,0.9808,0.0
4,92,601.1496,0.9808,0.0
4,93,627.6385,0.9808,0.0
4,94,606.2139,0.9808,0.0
4,1,30.7866,0.9808,0.0
4,3,107.5083,0.9808,0.9865
4,4,135.8445,0.9808,0.9808
5,1,14.7237,0.9706,0.9118
5,2,9.5836,0.9706,0.0
5,3,231.4209,0.9706,0.0
5,4,133.7265,0.9706,0.0
5,5,89.7429,0.9706,0.0
5,6,60.2996,0.9706,0.0
5,7,41.9015,0.9706,0.0
5,8,31.5354,0.9706,0.0
5,9,23.7369,0.9706,0.0
5,10,18.1424,0.9706,0.0
5,11,276.5671,0.9706,0.0
5,12,212.9979,0.9706,0.0
5,13,196.2014,0.9706,0.0
5,14,154.2901,0.9706,0.0
5,15,119.9353,0.9706,0.0
5,16,99.2159,0.9706,0.0
5,17,80.7272,0.9706,0.0
5,18,65.758,0.9706,0.0
5,19,452.5193,0.9706,0.0
5,20,373.8815,0.9706,0.0
5,21,308.8721,0.9706,0.0
5,22,298.0871,0.9706,0.0
5,23,272.8747,0.9706,0.0
5,24,214.636,0.9706,0.0
5,25,234.8,0.9706,0.0
5,26,183.9737,0.9706,0.0
5,27,195.1731,0.9706,0.0
5,28,201.1351,0.9706,0.0
5,29,153.8824,0.9706,0.0
5,30,158.0848,0.9706,0.0
5,31,187.5797,0.9706,0.0
5,32,165.193,0.9706,0.0
5,33,140.5625,0.9706,0.0
5,34,125.8437,0.9706,0.0
5,35,109.806,0.9706,0.0
5,36,95.1763,0.9706,0.0
5,37,506.9421,0.9706,0.0
5,38,445.2608,0.9706,0.0
5,39,389.8823,0.9706,0.0
5,40,350.197,0.9706,0.0
5,41,319.1151,0.9706,0.0
5,42,245.8527,0.9706,0.0
5,43,274.5334,0.9706,0.0
5,44,208.6362,0.9706,0.0
5,45,228.2822,0.9706,0.0
5,46,211.5559,0.9706,0.0
5,47,176.0603,0.9706,0.0
5,48,186.2199,0.9706,0.0
5,49,234.2171,0.9706,0.0
5,50,216.4276,0.9706,0.0
5,51,192.5542,0.9706,0.0
5,52,178.3919,0.9706,0.0
5,53,160.9679,0.9706,0.0
5,54,144.3697,0.9706,0.0
5,55,617.6058,0.9706,0.0
5,56,567.5136,0.9706,0.0
5,57,498.4534,0.9706,0.0
5,58,227.4189,0.9706,2.7991
5,59,502.4967,0.9706,0.0
5,60,482.5077,0.9706,0.0
5,61,470.4029,0.9706,0.0
5,62,459.2753,0.9706,0.0
5,63,449.4102,0.9706,0.0
5,64,352.9087,0.9706,0.0
5,65,397.4499,0.9706,0.0
5,66,383.2952,0.9706,0.0
5,67,405.3285,0.9706,0.0
5,68,396.7377,0.9706,0.0
5,69,388.989,0.9706,0.0
5,70,384.4701,0.9706,0.0
5,71,323.645,0.9706,0.0
5,72,318.2872,0.9706,0.0
5,73,290.1801,0.9706,0.0
5,74,244.5675,0.9706,0.0
5,75,248.7775,0.9706,0.0
5,76,225.1819,0.9706,0.0
5,77,205.9702,0.9706,0.0
5,78,170.6556,0.9706,0.0
5,79,159.2635,0.9706,0.0
5,80,163.882,0.9706,0.0
5,81,240.0,0.9706,0.0
5,82,234.6048,0.9706,0.0
5,83,215.3027,0.9706,0.0
5,84,205.1334,0.9706,0.0
5,85,188.9991,0.9706,0.0
5,86,172.8854,0.9706,0.0
5,87,582.9815,0.9706,0.0
5,88,561.0086,0.9706,0.0
5,89,495.6389,0.9706,0.0
5,90,444.8102,0.9706,0.0
5,91,441.5578,0.9706,0.0
5,92,427.4807,0.9706,0.0
5,93,440.271,0.9706,0.0
5,94,426.3255,0.9706,0.0
5,1,23.8412,0.9706,0.0
5,3,77.6633,0.9706,0.9865
5,4,98.9938,0.9706,0.9808
5,5,75.3686,0.9706,0.9706
6,1,11.3932,0.9868,0.9118
6,2,7.7065,0.9868,0.0
6,3,160.459,0.9868,0.0
6,4,96.5431,0.9868,0.0
6,5,66.7986,0.9868,0.0
6,6,46.0681,0.9868,0.0
6,7,32.7009,0.9868,0.0
6,8,25.0097,0.9868,0.0
6,9,19.0974,0.9868,0.0
6,10,14.7716,0.9868,0.0
6,11,192.3729,0.9868,0.0
6,12,152.613,0.9868,0.0
6,13,142.6094,0.9868,0.0
6,14,114.4405,0.9868,0.0
6,15,90.6767,0.9868,0.0
6,16,76.0552,0.9868,0.0
6,17,62.7465,0.9868,0.0
6,18,51.7684,0.9868,0.0
6,19,314.58,0.9868,0.0
6,20,265.1206,0.9868,0.0
6,21,220.1854,0.9868,0.0
6,22,213.8682,0.9868,0.0
6,23,196.4885,0.9868,0.0
6,24,155.1171,0.9868,0.0
6,25,169.9796,0.9868,0.0
6,26,133.77,0.9868,0.0
6,27,142.514,0.9868,0.0
6,28,146.2711,0.9868,0.0
6,29,112.3914,0.9868,0.0
6,30,116.3987,0.9868,0.0
6,31,137.4723,0.9868,0.0
6,32,122.8805,0.9868,0.0
6,33,106.1686,0.9868,0.0
6,34,96.0599,0.9868,0.0
6,35,84.7723,0.9868,0.0
6,36,74.2865,0.9868,0.0
6,37,353.6302,0.9868,0.0
6,38,315.8923,0.9868,0.0
6,39,279.4727,0.9868,0.0
6,40,252.8213,0.9868,0.0
6,41,231.5976,0.9868,0.0
6,42,180.339,0.9868,0.0
6,43,200.5464,0.9868,0.0
6,44,154.1938,0.9868,0.0
6,45,168.3115,0.9868,0.0
6,46,156.5006,0.9868,0.0
6,47,130.5144,0.9868,0.0
6,48,138.3672,0.9868,0.0
6,49,172.1229,0.9868,0.0
6,50,160.791,0.9868,0.0
6,51,144.8462,0.9868,0.0
6,52,135.3122,0.9868,0.0
6,53,123.2538,0.9868,0.0
6,54,111.5923,0.9868,0.0
6,55,431.5172,0.9868,0.0
6,56,401.8774,0.9868,0.0
6,57,356.461,0.9868,0.0
6,58,170.9262,0.9868,2.7991
6,59,357.1399,0.9868,0.0
6,60,343.4153,0.9868,0.0
6,61,334.9245,0.9868,0.0
6,62,327.0991,0.9868,0.0
6,63,320.1657,0.9868,0.0
6,64,254.8122,0.9868,0.0
6,65,282.8547,0.9868,0.0
6,66,273.3375,0.9868,0.0
6,67,289.392,0.9868,0.0
6,68,283.3001,0.9868,0.0
6,69,277.8493,0.9868,0.0
6,70,274.45,0.9868,0.0
6,71,233.1394,0.9868,0.0
6,72,231.6334,0.9868,0.0
6,73,212.8041,0.9868,0.0
6,74,180.8462,0.9868,0.0
6,75,184.3586,0.9868,0.0
6,76,168.0477,0.9868,0.0
6,77,154.6248,0.9868,0.0
6,78,129.1835,0.9868,0.0
6,79,120.9485,0.9868,0.0
6,80,124.5951,0.9868,0.0
6,81,177.4853,0.9868,0.0
6,82,174.7675,0.9868,0.0
6,83,162.074,0.9868,0.0
6,84,155.4506,0.9868,0.0
6,85,144.4532,0.9868,0.0
6,86,133.2432,0.9868,0.0
6,87,410.586,0.9868,0.0
6,88,399.5225,0.9868,0.0
6,89,356.1127,0.9868,0.0
6,90,323.4959,0.9868,0.0
6,91,319.6761,0.9868,0.0
6,92,309.6082,0.9868,0.0
6,93,316.5967,0.9868,0.0
6,94,306.9303,0.9868,0.0
6,1,18.0575,0.9868,0.0
6,3,56.3468,0.9868,0.9865
6,4,72.3162,0.9868,0.9808
6,5,56.5295,0.9868,0.9706
6,6,43.2452,0.9868,0.9868
7,1,8.1417,0.9944,0.9118
7,2,5.7601,0.9944,0.0
7,3,101.2701,0.9944,0.0
7,4,63.858,0.9944,0.0
7,5,45.7319,0.9944,0.0
7,6,32.4848,0.9944,0.0
7,7,23.6295,0.9944,0.0
7,8,18.4128,0.9944,0.0
7,9,14.3015,0.9944,0.0
7,10,11.2243,0.9944,0.0
7,11,121.9601,0.9944,0.0
7,12,100.1443,0.9944,0.0
7,13,95.0916,0.9944,0.0
7,14,78.0466,0.9944,0.0
7,15,63.1669,0.9944,0.0
7,16,53.8107,0.9944,0.0
7,17,45.0952,0.9944,0.0
7,18,37.7522,0.9944,0.0
7,19,199.4405,0.9944,0.0
7,20,172.0455,0.9944,0.0
7,21,143.7658,0.9944,0.0
7,22,140.7115,0.9944,0.0
7,23,129.8297,0.9944,0.0
7,24,103.0189,0.9944,0.0
7,25,113.0248,0.9944,0.0
7,26,89.4868,0.9944,0.0
7,27,95.7051,0.9944,0.0
7,28,97.7761,0.9944,0.0
7,29,75.5987,0.9944,0.0
7,30,78.9183,0.9944,0.0
7,31,92.6025,0.9944,0.0
7,32,84.1276,0.9944,0.0
7,33,73.9142,0.9944,0.0
7,34,67.6636,0.9944,0.0
7,35,60.4728,0.9944,0.0
7,36,53.6496,0.9944,0.0
7,37,225.1919,0.9944,0.0
7,38,205.1574,0.9944,0.0
7,39,183.6851,0.9944,0.0
7,40,167.5501,0.9944,0.0
7,41,154.4356,0.9944,0.0
7,42,121.8066,0.9944,0.0
7,43,134.7887,0.9944,0.0
7,44,105.0905,0.9944,0.0
7,45,114.3496,0.9944,0.0
7,46,106.7438,0.9944,0.0
7,47,89.3419,0.9944,0.0
7,48,94.877,0.9944,0.0
7,49,116.4959,0.9944,0.0
7,50,110.0951,0.9944,0.0
7,51,100.5182,0.9944,0.0
7,52,94.7508,0.9944,0.0
7,53,87.2028,0.9944,0.0
7,54,79.7773,0.9944,0.0
7,55,275.2567,0.9944,0.0
7,56,260.4481,0.9944,0.0
7,57,233.6619,0.9944,0.0
7,58,118.547,0.9944,2.7991
7,59,232.5783,0.9944,0.0
7,60,224.004,0.9944,0.0
7,61,218.5611,0.9944,0.0
7,62,213.5277,0.9944,0.0
7,63,209.07,0.9944,0.0
7,64,169.0556,0.9944,0.0
7,65,184.5904,0.9944,0.0
7,66,178.8074,0.9944,0.0
7,67,189.4531,0.9944,0.0
7,68,185.4931,0.9944,0.0
7,69,181.9823,0.9944,0.0
7,70,179.6202,0.9944,0.0
7,71,154.2292,0.9944,0.0
7,72,154.9102,0.9944,0.0
7,73,143.5763,0.9944,0.0
7,74,123.2302,0.9944,0.0
7,75,125.9121,0.9944,0.0
7,76,115.6938,0.9944,0.0
7,77,107.1775,0.9944,0.0
7,78,90.4456,0.9944,0.0
7,79,85.0146,0.9944,0.0
7,80,87.649,0.9944,0.0
7,81,121.08,0.9944,0.0
7,82,120.1268,0.9944,0.0
7,83,112.6485,0.9944,0.0
7,84,108.8134,0.9944,0.0
7,85,102.0524,0.9944,0.0
7,86,94.9928,0.9944,0.0
7,87,264.443,0.9944,0.0
7,88,260.6529,0.9944,0.0
7,89,234.7652,0.9944,0.0
7,90,216.3074,0.9944,0.0
7,91,212.7456,0.9944,0.0
7,92,206.1631,0.9944,0.0
7,93,209.1524,0.9944,0.0
7,94,203.0418,0.9944,0.0
7,1,12.598,0.9944,0.0
7,3,37.4939,0.9944,0.9865
7,4,48.4885,0.9944,0.9808
7,5,39.0433,0.9944,0.9706
7,6,30.541,0.9944,0.9868
7,7,22.1241,0.9944,0.9944
8,1,6.0575,0.9925,0.9118
8,2,4.4593,0.9925,0.0
8,3,67.9312,0.9925,0.0
8,4,44.4968,0.9925,0.0
8,5,32.8136,0.9925,0.0
8,6,23.912,0.9925,0.0
8,7,17.7698,0.9925,0.0
8,8,14.0764,0.9925,0.0
8,9,11.0994,0.9925,0.0
8,10,8.8252,0.9925,0.0
8,11,82.182,0.9925,0.0
8,12,69.3675,0.9925,0.0
8,13,66.7451,0.9925,0.0
8,14,55.8175,0.9925,0.0
8,15,45.9937,0.9925,0.0
8,16,39.7091,0.9925,0.0
8,17,33.7313,0.9925,0.0
8,18,28.6,0.9925,0.0
8,19,134.6508,0.9925,0.0
8,20,118.2411,0.9925,0.0
8,21,99.2939,0.9925,0.0
8,22,97.8345,0.9925,0.0
8,23,90.6007,0.9925,0.0
8,24,72.2872,0.9925,0.0
8,25,79.3047,0.9925,0.0
8,26,63.1865,0.9925,0.0
8,27,67.7117,0.9925,0.0
8,28,68.9086,0.9925,0.0
8,29,53.642,0.9925,0.0
8,30,56.2884,0.9925,0.0
8,31,65.6214,0.9925,0.0
8,32,60.4041,0.9925,0.0
8,33,53.8153,0.9925,0.0
8,34,49.7552,0.9925,0.0
8,35,44.951,0.9925,0.0
8,36,40.3043,0.9925,0.0
8,37,152.6757,0.9925,0.0
8,38,141.1592,0.9925,0.0
8,39,127.6282,0.9925,0.0
8,40,117.2328,0.9925,0.0
8,41,108.6378,0.9925,0.0
8,42,86.6803,0.9925,0.0
8,43,95.4966,0.9925,0.0
8,44,75.391,0.9925,0.0
8,45,81.764,0.9925,0.0
8,46,76.5871,0.9925,0.0
8,47,64.388,0.9925,0.0
8,48,68.3943,0.9925,0.0
8,49,83.0278,0.9925,0.0
8,50,79.1704,0.9925,0.0
8,51,73.0718,0.9925,0.0
8,52,69.3901,0.9925,0.0
8,53,64.4141,0.9925,0.0
8,54,59.4468,0.9925,0.0
8,55,186.8791,0.9925,0.0
8,56,178.9549,0.9925,0.0
8,57,162.0371,0.9925,0.0
8,58,86.1665,0.9925,2.7991
8,59,160.5233,0.9925,0.0
8,60,154.8067,0.9925,0.0
8,61,151.097,0.9925,0.0
8,62,147.6552,0.9925,0.0
8,63,144.6075,0.9925,0.0
8,64,118.5388,0.9925,0.0
8,65,127.7828,0.9925,0.0
8,66,124.0158,0.9925,0.0
8,67,131.3004,0.9925,0.0
8,68,128.5666,0.9925,0.0
8,69,126.1614,0.9925,0.0
8,70,124.4402,0.9925,0.0
8,71,107.8351,0.9925,0.0
8,72,109.2042,0.9925,0.0
8,73,101.9734,0.9925,0.0
8,74,88.3156,0.9925,0.0
8,75,90.3918,0.9925,0.0
8,76,83.6227,0.9925,0.0
8,77,77.9194,0.9925,0.0
8,78,66.3591,0.9925,0.0
8,79,62.6008,0.9925,0.0
8,80,64.5552,0.9925,0.0
8,81,86.9552,0.9925,0.0
8,82,86.7392,0.9925,0.0
8,83,82.0559,0.9925,0.0
8,84,79.7133,0.9925,0.0
8,85,75.3268,0.9925,0.0
8,86,70.648,0.9925,0.0
8,87,181.0055,0.9925,0.0
8,88,180.0988,0.9925,0.0
8,89,163.6042,0.9925,0.0
8,90,152.565,0.9925,0.0
8,91,149.5551,0.9925,0.0
8,92,145.0113,0.9925,0.0
8,93,146.1928,0.9925,0.0
8,94,142.0775,0.9925,0.0
8,1,9.1812,0.9925,0.0
8,3,26.2708,0.9925,0.9865
8,4,34.1983,0.9925,0.9808
8,5,28.2327,0.9925,0.9706
8,6,22.5178,0.9925,0.9868
8,7,16.6775,0.9925,0.9944
8,8,12.8161,0.9925,0.9925
9,1,4.2672,0.9982,0.9118
9,2,3.3077,0.9982,0.0
9,3,42.0627,0.9982,0.0
9,4,28.8615,0.9982,0.0
9,5,22.0931,0.9982,0.0
9,6,16.6373,0.9982,0.0
9,7,12.7107,0.9982,0.0
9,8,10.2867,0.9982,0.0
9,9,8.2739,0.9982,0.0
9,10,6.695,0.9982,0.0
9,11,51.2498,0.9982,0.0
9,12,44.7141,0.9982,0.0
9,13,43.7364,0.9982,0.0
9,14,37.4421,0.9982,0.0
9,15,31.5577,0.9982,0.0
9,16,27.7137,0.9982,0.0
9,17,23.9505,0.9982,0.0
9,18,20.6394,0.9982,0.0
9,19,84.3688,0.9982,0.0
9,20,75.585,0.9982,0.0
9,21,63.8564,0.9982,0.0
9,22,63.4748,0.9982,0.0
9,23,59.0665,0.9982,0.0
9,24,47.5318,0.9982,0.0
9,25,52.078,0.9982,0.0
9,26,41.8942,0.9982,0.0
9,27,44.9407,0.9982,0.0
9,28,45.5155,0.9982,0.0
9,29,35.81,0.9982,0.0
9,30,37.7559,0.9982,0.0
9,31,43.5685,0.9982,0.0
9,32,40.75,0.9982,0.0
9,33,36.9389,0.9982,0.0
9,34,34.5792,0.9982,0.0
9,35,31.6699,0.9982,0.0
9,36,28.78,0.9982,0.0
9,37,96.2235,0.9982,0.0
9,38,90.4081,0.9982,0.0
9,39,82.7337,0.9982,0.0
9,40,76.6712,0.9982,0.0
9,41,71.5493,0.9982,0.0
9,42,57.9784,0.9982,0.0
9,43,63.5079,0.9982,0.0
9,44,50.977,0.9982,0.0
9,45,55.024,0.9982,0.0
9,46,51.774,0.9982,0.0
9,47,43.848,0.9982,0.0
9,48,46.534,0.9982,0.0
9,49,55.6589,0.9982,0.0
9,50,53.6243,0.9982,0.0
9,51,50.1473,0.9982,0.0
9,52,48.0535,0.9982,0.0
9,53,45.0848,0.9982,0.0
9,54,42.0634,0.9982,0.0
9,55,117.9718,0.9982,0.0
9,56,114.4676,0.9982,0.0
9,57,104.8095,0.9982,0.0
9,58,59.1379,0.9982,2.7991
9,59,103.3616,0.9982,0.0
9,60,99.8331,0.9982,0.0
9,61,97.4789,0.9982,0.0
9,62,95.2846,0.9982,0.0
9,63,93.341,0.9982,0.0
9,64,77.8742,0.9982,0.0
9,65,82.7154,0.9982,0.0
9,66,80.4607,0.9982,0.0
9,67,84.9478,0.9982,0.0
9,68,83.1827,0.9982,0.0
9,69,81.6437,0.9982,0.0
9,70,80.4575,0.9982,0.0
9,71,70.5522,0.9982,0.0
9,72,72.0887,0.9982,0.0
9,73,67.959,0.9982,0.0
9,74,59.5758,0.9982,0.0
9,75,61.0949,0.9982,0.0
9,76,57.0111,0.9982,0.0
9,77,53.5214,0.9982,0.0
9,78,46.1442,0.9982,0.0
9,79,43.7468,0.9982,0.0
9,80,45.1205,0.9982,0.0
9,81,58.9129,0.9982,0.0
9,82,59.1097,0.9982,0.0
9,83,56.5007,0.9982,0.0
9,84,55.2614,0.9982,0.0
9,85,52.7033,0.9982,0.0
9,86,49.8927,0.9982,0.0
9,87,115.4321,0.9982,0.0
9,88,116.0062,0.9982,0.0
9,89,106.5303,0.9982,0.0
9,90,100.9029,0.9982,0.0
9,91,98.5768,0.9982,0.0
9,92,95.6625,0.9982,0.0
9,93,95.7322,0.9982,0.0
9,94,93.1614,0.9982,0.0
9,1,6.3,0.9982,0.0
9,3,17.1733,0.9982,0.9865
9,4,22.5413,0.9982,0.9808
9,5,19.2029,0.9982,0.9706
9,6,15.6857,0.9982,0.9868
9,7,11.947,0.9982,0.9944
9,8,9.4048,0.9982,0.9925
9,9,7.1341,0.9982,0.9982
11,1,20.7567,0.9684,0.9118
11,2,12.7287,0.9684,0.0
11,3,425.7161,0.9684,0.0
11,4,218.6572,0.9684,0.0
11,5,136.9536,0.9684,0.0
11,6,87.3956,0.9684,0.0
11,7,58.4853,0.9684,0.0
11,8,42.8911,0.9684,0.0
11,9,31.606,0.9684,0.0
11,10,23.7745,0.9684,0.0
11,11,505.4363,0.9684,0.0
11,12,355.918,0.9684,0.0
11,13,316.4588,0.9684,0.0
11,14,237.1326,0.9684,0.0
11,15,176.9205,0.9684,0.0
11,16,142.543,0.9684,0.0
11,17,113.1025,0.9684,0.0
11,18,90.1735,0.9684,0.0
11,19,840.8299,0.9684,0.0
11,20,648.3105,0.9684,0.0
11,21,527.0917,0.9684,0.0
11,22,501.2393,0.9684,0.0
11,23,454.803,0.9684,0.0
11,24,357.1508,0.9684,0.0
11,25,386.3426,0.9684,0.0
11,26,301.7401,0.9684,0.0
11,27,314.1718,0.9684,0.0
11,28,326.8271,0.9684,0.0
11,29,249.8197,0.9684,0.0
11,30,249.3925,0.9684,0.0
11,31,298.4007,0.9684,0.0
11,32,253.1433,0.9684,0.0
11,33,208.1802,0.9684,0.0
11,34,182.4744,0.9684,0.0
11,35,155.8202,0.9684,0.0
11,36,132.4348,0.9684,0.0
11,37,936.3006,0.9684,0.0
11,38,773.9854,0.9684,0.0
11,39,658.7963,0.9684,0.0
11,40,581.248,0.9684,0.0
11,41,523.4058,0.9684,0.0
11,42,395.0058,0.9684,0.0
11,43,444.5269,0.9684,0.0
11,44,330.2273,0.9684,0.0
11,45,361.4287,0.9684,0.0
11,46,332.4392,0.9684,0.0
11,47,277.9428,0.9684,0.0
11,48,289.8474,0.9684,0.0
11,49,373.3794,0.9684,0.0
11,50,334.7023,0.9684,0.0
11,51,288.9888,0.9684,0.0
11,52,262.8846,0.9684,0.0
11,53,232.6053,0.9684,0.0
11,54,204.7986,0.9684,0.0
11,55,1138.9256,0.9684,0.0
11,56,995.366,0.9684,0.0
11,57,850.0768,0.9684,0.0
11,58,343.1382,0.9684,2.7991
11,59,873.5134,0.9684,0.0
11,60,834.9263,0.9684,0.0
11,61,812.935,0.9684,0.0
11,62,792.8336,0.9684,0.0
11,63,774.9719,0.9684,0.0
11,64,589.6821,0.9684,0.0
11,65,695.0211,0.9684,0.0
11,66,666.6515,0.9684,0.0
11,67,694.0742,0.9684,0.0
11,68,678.8486,0.9684,0.0
11,69,664.858,0.9684,0.0
11,70,657.9922,0.9684,0.0
11,71,542.0872,0.9684,0.0
11,72,517.4295,0.9684,0.0
11,73,463.2724,0.9684,0.0
11,74,384.9091,0.9684,0.0
11,75,388.7971,0.9684,0.0
11,76,346.3997,0.9684,0.0
11,77,312.8132,0.9684,0.0
11,78,255.7289,0.9684,0.0
11,79,237.4044,0.9684,0.0
11,80,242.7919,0.9684,0.0
11,81,379.7209,0.9684,0.0
11,82,362.5649,0.9684,0.0
11,83,323.935,0.9684,0.0
11,84,303.8303,0.9684,0.0
11,85,274.7315,0.9684,0.0
11,86,247.0635,0.9684,0.0
11,87,1052.1318,0.9684,0.0
11,88,969.7421,0.9684,0.0
11,89,834.865,0.9684,0.0
11,90,726.9387,0.9684,0.0
11,91,732.6554,0.9684,0.0
11,92,708.7936,0.9684,0.0
11,93,743.919,0.9684,0.0
11,94,717.91,0.9684,0.0
11,1,34.9952,0.9684,0.0
11,3,125.8245,0.9684,0.9865
11,4,158.3268,0.9684,0.9808
11,5,113.4016,0.9684,0.9706
11,6,82.0144,0.9684,0.9868
11,7,54.4454,0.9684,0.9944
11,8,38.1227,0.9684,0.9925
11,9,24.956,0.9684,0.9982
11,11,186.1052,0.9684,0.9684
12,1,31.9913,0.9628,0.9118
12,2,19.4648,0.9628,0.0
12,3,670.033,0.9628,0.0
12,4,340.2602,0.9628,0.0
12,5,212.218,0.9628,0.0
12,6,134.9227,0.9628,0.0
12,7,89.9646,0.9628,0.0
12,8,65.7609,0.9628,0.0
12,9,48.2865,0.9628,0.0
12,10,36.1911,0.9628,0.0
12,11,794.7597,0.9628,0.0
12,12,554.5967,0.9628,0.0
12,13,492.0829,0.9628,0.0
12,14,367.5811,0.9628,0.0
12,15,273.5268,0.9628,0.0
12,16,219.9489,0.9628,0.0
12,17,174.1399,0.9628,0.0
12,18,138.519,0.9628,0.0
12,19,1327.3176,0.9628,0.0
12,20,1013.7695,0.9628,0.0
12,21,822.8957,0.9628,0.0
12,22,781.6993,0.9628,0.0
12,23,708.7684,0.9628,0.0
12,24,556.6127,0.9628,0.0
12,25,601.4499,0.9628,0.0
12,26,469.6437,0.9628,0.0
12,27,488.1715,0.9628,0.0
12,28,508.1585,0.9628,0.0
12,29,388.4209,0.9628,0.0
12,30,386.8884,0.9628,0.0
12,31,463.5691,0.9628,0.0
12,32,392.2533,0.9628,0.0
12,33,321.8732,0.9628,0.0
12,34,281.7173,0.9628,0.0
12,35,240.1565,0.9628,0.0
12,36,203.7473,0.9628,0.0
12,37,1477.6556,0.9628,0.0
12,38,1210.9593,0.9628,0.0
12,39,1028.1365,0.9628,0.0
12,40,905.775,0.9628,0.0
12,41,814.9289,0.9628,0.0
12,42,614.0265,0.9628,0.0
12,43,691.4497,0.9628,0.0
12,44,512.6759,0.9628,0.0
12,45,561.001,0.9628,0.0
12,46,515.6457,0.9628,0.0
12,47,431.2807,0.9628,0.0
12,48,449.1567,0.9628,0.0
12,49,579.9234,0.9628,0.0
12,50,518.6518,0.9628,0.0
12,51,446.923,0.9628,0.0
12,52,406.0728,0.9628,0.0
12,53,358.8052,0.9628,0.0
12,54,315.4581,0.9628,0.0
12,55,1799.018,0.9628,0.0
12,56,1559.505,0.9628,0.0
12,57,1328.251,0.9628,0.0
12,58,530.865,0.9628,2.7991
12,59,1367.2714,0.9628,0.0
12,60,1305.9,0.9628,0.0
12,61,1271.2883,0.9628,0.0
12,62,1239.6749,0.9628,0.0
12,63,1211.5825,0.9628,0.0
12,64,919.6329,0.9628,0.0
12,65,1089.8214,0.9628,0.0
12,66,1045.1961,0.9628,0.0
12,67,1084.2313,0.9628,0.0
12,68,1060.3386,0.9628,0.0
12,69,1038.3601,0.9628,0.0
12,70,1027.7356,0.9628,0.0
12,71,845.5386,0.9628,0.0
12,72,805.0014,0.9628,0.0
12,73,719.7152,0.9628,0.0
12,74,597.4344,0.9628,0.0
12,75,603.0907,0.9628,0.0
12,76,536.6221,0.9628,0.0
12,77,484.0716,0.9628,0.0
12,78,395.2401,0.9628,0.0
12,79,366.7017,0.9628,0.0
12,80,374.8552,0.9628,0.0
12,81,589.5395,0.9628,0.0
12,82,561.7298,0.9628,0.0
12,83,500.9223,0.9628,0.0
12,84,469.3523,0.9628,0.0
12,85,423.85,0.9628,0.0
12,86,380.6793,0.9628,0.0
12,87,1657.507,0.9628,0.0
12,88,1517.3457,0.9628,0.0
12,89,1302.8376,0.9628,0.0
12,90,1131.3898,0.9628,0.0
12,91,1141.8668,0.9628,0.0
12,92,1104.5083,0.9628,0.0
12,93,1160.8135,0.9628,0.0
12,94,1119.8466,0.9628,0.0
12,1,54.1021,0.9628,0.0
12,3,195.7057,0.9628,0.9865
12,4,246.2227,0.9628,0.9808
12,5,175.5646,0.9628,0.9706
12,6,126.6657,0.9628,0.9868
12,7,83.7703,0.9628,0.9944
12,8,58.4303,0.9628,0.9925
12,9,37.9884,0.9628,0.9982
12,11,289.6082,0.9628,0.9684
12,12,451.2708,0.9628,0.9628
13,1,33.1048,0.9648,0.9118
13,2,20.5158,0.9648,0.0
13,3,627.5309,0.9648,0.0
13,4,334.7335,0.9648,0.0
13,5,213.8848,0.9648,0.0
13,6,138.3254,0.9648,0.0
13,7,93.3542,0.9648,0.0
13,8,68.7983,0.9648,0.0
13,9,50.8577,0.9648,0.0
13,10,38.3154,0.9648,0.0
13,11,746.3419,0.9648,0.0
13,12,541.0285,0.9648,0.0
13,13,486.2365,0.9648,0.0
13,14,369.6232,0.9648,0.0
13,15,278.9272,0.9648,0.0
13,16,226.2156,0.9648,0.0
13,17,180.543,0.9648,0.0
13,18,144.5798,0.9648,0.0
13,19,1233.2237,0.9648,0.0
13,20,973.0493,0.9648,0.0
13,21,795.2206,0.9648,0.0
13,22,759.4532,0.9648,0.0
13,23,690.9156,0.9648,0.0
13,24,542.2459,0.9648,0.0
13,25,589.1475,0.9648,0.0
13,26,460.0496,0.9648,0.0
13,27,482.299,0.9648,0.0
13,28,500.3525,0.9648,0.0
13,29,381.9923,0.9648,0.0
13,30,385.1449,0.9648,0.0
13,31,459.9544,0.9648,0.0
13,32,394.665,0.9648,0.0
13,33,327.7229,0.9648,0.0
13,34,288.8485,0.9648,0.0
13,35,247.9692,0.9648,0.0
13,36,211.6949,0.9648,0.0
13,37,1375.2558,0.9648,0.0
13,38,1160.2539,0.9648,0.0
13,39,996.3757,0.9648,0.0
13,40,883.8541,0.9648,0.0
13,41,798.6094,0.9648,0.0
13,42,605.9135,0.9648,0.0
13,43,680.5427,0.9648,0.0
13,44,508.5289,0.9648,0.0
13,45,557.0043,0.9648,0.0
13,46,513.4163,0.9648,0.0
13,47,427.9962,0.9648,0.0
13,48,448.8071,0.9648,0.0
13,49,574.342,0.9648,0.0
13,50,519.8424,0.9648,0.0
13,51,452.8494,0.9648,0.0
13,52,414.0544,0.9648,0.0
13,53,368.2792,0.9648,0.0
13,54,325.7625,0.9648,0.0
13,55,1673.1922,0.9648,0.0
13,56,1487.2964,0.9648,0.0
13,57,1281.5229,0.9648,0.0
13,58,536.5626,0.9648,2.7991
13,59,1308.6041,0.9648,0.0
13,60,1252.6928,0.9648,0.0
13,61,1220.2246,0.9648,0.0
13,62,1190.5003,0.9648,0.0
13,63,1164.1089,0.9648,0.0
13,64,893.9515,0.9648,0.0
13,65,1038.1047,0.9648,0.0
13,66,997.3837,0.9648,0.0
13,67,1045.0038,0.9648,0.0
13,68,1022.3674,0.9648,0.0
13,69,1001.6784,0.9648,0.0
13,70,990.9808,0.9648,0.0
13,71,821.6005,0.9648,0.0
13,72,791.8456,0.9648,0.0
13,73,712.7422,0.9648,0.0
13,74,594.1616,0.9648,0.0
13,75,601.578,0.9648,0.0
13,76,538.3855,0.9648,0.0
13,77,487.8984,0.9648,0.0
13,78,399.9768,0.9648,0.0
13,79,371.721,0.9648,0.0
13,80,381.059,0.9648,0.0
13,81,584.6972,0.9648,0.0
13,82,562.6875,0.9648,0.0
13,83,506.8663,0.9648,0.0
13,84,477.5862,0.9648,0.0
13,85,434.0969,0.9648,0.0
13,86,392.1169,0.9648,0.0
13,87,1555.8848,0.9648,0.0
13,88,1455.4241,0.9648,0.0
13,89,1263.3724,0.9648,0.0
13,90,1110.0628,0.9648,0.0
13,91,1113.0738,0.9648,0.0
13,92,1077.0005,0.9648,0.0
13,93,1123.8008,0.9648,0.0
13,94,1085.6846,0.9648,0.0
13,1,55.2636,0.9648,0.0
13,3,193.0707,0.9648,0.9865
13,4,243.7612,0.9648,0.9808
13,5,177.7254,0.9648,0.9706
13,6,129.6922,0.9648,0.9868
13,7,86.8728,0.9648,0.9944
13,8,61.2175,0.9648,0.9925
13,9,40.322,0.9648,0.9982
13,11,284.2251,0.9648,0.9684
13,12,441.7322,0.9648,0.9628
13,13,437.7575,0.9648,0.9648
14,1,27.4989,0.9507,0.9118
14,2,17.6356,0.9507,0.0
14,3,450.9583,0.9507,0.0
14,4,256.5881,0.9507,0.0
14,5,170.1891,0.9507,0.0
14,6,113.2046,0.9507,0.0
14,7,78.019,0.9507,0.0
14,8,58.3557,0.9507,0.0
14,9,43.6855,0.9507,0.0
14,10,33.2416,0.9507,0.0
14,11,538.3412,0.9507,0.0
14,12,409.9174,0.9507,0.0
14,13,375.5233,0.9507,0.0
14,14,292.9994,0.9507,0.0
14,15,226.0657,0.9507,0.0
14,16,186.0051,0.9507,0.0
14,17,150.5231,0.9507,0.0
14,18,122.0012,0.9507,0.0
14,19,881.2624,0.9507,0.0
14,20,722.5111,0.9507,0.0
14,21,595.6725,0.9507,0.0
14,22,573.4988,0.9507,0.0
14,23,524.2808,0.9507,0.0
14,24,411.8879,0.9507,0.0
14,25,450.2234,0.9507,0.0
14,26,352.2408,0.9507,0.0
14,27,373.0125,0.9507,0.0
14,28,385.0048,0.9507,0.0
14,29,294.1406,0.9507,0.0
14,30,301.1709,0.9507,0.0
14,31,357.9411,0.9507,0.0
14,32,313.3911,0.9507,0.0
14,33,265.0711,0.9507,0.0
14,34,236.3323,0.9507,0.0
14,35,205.2976,0.9507,0.0
14,36,177.1811,0.9507,0.0
14,37,986.0438,0.9507,0.0
14,38,860.3421,0.9507,0.0
14,39,750.3817,0.9507,0.0
14,40,672.1834,0.9507,0.0
14,41,611.3147,0.9507,0.0
14,42,469.1092,0.9507,0.0
14,43,524.6479,0.9507,0.0
14,44,396.9862,0.9507,0.0
14,45,434.7251,0.9507,0.0
14,46,402.3662,0.9507,0.0
14,47,334.6673,0.9507,0.0
14,48,353.5976,0.9507,0.0
14,49,446.5937,0.9507,0.0
14,50,410.896,0.9507,0.0
14,51,363.7846,0.9507,0.0
14,52,335.924,0.9507,0.0
14,53,301.9852,0.9507,0.0
14,54,269.8372,0.9507,0.0
14,55,1200.5803,0.9507,0.0
14,56,1097.398,0.9507,0.0
14,57,960.2332,0.9507,0.0
14,58,429.8074,0.9507,2.7991
14,59,970.3957,0.9507,0.0
14,60,931.2917,0.9507,0.0
14,61,907.797,0.9507,0.0
14,62,886.2193,0.9507,0.0
14,63,867.0844,0.9507,0.0
14,64,677.4806,0.9507,0.0
14,65,767.3055,0.9507,0.0
14,66,739.3975,0.9507,0.0
14,67,781.3748,0.9507,0.0
14,68,764.7668,0.9507,0.0
14,69,749.7413,0.9507,0.0
14,70,741.203,0.9507,0.0
14,71,621.8169,0.9507,0.0
14,72,609.0608,0.9507,0.0
14,73,553.6542,0.9507,0.0
14,74,465.1942,0.9507,0.0
14,75,472.7923,0.9507,0.0
14,76,426.798,0.9507,0.0
14,77,389.4988,0.9507,0.0
14,78,321.7183,0.9507,0.0
14,79,299.8858,0.9507,0.0
14,80,308.4263,0.9507,0.0
14,81,456.5872,0.9507,0.0
14,82,445.0036,0.9507,0.0
14,83,406.7017,0.9507,0.0
14,84,386.4675,0.9507,0.0
14,85,354.8666,0.9507,0.0
14,86,323.5411,0.9507,0.0
14,87,1129.8915,0.9507,0.0
14,88,1082.5018,0.9507,0.0
14,89,953.1426,0.9507,0.0
14,90,851.4758,0.9507,0.0
14,91,846.7959,0.9507,0.0
14,92,819.6856,0.9507,0.0
14,93,846.5543,0.9507,0.0
14,94,819.3698,0.9507,0.0
14,1,44.903,0.9507,0.0
14,3,148.7478,0.9507,0.9865
14,4,189.109,0.9507,0.9808
14,5,142.5123,0.9507,0.9706
14,6,106.0806,0.9507,0.9868
14,7,72.6373,0.9507,0.9944
14,8,52.1311,0.9507,0.9925
14,9,35.129,0.9507,0.9982
14,11,217.5049,0.9507,0.9684
14,12,337.025,0.9507,0.9628
14,13,339.6516,0.9507,0.9648
14,14,270.265,0.9507,0.9507
15,1,23.0908,0.9947,0.9118
15,2,15.2619,0.9947,0.0
15,3,339.6693,0.9947,0.0
15,4,202.2282,0.9947,0.0
15,5,138.0774,0.9947,0.0
15,6,93.9663,0.9947,0.0
15,7,65.9127,0.9947,0.0
15,8,49.9374,0.9947,0.0
15,9,37.8035,0.9947,0.0
15,10,29.028,0.9947,0.0
15,11,406.715,0.9947,0.0
15,12,320.4176,0.9947,0.0
15,13,297.8076,0.9947,0.0
15,14,236.9864,0.9947,0.0
15,15,186.0684,0.9947,0.0
15,16,154.9229,0.9947,0.0
15,17,126.8312,0.9947,0.0
15,18,103.8653,0.9947,0.0
15,19,663.1184,0.9947,0.0
15,20,557.4255,0.9947,0.0
15,21,462.3511,0.9947,0.0
15,22,447.959,0.9947,0.0
15,23,411.0121,0.9947,0.0
15,24,323.5914,0.9947,0.0
15,25,354.8432,0.9947,0.0
15,26,278.402,0.9947,0.0
15,27,296.5789,0.9947,0.0
15,28,304.9145,0.9947,0.0
15,29,233.4898,0.9947,0.0
15,30,241.438,0.9947,0.0
15,31,285.8072,0.9947,0.0
15,32,253.9744,0.9947,0.0
15,33,217.892,0.9947,0.0
15,34,196.0806,0.9947,0.0
15,35,171.991,0.9947,0.0
15,36,149.7933,0.9947,0.0
15,37,744.2475,0.9947,0.0
15,38,663.5656,0.9947,0.0
15,39,585.2467,0.9947,0.0
15,40,528.0841,0.9947,0.0
15,41,482.7036,0.9947,0.0
15,42,373.9427,0.9947,0.0
15,43,416.708,0.9947,0.0
15,44,318.5912,0.9947,0.0
15,45,348.4449,0.9947,0.0
15,46,323.5276,0.9947,0.0
15,47,269.122,0.9947,0.0
15,48,285.4802,0.9947,0.0
15,49,356.9069,0.9947,0.0
15,50,332.1722,0.9947,0.0
15,51,297.6598,0.9947,0.0
15,52,276.9809,0.9947,0.0
15,53,251.1081,0.9947,0.0
15,54,226.2211,0.9947,0.0
15,55,907.2993,0.9947,0.0
15,56,844.012,0.9947,0.0
15,57,746.5993,0.9947,0.0
15,58,351.1585,0.9947,2.7991
15,59,749.1438,0.9947,0.0
15,60,720.145,0.9947,0.0
15,61,702.2959,0.9947,0.0
15,62,685.862,0.9947,0.0
15,63,671.3009,0.9947,0.0
15,64,531.5424,0.9947,0.0
15,65,592.0135,0.9947,0.0
15,66,571.7481,0.9947,0.0
15,67,606.494,0.9947,0.0
15,68,593.7403,0.9947,0.0
15,69,582.2956,0.9947,0.0
15,70,575.3262,0.9947,0.0
15,71,487.0619,0.9947,0.0
15,72,482.4616,0.9947,0.0
15,73,441.8616,0.9947,0.0
15,74,373.8654,0.9947,0.0
15,75,380.912,0.9947,0.0
15,76,346.1326,0.9947,0.0
15,77,317.6085,0.9947,0.0
15,78,264.1091,0.9947,0.0
15,79,246.8308,0.9947,0.0
15,80,254.3128,0.9947,0.0
15,81,366.5842,0.9947,0.0
15,82,360.2631,0.9947,0.0
15,83,332.7186,0.9947,0.0
15,84,318.1841,0.9947,0.0
15,85,294.471,0.9947,0.0
15,86,270.4677,0.9947,0.0
15,87,861.3824,0.9947,0.0
15,88,837.5128,0.9947,0.0
15,89,744.7632,0.9947,0.0
15,90,673.5688,0.9947,0.0
15,91,666.2582,0.9947,0.0
15,92,645.1405,0.9947,0.0
15,93,661.2805,0.9947,0.0
15,94,640.8761,0.9947,0.0
15,1,37.0236,0.9947,0.0
15,3,117.7472,0.9947,0.9865
15,4,150.6068,0.9947,0.9808
15,5,116.3818,0.9947,0.9706
15,6,88.0769,0.9947,0.9868
15,7,61.4286,0.9947,0.9944
15,8,44.777,0.9947,0.9925
15,9,30.7688,0.9947,0.9982
15,11,171.4469,0.9947,0.9684
15,12,265.0378,0.9947,0.9628
15,13,270.358,0.9947,0.9648
15,14,219.2863,0.9947,0.9507
15,15,180.6238,0.9947,0.9947
16,1,19.8667,0.9948,0.9118
16,2,13.4598,0.9948,0.0
16,3,271.3011,0.9948,0.0
16,4,166.1807,0.9948,0.0
16,5,115.8168,0.9948,0.0
16,6,80.1804,0.9948,0.0
16,7,57.0255,0.9948,0.0
16,8,43.6548,0.9948,0.0
16,9,33.355,0.9948,0.0
16,10,25.8107,0.9948,0.0
16,11,325.5969,0.9948,0.0
16,12,261.9437,0.9948,0.0
16,13,245.8568,0.9948,0.0
16,14,198.3266,0.9948,0.0
16,15,157.6971,0.9948,0.0
16,16,132.4922,0.9948,0.0
16,17,109.4486,0.9948,0.0
16,18,90.3716,0.9948,0.0
16,19,530.5192,0.9948,0.0
16,20,452.3745,0.9948,0.0
16,21,376.6142,0.9948,0.0
16,22,366.5151,0.9948,0.0
16,23,337.125,0.9948,0.0
16,24,266.0762,0.9948,0.0
16,25,292.1257,0.9948,0.0
16,26,229.8776,0.9948,0.0
16,27,245.5988,0.9948,0.0
16,28,251.8097,0.9948,0.0
16,29,193.3865,0.9948,0.0
16,30,201.0704,0.9948,0.0
16,31,237.2563,0.9948,0.0
16,32,212.9437,0.9948,0.0
16,33,184.5467,0.9948,0.0
16,34,167.2264,0.9948,0.0
16,35,147.7679,0.9948,0.0
16,36,129.6123,0.9948,0.0
16,37,596.8763,0.9948,0.0
16,38,538.6724,0.9948,0.0
16,39,478.5204,0.9948,0.0
16,40,433.9036,0.9948,0.0
16,41,398.0419,0.9948,0.0
16,42,310.5861,0.9948,0.0
16,43,345.1434,0.9948,0.0
16,44,265.9528,0.9948,0.0
16,45,290.4146,0.9948,0.0
16,46,270.2524,0.9948,0.0
16,47,225.1181,0.9948,0.0
16,48,239.1784,0.9948,0.0
16,49,296.8214,0.9948,0.0
16,50,278.2787,0.9948,0.0
16,51,251.4344,0.9948,0.0
16,52,235.2519,0.9948,0.0
16,53,214.6002,0.9948,0.0
16,54,194.5237,0.9948,0.0
16,55,728.4653,0.9948,0.0
16,56,684.2353,0.9948,0.0
16,57,609.442,0.9948,0.0
16,58,296.4581,0.9948,2.7991
16,59,608.9119,0.9948,0.0
16,60,585.9134,0.9948,0.0
16,61,571.5397,0.9948,0.0
16,62,558.2816,0.9948,0.0
16,63,546.5395,0.9948,0.0
16,64,436.7785,0.9948,0.0
16,65,481.5894,0.9948,0.0
16,66,465.7758,0.9948,0.0
16,67,494.5285,0.9948,0.0
16,68,484.1791,0.9948,0.0
16,69,474.9443,0.9948,0.0
16,70,469.0567,0.9948,0.0
16,71,399.5952,0.9948,0.0
16,72,398.5915,0.9948,0.0
16,73,366.9477,0.9948,0.0
16,74,312.2081,0.9948,0.0
16,75,318.5556,0.9948,0.0
16,76,290.8263,0.9948,0.0
16,77,267.9114,0.9948,0.0
16,78,224.01,0.9948,0.0
16,79,209.7998,0.9948,0.0
16,80,216.3253,0.9948,0.0
16,81,306.1509,0.9948,0.0
16,82,302.3505,0.9948,0.0
16,83,281.1773,0.9948,0.0
16,84,270.0779,0.9948,0.0
16,85,251.355,0.9948,0.0
16,86,232.1258,0.9948,0.0
16,87,695.5353,0.9948,0.0
16,88,681.6558,0.9948,0.0
16,89,609.9341,0.9948,0.0
16,90,556.2492,0.9948,0.0
16,91,548.4971,0.9948,0.0
16,92,531.2554,0.9948,0.0
16,93,541.8703,0.9948,0.0
16,94,525.5777,0.9948,0.0
16,1,31.4127,0.9948,0.0
16,3,97.0849,0.9948,0.9865
16,4,124.7512,0.9948,0.9808
16,5,98.1139,0.9948,0.9706
16,6,75.2039,0.9948,0.9868
16,7,53.2086,0.9948,0.9944
16,8,39.2683,0.9948,0.9925
16,9,27.4117,0.9948,0.9982
16,11,141.0599,0.9948,0.9684
16,12,217.6629,0.9948,0.9628
16,13,223.7942,0.9948,0.9648
16,14,183.9483,0.9948,0.9507
16,15,153.1823,0.9948,0.9947
16,16,130.9965,0.9948,0.9948
17,1,16.5273,0.9972,0.9118
17,2,11.5092,0.9972,0.0
17,3,208.7743,0.9972,0.0
17,4,131.6498,0.9972,0.0
17,5,93.7743,0.9972,0.0
17,6,66.1354,0.9972,0.0
17,7,47.754,0.9972,0.0
17,8,36.9783,0.9972,0.0
17,9,28.5468,0.9972,0.0
17,10,22.2832,0.9972,0.0
17,11,251.2326,0.9972,0.0
17,12,206.4521,0.9972,0.0
17,13,195.7647,0.9972,0.0
17,14,160.1879,0.9972,0.0
17,15,129.0956,0.9972,0.0
17,16,109.527,0.9972,0.0
17,17,91.3667,0.9972,0.0
17,18,76.1256,0.9972,0.0
17,19,409.5105,0.9972,0.0
17,20,354.0935,0.9972,0.0
17,21,295.9028,0.9972,0.0
17,22,289.3512,0.9972,0.0
17,23,266.8557,0.9972,0.0
17,24,211.2928,0.9972,0.0
17,25,232.1447,0.9972,0.0
17,26,183.3661,0.9972,0.0
17,27,196.3755,0.9972,0.0
17,28,200.7571,0.9972,0.0
17,29,154.7756,0.9972,0.0
17,30,161.7337,0.9972,0.0
17,31,190.1139,0.9972,0.0
17,32,172.3933,0.9972,0.0
17,33,150.9999,0.9972,0.0
17,34,137.8443,0.9972,0.0
17,35,122.7763,0.9972,0.0
17,36,108.5226,0.9972,0.0
17,37,462.0252,0.9972,0.0
17,38,421.8867,0.9972,0.0
17,39,377.5642,0.9972,0.0
17,40,344.1318,0.9972,0.0
17,41,316.911,0.9972,0.0
17,42,249.2671,0.9972,0.0
17,43,276.1455,0.9972,0.0
17,44,214.638,0.9972,0.0
17,45,233.9031,0.9972,0.0
17,46,218.1903,0.9972,0.0
17,47,182.1547,0.9972,0.0
17,48,193.7273,0.9972,0.0
17,49,238.4988,0.9972,0.0
17,50,225.2381,0.9972,0.0
17,51,205.2512,0.9972,0.0
17,52,193.1449,0.9972,0.0
17,53,177.3458,0.9972,0.0
17,54,161.8119,0.9972,0.0
17,55,564.6006,0.9972,0.0
17,56,535.2678,0.9972,0.0
17,57,480.1244,0.9972,0.0
17,58,241.9223,0.9972,2.7991
17,59,477.7197,0.9972,0.0
17,60,460.125,0.9972,0.0
17,61,448.9517,0.9972,0.0
17,62,438.6243,0.9972,0.0
17,63,429.481,0.9972,0.0
17,64,346.6461,0.9972,0.0
17,65,378.3984,0.9972,0.0
17,66,366.5166,0.9972,0.0
17,67,389.1985,0.9972,0.0
17,68,381.0847,0.9972,0.0
17,69,373.8878,0.9972,0.0
17,70,369.0769,0.9972,0.0
17,71,316.5327,0.9972,0.0
17,72,317.9239,0.9972,0.0
17,73,294.2982,0.9972,0.0
17,74,251.9616,0.9972,0.0
17,75,257.4447,0.9972,0.0
17,76,236.2065,0.9972,0.0
17,77,218.5134,0.9972,0.0
17,78,183.8435,0.9972,0.0
17,79,172.5955,0.9972,0.0
17,80,178.0605,0.9972,0.0
17,81,247.219,0.9972,0.0
17,82,245.295,0.9972,0.0
17,83,229.7267,0.9972,0.0
17,84,221.6567,0.9972,0.0
17,85,207.5008,0.9972,0.0
17,86,192.7316,0.9972,0.0
17,87,542.2953,0.9972,0.0
17,88,535.4706,0.9972,0.0
17,89,482.1772,0.9972,0.0
17,90,443.6262,0.9972,0.0
17,91,436.1526,0.9972,0.0
17,92,422.5804,0.9972,0.0
17,93,428.8619,0.9972,0.0
17,94,416.3115,0.9972,0.0
17,1,25.7414,0.9972,0.0
17,3,77.2023,0.9972,0.9865
17,4,99.6995,0.9972,0.9808
17,5,79.8833,0.9972,0.9706
17,6,62.0864,0.9972,0.9868
17,7,44.6217,0.9972,0.9944
17,8,33.3801,0.9972,0.9925
17,9,23.7059,0.9972,0.9982
17,11,111.9829,0.9972,0.9684
17,12,172.4148,0.9972,0.9628
17,13,178.7127,0.9972,0.9648
17,14,148.9559,0.9972,0.9507
17,15,125.493,0.9972,0.9947
17,16,108.2893,0.9972,0.9948
17,17,90.3985,0.9972,0.9972
19,1,29.3,0.9767,0.9118
19,2,18.6655,0.9767,0.0
19,3,560.2954,0.9767,0.0
19,4,292.2224,0.9767,0.0
19,5,186.9566,0.9767,0.0
19,6,121.9292,0.9767,0.0
19,7,83.2153,0.9767,0.0
19,8,61.9948,0.9767,0.0
19,9,46.352,0.9767,0.0
19,10,35.2969,0.9767,0.0
19,11,666.0357,0.9767,0.0
19,12,473.7661,0.9767,0.0
19,13,424.8926,0.9767,0.0
19,14,322.8233,0.9767,0.0
19,15,244.5729,0.9767,0.0
19,16,199.4672,0.9767,0.0
19,17,160.3304,0.9767,0.0
19,18,129.4283,0.9767,0.0
19,19,1112.2277,0.9767,0.0
19,20,860.1771,0.9767,0.0
19,21,700.7281,0.9767,0.0
19,22,668.7546,0.9767,0.0
19,23,607.9951,0.9767,0.0
19,24,478.9744,0.9767,0.0
19,25,518.0583,0.9767,0.0
19,26,406.0876,0.9767,0.0
19,27,423.3809,0.9767,0.0
19,28,439.2845,0.9767,0.0
19,29,337.1117,0.9767,0.0
19,30,337.8986,0.9767,0.0
19,31,403.0745,0.9767,0.0
19,32,345.4434,0.9767,0.0
19,33,287.5535,0.9767,0.0
19,34,254.367,0.9767,0.0
19,35,219.4647,0.9767,0.0
19,36,188.4819,0.9767,0.0
19,37,1240.8631,0.9767,0.0
19,38,1027.9671,0.9767,0.0
19,39,879.0346,0.9767,0.0
19,40,778.5238,0.9767,0.0
19,41,703.306,0.9767,0.0
19,42,534.6303,0.9767,0.0
19,43,599.9302,0.9767,0.0
19,44,449.303,0.9767,0.0
19,45,490.5807,0.9767,0.0
19,46,452.2464,0.9767,0.0
19,47,379.0836,0.9767,0.0
19,48,395.5135,0.9767,0.0
19,49,505.6838,0.9767,0.0
19,50,456.4613,0.9767,0.0
19,51,397.8416,0.9767,0.0
19,52,364.409,0.9767,0.0
19,53,325.1068,0.9767,0.0
19,54,288.7275,0.9767,0.0
19,55,1511.8898,0.9767,0.0
19,56,1322.2619,0.9767,0.0
19,57,1133.7749,0.9767,0.0
19,58,472.2455,0.9767,2.7991
19,59,1162.2835,0.9767,0.0
19,60,1111.2638,0.9767,0.0
19,61,1082.0865,0.9767,0.0
19,62,1055.3891,0.9767,0.0
19,63,1031.6716,0.9767,0.0
19,64,790.7854,0.9767,0.0
19,65,927.3672,0.9767,0.0
19,66,890.5056,0.9767,0.0
19,67,924.6197,0.9767,0.0
19,68,904.3257,0.9767,0.0
19,69,885.7538,0.9767,0.0
19,70,876.2899,0.9767,0.0
19,71,725.6441,0.9767,0.0
19,72,696.1831,0.9767,0.0
19,73,626.3442,0.9767,0.0
19,74,523.6892,0.9767,0.0
19,75,529.6249,0.9767,0.0
19,76,474.2539,0.9767,0.0
19,77,430.1964,0.9767,0.0
19,78,354.1411,0.9767,0.0
19,79,329.6471,0.9767,0.0
19,80,337.3335,0.9767,0.0
19,81,516.9533,0.9767,0.0
19,82,495.6981,0.9767,0.0
19,83,446.3033,0.9767,0.0
19,84,420.8684,0.9767,0.0
19,85,383.3533,0.9767,0.0
19,86,347.3437,0.9767,0.0
19,87,1400.1686,0.9767,0.0
19,88,1291.5073,0.9767,0.0
19,89,1115.9288,0.9767,0.0
19,90,978.1928,0.9767,0.0
19,91,983.9131,0.9767,0.0
19,92,952.0627,0.9767,0.0
19,93,995.3527,0.9767,0.0
19,94,961.0543,0.9767,0.0
19,1,48.4499,0.9767,0.0
19,3,168.7412,0.9767,0.9865
19,4,213.4444,0.9767,0.9808
19,5,155.7781,0.9767,0.9706
19,6,114.5723,0.9767,0.9868
19,7,77.6317,0.9767,0.9944
19,8,55.4032,0.9767,0.9925
19,9,37.1982,0.9767,0.9982
19,11,249.22,0.9767,0.9684
19,12,387.3349,0.9767,0.9628
19,13,382.6422,0.9767,0.9648
19,14,296.9409,0.9767,0.9507
19,15,237.2191,0.9767,0.9947
19,16,197.3806,0.9767,0.9948
19,17,158.733,0.9767,0.9972
19,19,338.0207,0.9767,0.9767
20,1,52.9871,0.9831,0.9118
20,2,31.8796,0.9831,0.0
20,3,1310.0314,0.9831,0.0
20,4,602.5661,0.9831,0.0
20,5,362.6862,0.9831,0.0
20,6,225.9629,0.9831,0.0
20,7,148.9793,0.9831,0.0
20,8,108.2718,0.9831,0.0
20,9,79.2218,0.9831,0.0
20,10,59.2779,0.9831,0.0
20,11,1545.7064,0.9831,0.0
20,12,997.2486,0.9831,0.0
20,13,866.9517,0.9831,0.0
20,14,630.0456,0.9831,0.0
20,15,460.2635,0.9831,0.0
20,16,366.7711,0.9831,0.0
20,17,288.2182,0.9831,0.0
20,18,228.0892,0.9831,0.0
20,19,2661.083,0.9831,0.0
20,20,1886.4221,0.9831,0.0
20,21,1510.1427,0.9831,0.0
20,22,1422.3244,0.9831,0.0
20,23,1282.161,0.9831,0.0
20,24,1011.5955,0.9831,0.0
20,25,1079.1532,0.9831,0.0
20,26,845.4686,0.9831,0.0
20,27,862.5036,0.9831,0.0
20,28,902.6014,0.9831,0.0
20,29,694.5058,0.9831,0.0
20,30,675.0299,0.9831,0.0
20,31,813.4943,0.9831,0.0
20,32,672.6917,0.9831,0.0
20,33,543.0123,0.9831,0.0
20,34,471.4822,0.9831,0.0
20,35,399.0226,0.9831,0.0
20,36,336.6483,0.9831,0.0
20,37,2958.041,0.9831,0.0
20,38,2265.4155,0.9831,0.0
20,39,1882.1338,0.9831,0.0
20,40,1637.9667,0.9831,0.0
20,41,1463.889,0.9831,0.0
20,42,1092.6733,0.9831,0.0
20,43,1234.9316,0.9831,0.0
20,44,905.7515,0.9831,0.0
20,45,986.3727,0.9831,0.0
20,46,902.4405,0.9831,0.0
20,47,762.6174,0.9831,0.0
20,48,781.66,0.9831,0.0
20,49,1024.1614,0.9831,0.0
20,50,896.4155,0.9831,0.0
20,51,759.7988,0.9831,0.0
20,52,684.7073,0.9831,0.0
20,53,600.2698,0.9831,0.0
20,54,524.3547,0.9831,0.0
20,55,3619.266,0.9831,0.0
20,56,2951.3362,0.9831,0.0
20,57,2456.7601,0.9831,0.0
20,58,907.4012,0.9831,2.7991
20,59,2571.5319,0.9831,0.0
20,60,2442.0495,0.9831,0.0
20,61,2374.0445,0.9831,0.0
20,62,2312.2147,0.9831,0.0
20,63,2257.1993,0.9831,0.0
20,64,1680.6338,0.9831,0.0
20,65,2081.6173,0.9831,0.0
20,66,1992.8728,0.9831,0.0
20,67,2006.2958,0.9831,0.0
20,68,1960.2391,0.9831,0.0
20,69,1917.464,0.9831,0.0
20,70,1899.1306,0.9831,0.0
20,71,1544.6852,0.9831,0.0
20,72,1435.1503,0.9831,0.0
20,73,1268.7518,0.9831,0.0
20,74,1049.3296,0.9831,0.0
20,75,1052.9922,0.9831,0.0
20,76,928.4521,0.9831,0.0
20,77,831.8752,0.9831,0.0
20,78,676.9902,0.9831,0.0
20,79,627.0853,0.9831,0.0
20,80,637.1112,0.9831,0.0
20,81,1043.0556,0.9831,0.0
20,82,974.2845,0.9831,0.0
20,83,854.664,0.9831,0.0
20,84,794.4491,0.9831,0.0
20,85,711.4143,0.9831,0.0
20,86,634.7921,0.9831,0.0
20,87,3271.2563,0.9831,0.0
20,88,2840.9447,0.9831,0.0
20,89,2386.7637,0.9831,0.0
20,90,2029.6245,0.9831,0.0
20,91,2076.1172,0.9831,0.0
20,92,2006.6915,0.9831,0.0
20,93,2135.2269,0.9831,0.0
20,94,2054.0131,0.9831,0.0
20,1,90.7927,0.9831,0.0
20,3,345.612,0.9831,0.9865
20,4,434.0284,0.9831,0.9808
20,5,298.7264,0.9831,0.9706
20,6,212.8957,0.9831,0.9868
20,7,139.0219,0.9831,0.9944
20,8,96.1584,0.9831,0.9925
20,9,62.058,0.9831,0.9982
20,11,516.6917,0.9831,0.9684
20,12,809.2182,0.9831,0.9628
20,13,775.0832,0.9831,0.9648
20,14,576.2962,0.9831,0.9507
20,15,446.017,0.9831,0.9947
20,16,363.1951,0.9831,0.9948
20,17,285.4905,0.9831,0.9972
20,19,688.9911,0.9831,0.9767
20,20,1525.1891,0.9831,0.9831
21,1,29.9953,1.8627,0.9118
21,2,19.3841,1.8627,0.0
21,3,504.8268,1.8627,0.0
21,4,282.442,1.8627,0.0
21,5,186.1419,1.8627,0.0
21,6,123.6379,1.8627,0.0
21,7,85.3404,1.8627,0.0
21,8,64.0072,1.8627,0.0
21,9,48.0936,1.8627,0.0
21,10,36.7468,1.8627,0.0
21,11,602.4929,1.8627,0.0
21,12,452.76,1.8627,0.0
21,13,412.9058,1.8627,0.0
21,14,320.5896,1.8627,0.0
21,15,246.7358,1.8627,0.0
21,16,202.9672,1.8627,0.0
21,17,164.3655,1.8627,0.0
21,18,133.4404,1.8627,0.0
21,19,988.5881,1.8627,0.0
21,20,803.238,1.8627,0.0
21,21,660.678,1.8627,0.0
21,22,635.0457,1.8627,0.0
21,23,579.9584,1.8627,0.0
21,24,456.2023,1.8627,0.0
21,25,497.3474,1.8627,0.0
21,26,389.5974,1.8627,0.0
21,27,411.0572,1.8627,0.0
21,28,424.6693,1.8627,0.0
21,29,325.085,1.8627,0.0
21,30,331.231,1.8627,0.0
21,31,393.53,1.8627,0.0
21,32,343.1679,1.8627,0.0
21,33,289.5582,1.8627,0.0
21,34,258.0084,1.8627,0.0
21,35,224.1375,1.8627,0.0
21,36,193.5868,1.8627,0.0
21,37,1105.4608,1.8627,0.0
21,38,957.2271,1.8627,0.0
21,39,831.6679,1.8627,0.0
21,40,743.4318,1.8627,0.0
21,41,675.3314,1.8627,0.0
21,42,517.734,1.8627,0.0
21,43,579.1623,1.8627,0.0
21,44,437.8432,1.8627,0.0
21,45,478.9598,1.8627,0.0
21,46,443.0816,1.8627,0.0
21,47,369.4933,1.8627,0.0
21,48,389.1859,1.8627,0.0
21,49,492.1904,1.8627,0.0
21,50,451.134,1.8627,0.0
21,51,398.3152,1.8627,0.0
21,52,367.3908,1.8627,0.0
21,53,330.0418,1.8627,0.0
21,54,294.8706,1.8627,0.0
21,55,1344.5274,1.8627,0.0
21,56,1222.7426,1.8627,0.0
21,57,1065.814,1.8627,0.0
21,58,471.1854,1.8627,2.7991
21,59,1079.9647,1.8627,0.0
21,60,1036.2055,1.8627,0.0
21,61,1009.8893,1.8627,0.0
21,62,985.7264,1.8627,0.0
21,63,964.2855,1.8627,0.0
21,64,750.7848,1.8627,0.0
21,65,855.1471,1.8627,0.0
21,66,822.842,1.8627,0.0
21,67,868.1104,1.8627,0.0
21,68,849.5394,1.8627,0.0
21,69,832.6961,1.8627,0.0
21,70,823.3089,1.8627,0.0
21,71,688.6242,1.8627,0.0
21,72,671.9258,1.8627,0.0
21,73,609.7515,1.8627,0.0
21,74,512.2105,1.8627,0.0
21,75,520.0578,1.8627,0.0
21,76,468.9565,1.8627,0.0
21,77,427.6845,1.8627,0.0
21,78,353.4845,1.8627,0.0
21,79,329.5985,1.8627,0.0
21,80,338.5478,1.8627,0.0
21,81,503.6393,1.8627,0.0
21,82,489.2541,1.8627,0.0
21,83,445.9231,1.8627,0.0
21,84,423.2063,1.8627,0.0
21,85,388.2122,1.8627,0.0
21,86,353.8005,1.8627,0.0
21,87,1263.0191,1.8627,0.0
21,88,1203.9859,1.8627,0.0
21,89,1056.3541,1.8627,0.0
21,90,940.6241,1.8627,0.0
21,91,937.6579,1.8627,0.0
21,92,907.6956,1.8627,0.0
21,93,939.8691,1.8627,0.0
21,94,909.2895,1.8627,0.0
21,1,48.9753,1.8627,0.0
21,3,163.6446,1.8627,0.9865
21,4,207.8107,1.8627,0.9808
21,5,155.8228,1.8627,0.9706
21,6,115.9726,1.8627,0.9868
21,7,79.5383,1.8627,0.9944
21,8,57.2611,1.8627,0.9925
21,9,38.8097,1.8627,0.9982
21,11,239.9714,1.8627,0.9684
21,12,371.7768,1.8627,0.9628
21,13,373.1845,1.8627,0.9648
21,14,295.6101,1.8627,0.9507
21,15,239.3701,1.8627,0.9947
21,16,200.7622,1.8627,0.9948
21,17,162.6806,1.8627,0.9972
21,19,327.7092,1.8627,0.9767
21,20,640.7076,1.8627,0.9831
21,21,324.5068,1.8627,1.8627
22,1,29.0009,1.8299,0.9118
22,2,18.8084,1.8299,0.0
22,3,488.2931,1.8299,0.0
22,4,272.0201,1.8299,0.0
22,5,179.5077,1.8299,0.0
22,6,119.4376,1.8299,0.0
22,7,82.5834,1.8299,0.0
22,8,62.0309,1.8299,0.0
22,9,46.6765,1.8299,0.0
22,10,35.7117,1.8299,0.0
22,11,582.527,1.8299,0.0
22,12,436.1091,1.8299,0.0
22,13,397.8618,1.8299,0.0
22,14,309.1081,1.8299,0.0
22,15,238.1644,1.8299,0.0
22,16,196.1128,1.8299,0.0
22,17,158.9892,1.8299,0.0
22,18,129.218,1.8299,0.0
22,19,960.3376,1.8299,0.0
22,20,774.6863,1.8299,0.0
22,21,636.8706,1.8299,0.0
22,22,612.2225,1.8299,0.0
22,23,559.1157,1.8299,0.0
22,24,440.0762,1.8299,0.0
22,25,479.4969,1.8299,0.0
22,26,375.8242,1.8299,0.0
22,27,396.2748,1.8299,0.0
22,28,409.3555,1.8299,0.0
22,29,313.6026,1.8299,0.0
22,30,319.3834,1.8299,0.0
22,31,379.4109,1.8299,0.0
22,32,330.971,1.8299,0.0
22,33,279.499,1.8299,0.0
22,34,249.2258,1.8299,0.0
22,35,216.6921,1.8299,0.0
22,36,187.3231,1.8299,0.0
22,37,1074.1973,1.8299,0.0
22,38,923.6557,1.8299,0.0
22,39,802.0324,1.8299,0.0
22,40,716.8609,1.8299,0.0
22,41,651.2847,1.8299,0.0
22,42,499.5011,1.8299,0.0
22,43,558.7211,1.8299,0.0
22,44,422.5708,1.8299,0.0
22,45,462.0314,1.8299,0.0
22,46,427.4577,1.8299,0.0
22,47,356.7245,1.8299,0.0
22,48,375.5261,1.8299,0.0
22,49,474.8112,1.8299,0.0
22,50,435.1948,1.8299,0.0
22,51,384.4487,1.8299,0.0
22,52,354.7793,1.8299,0.0
22,53,318.9171,1.8299,0.0
22,54,285.1325,1.8299,0.0
22,55,1308.6418,1.8299,0.0
22,56,1180.9424,1.8299,0.0
22,57,1028.4169,1.8299,0.0
22,58,454.82,1.8299,2.7991
22,59,1043.3187,1.8299,0.0
22,60,1000.2155,1.8299,0.0
22,61,974.7227,1.8299,0.0
22,62,951.3257,1.8299,0.0
22,63,930.5654,1.8299,0.0
22,64,724.5886,1.8299,0.0
22,65,827.797,1.8299,0.0
22,66,797.2364,1.8299,0.0
22,67,837.4618,1.8299,0.0
22,68,819.4973,1.8299,0.0
22,69,803.2032,1.8299,0.0
22,70,794.1404,1.8299,0.0
22,71,664.7727,1.8299,0.0
22,72,647.8746,1.8299,0.0
22,73,587.9813,1.8299,0.0
22,74,494.2357,1.8299,0.0
22,75,501.7733,1.8299,0.0
22,76,452.5726,1.8299,0.0
22,77,412.8558,1.8299,0.0
22,78,341.454,1.8299,0.0
22,79,318.4619,1.8299,0.0
22,80,327.077,1.8299,0.0
22,81,486.2116,1.8299,0.0
22,82,472.1552,1.8299,0.0
22,83,430.4805,1.8299,0.0
22,84,408.6951,1.8299,0.0
22,85,375.1029,1.8299,0.0
22,86,342.0575,1.8299,0.0
22,87,1226.397,1.8299,0.0
22,88,1162.366,1.8299,0.0
22,89,1019.1422,1.8299,0.0
22,90,907.2367,1.8299,0.0
22,91,904.8331,1.8299,0.0
22,92,875.8748,1.8299,0.0
22,93,906.9616,1.8299,0.0
22,94,877.3645,1.8299,0.0
22,1,47.2755,1.8299,0.0
22,3,157.6667,1.8299,0.9865
22,4,200.3669,1.8299,0.9808
22,5,150.352,1.8299,0.9706
22,6,112.0523,1.8299,0.9868
22,7,76.9834,1.8299,0.9944
22,8,55.516,1.8299,0.9925
22,9,37.7222,1.8299,0.9982
22,11,231.2612,1.8299,0.9684
22,12,358.3602,1.8299,0.9628
22,13,359.6497,1.8299,0.9648
22,14,285.0957,1.8299,0.9507
22,15,231.0773,1.8299,0.9947
22,16,193.9845,1.8299,0.9948
22,17,157.3604,1.8299,0.9972
22,19,316.2518,1.8299,0.9767
22,20,619.4301,1.8299,0.9831
22,21,312.9202,1.8299,1.8627
22,22,301.9988,1.8299,1.8299
23,1,28.4067,1.9138,0.9118
23,2,18.4359,1.9138,0.0
23,3,479.1402,1.9138,0.0
23,4,266.705,1.9138,0.0
23,5,175.8909,1.9138,0.0
23,6,117.0098,1.9138,0.0
23,7,80.9144,1.9138,0.0
23,8,60.7933,1.9138,0.0
23,9,45.763,1.9138,0.0
23,10,35.029,1.9138,0.0
23,11,571.6455,1.9138,0.0
23,12,427.7156,1.9138,0.0
23,13,390.0432,1.9138,0.0
23,14,302.8985,1.9138,0.0
23,15,233.3176,1.9138,0.0
23,16,192.1113,1.9138,0.0
23,17,155.7507,1.9138,0.0
23,18,126.6027,1.9138,0.0
23,19,941.9837,1.9138,0.0
23,20,760.0718,1.9138,0.0
23,21,624.7801,1.9138,0.0
23,22,600.5221,1.9138,0.0
23,23,548.3908,1.9138,0.0
23,24,431.6683,1.9138,0.0
23,25,470.2529,1.9138,0.0
23,26,368.6136,1.9138,0.0
23,27,388.5729,1.9138,0.0
23,28,401.4329,1.9138,0.0
23,29,307.5763,1.9138,0.0
23,30,313.1286,1.9138,0.0
23,31,371.9427,1.9138,0.0
23,32,324.3435,1.9138,0.0
23,33,273.8352,1.9138,0.0
23,34,244.1554,1.9138,0.0
23,35,212.2792,1.9138,0.0
23,36,183.5171,1.9138,0.0
23,37,1053.5834,1.9138,0.0
23,38,906.2364,1.9138,0.0
23,39,786.7255,1.9138,0.0
23,40,703.0784,1.9138,0.0
23,41,638.7014,1.9138,0.0
23,42,489.816,1.9138,0.0
23,43,547.8906,1.9138,0.0
23,44,414.3575,1.9138,0.0
23,45,453.0262,1.9138,0.0
23,46,419.1134,1.9138,0.0
23,47,349.8288,1.9138,0.0
23,48,368.1871,1.9138,0.0
23,49,465.5647,1.9138,0.0
23,50,426.5933,1.9138,0.0
23,51,376.7544,1.9138,0.0
23,52,347.6374,1.9138,0.0
23,53,312.4714,1.9138,0.0
23,54,279.3612,1.9138,0.0
23,55,1283.1193,1.9138,0.0
23,56,1158.6662,1.9138,0.0
23,57,1008.8336,1.9138,0.0
23,58,445.757,1.9138,2.7991
23,59,1023.5395,1.9138,0.0
23,60,981.3457,1.9138,0.0
23,61,956.3321,1.9138,0.0
23,62,933.3738,1.9138,0.0
23,63,913.0014,1.9138,0.0
23,64,710.7237,1.9138,0.0
23,65,811.9905,1.9138,0.0
23,66,781.8272,1.9138,0.0
23,67,821.6274,1.9138,0.0
23,68,803.9989,1.9138,0.0
23,69,788.0064,1.9138,0.0
23,70,779.1219,1.9138,0.0
23,71,651.9794,1.9138,0.0
23,72,635.2996,1.9138,0.0
23,73,576.4946,1.9138,0.0
23,74,484.5583,1.9138,0.0
23,75,491.912,1.9138,0.0
23,76,443.6413,1.9138,0.0
23,77,404.6864,1.9138,0.0
23,78,334.7153,1.9138,0.0
23,79,312.1873,1.9138,0.0
23,80,320.6012,1.9138,0.0
23,81,476.7596,1.9138,0.0
23,82,462.8741,1.9138,0.0
23,83,421.9181,1.9138,0.0
23,84,400.5172,1.9138,0.0
23,85,367.5588,1.9138,0.0
23,86,335.161,1.9138,0.0
23,87,1202.7024,1.9138,0.0
23,88,1140.343,1.9138,0.0
23,89,999.6552,1.9138,0.0
23,90,889.7259,1.9138,0.0
23,91,887.488,1.9138,0.0
23,92,859.0997,1.9138,0.0
23,93,889.7719,1.9138,0.0
23,94,860.7178,1.9138,0.0
23,1,46.3089,1.9138,0.0
23,3,154.5762,1.9138,0.9865
23,4,196.4027,1.9138,0.9808
23,5,147.3153,1.9138,0.9706
23,6,109.7797,1.9138,0.9868
23,7,75.4303,1.9138,0.9944
23,8,54.4109,1.9138,0.9925
23,9,36.9962,1.9138,0.9982
23,11,226.7886,1.9138,0.9684
23,12,351.3928,1.9138,0.9628
23,13,352.5575,1.9138,0.9648
23,14,279.3563,1.9138,0.9507
23,15,226.3767,1.9138,0.9947
23,16,190.0299,1.9138,0.9948
23,17,154.1576,1.9138,0.9972
23,19,310.1108,1.9138,0.9767
23,20,607.5571,1.9138,0.9831
23,21,306.7389,1.9138,1.8627
23,22,296.0029,1.9138,1.8299
23,23,290.1436,1.9138,1.9138
24,1,28.0562,1.8269,0.9118
24,2,18.1754,1.8269,0.0
24,3,480.5944,1.8269,0.0
24,4,265.4088,1.8269,0.0
24,5,174.3719,1.8269,0.0
24,6,115.7182,1.8269,0.0
24,7,79.9024,1.8269,0.0
24,8,59.9829,1.8269,0.0
24,9,45.129,1.8269,0.0
24,10,34.535,1.8269,0.0
24,11,573.1436,1.8269,0.0
24,12,426.2276,1.8269,0.0
24,13,387.8695,1.8269,0.0
24,14,300.3928,1.8269,0.0
24,15,230.909,1.8269,0.0
24,16,189.9052,1.8269,0.0
24,17,153.8057,1.8269,0.0
24,18,124.9265,1.8269,0.0
24,19,945.87,1.8269,0.0
24,20,759.3684,1.8269,0.0
24,21,623.5332,1.8269,0.0
24,22,598.7981,1.8269,0.0
24,23,546.5244,1.8269,0.0
24,24,430.2353,1.8269,0.0
24,25,468.2961,1.8269,0.0
24,26,367.0785,1.8269,0.0
24,27,386.4486,1.8269,0.0
24,28,399.453,1.8269,0.0
24,29,306.1181,1.8269,0.0
24,30,311.0603,1.8269,0.0
24,31,369.6302,1.8269,0.0
24,32,321.6404,1.8269,0.0
24,33,271.077,1.8269,0.0
24,34,241.4585,1.8269,0.0
24,35,209.7393,1.8269,0.0
24,36,181.1819,1.8269,0.0
24,37,1057.5718,1.8269,0.0
24,38,905.6187,1.8269,0.0
24,39,784.7489,1.8269,0.0
24,40,700.5432,1.8269,0.0
24,41,635.9639,1.8269,0.0
24,42,487.1911,1.8269,0.0
24,43,545.1724,1.8269,0.0
24,44,411.8187,1.8269,0.0
24,45,450.1943,1.8269,0.0
24,46,416.323,1.8269,0.0
24,47,347.6786,1.8269,0.0
24,48,365.5531,1.8269,0.0
24,49,462.8304,1.8269,0.0
24,50,423.3208,1.8269,0.0
24,51,373.2591,1.8269,0.0
24,52,344.0982,1.8269,0.0
24,53,309.0063,1.8269,0.0
24,54,276.0406,1.8269,0.0
24,55,1287.9616,1.8269,0.0
24,56,1158.6672,1.8269,0.0
24,57,1006.9636,1.8269,0.0
24,58,441.7809,1.8269,2.7991
24,59,1022.9773,1.8269,0.0
24,60,980.4829,1.8269,0.0
24,61,955.4042,1.8269,0.0
24,62,932.3946,1.8269,0.0
24,63,911.9735,1.8269,0.0
24,64,708.5769,1.8269,0.0
24,65,812.0495,1.8269,0.0
24,66,781.626,1.8269,0.0
24,67,820.3071,1.8269,0.0
24,68,802.6609,1.8269,0.0
24,69,786.6336,1.8269,0.0
24,70,777.8232,1.8269,0.0
24,71,650.0572,1.8269,0.0
24,72,632.2099,1.8269,0.0
24,73,573.0945,1.8269,0.0
24,74,481.3814,1.8269,0.0
24,75,488.4719,1.8269,0.0
24,76,440.1655,1.8269,0.0
24,77,401.2522,1.8269,0.0
24,78,331.6965,1.8269,0.0
24,79,309.3075,1.8269,0.0
24,80,317.5149,1.8269,0.0
24,81,473.8496,1.8269,0.0
24,82,459.3743,1.8269,0.0
24,83,418.1044,1.8269,0.0
24,84,396.5736,1.8269,0.0
24,85,363.6068,1.8269,0.0
24,86,331.3014,1.8269,0.0
24,87,1205.4436,1.8269,0.0
24,88,1139.2761,1.8269,0.0
24,89,997.0249,1.8269,0.0
24,90,885.7661,1.8269,0.0
24,91,884.428,1.8269,0.0
24,92,856.1039,1.8269,0.0
24,93,887.7066,1.8269,0.0
24,94,858.5302,1.8269,0.0
24,1,45.8173,1.8269,0.0
24,3,153.7539,1.8269,0.9865
24,4,195.2317,1.8269,0.9808
24,5,145.9477,1.8269,0.9706
24,6,108.582,1.8269,0.9868
24,7,74.489,1.8269,0.9944
24,8,53.6733,1.8269,0.9925
24,9,36.4594,1.8269,0.9982
24,11,225.7837,1.8269,0.9684
24,12,349.9328,1.8269,0.9628
24,13,350.4296,1.8269,0.9648
24,14,276.9512,1.8269,0.9507
24,15,224.0303,1.8269,0.9947
24,16,187.857,1.8269,0.9948
24,17,152.2383,1.8269,0.9972
24,19,308.3901,1.8269,0.9767
24,20,607.07,1.8269,0.9831
24,21,304.3094,1.8269,1.8627
24,22,293.6598,1.8269,1.8299
24,23,287.8657,1.8269,1.9138
24,24,285.6905,1.8269,1.8269
25,1,26.181,1.6406,0.9118
25,2,17.1526,1.6406,0.0
25,3,416.0836,1.6406,0.0
25,4,238.9606,1.6406,0.0
25,5,159.8492,1.6406,0.0
25,6,107.3382,1.6406,0.0
25,7,74.6998,1.6406,0.0
25,8,56.3622,1.6406,0.0
25,9,42.5764,1.6406,0.0
25,10,32.6806,1.6406,0.0
25,11,497.3582,1.6406,0.0
25,12,381.2968,1.6406,0.0
25,13,350.4522,1.6406,0.0
25,14,274.9257,1.6406,0.0
25,15,213.4101,1.6406,0.0
25,16,176.5165,1.6406,0.0
25,17,143.7001,1.6406,0.0
25,18,117.2057,1.6406,0.0
25,19,814.2468,1.6406,0.0
25,20,670.8337,1.6406,0.0
25,21,553.7931,1.6406,0.0
25,22,534.1266,1.6406,0.0
25,23,488.7947,1.6406,0.0
25,24,384.6931,1.6406,0.0
25,25,420.4207,1.6406,0.0
25,26,329.6273,1.6406,0.0
25,27,349.1941,1.6406,0.0
25,28,360.0172,1.6406,0.0
25,29,275.7206,1.6406,0.0
25,30,282.6667,1.6406,0.0
25,31,335.0615,1.6406,0.0
25,32,294.5184,1.6406,0.0
25,33,250.2831,1.6406,0.0
25,34,223.9857,1.6406,0.0
25,35,195.4536,1.6406,0.0
25,36,169.5097,1.6406,0.0
25,37,911.9433,1.6406,0.0
25,38,799.0125,1.6406,0.0
25,39,698.676,1.6406,0.0
25,40,627.079,1.6406,0.0
25,41,571.1862,1.6406,0.0
25,42,439.9326,1.6406,0.0
25,43,491.321,1.6406,0.0
25,44,373.3442,1.6406,0.0
25,45,408.3677,1.6406,0.0
25,46,378.4295,1.6406,0.0
25,47,315.3482,1.6406,0.0
25,48,333.1518,1.6406,0.0
25,49,419.0707,1.6406,0.0
25,50,386.6184,1.6406,0.0
25,51,343.5205,1.6406,0.0
25,52,318.0485,1.6406,0.0
25,53,286.872,1.6406,0.0
25,54,257.2803,1.6406,0.0
25,55,1110.3588,1.6406,0.0
25,56,1018.6688,1.6406,0.0
25,57,893.5056,1.6406,0.0
25,58,405.8737,1.6406,2.7991
25,59,902.0482,1.6406,0.0
25,60,866.0442,1.6406,0.0
25,61,844.2856,1.6406,0.0
25,62,824.283,1.6406,0.0
25,63,806.5432,1.6406,0.0
25,64,632.5743,1.6406,0.0
25,65,713.7552,1.6406,0.0
25,66,688.1125,1.6406,0.0
25,67,727.2378,1.6406,0.0
25,68,711.8001,1.6406,0.0
25,69,697.8565,1.6406,0.0
25,70,689.7847,1.6406,0.0
25,71,580.1287,1.6406,0.0
25,72,569.4056,1.6406,0.0
25,73,518.7905,1.6406,0.0
25,74,437.2088,1.6406,0.0
25,75,444.5997,1.6406,0.0
25,76,402.3097,1.6406,0.0
25,77,367.9454,1.6406,0.0
25,78,305.0501,1.6406,0.0
25,79,284.8018,1.6406,0.0
25,80,292.9177,1.6406,0.0
25,81,429.5951,1.6406,0.0
25,82,419.4149,1.6406,0.0
25,83,384.4496,1.6406,0.0
25,84,366.0547,1.6406,0.0
25,85,337.0928,1.6406,0.0
25,86,308.2947,1.6406,0.0
25,87,1047.2098,1.6406,0.0
25,88,1006.2859,1.6406,0.0
25,89,888.23,1.6406,0.0
25,90,796.3105,1.6406,0.0
25,91,791.2577,1.6406,0.0
25,92,766.0984,1.6406,0.0
25,93,789.9235,1.6406,0.0
25,94,764.8061,1.6406,0.0
25,1,42.3927,1.6406,0.0
25,3,138.7491,1.6406,0.9865
25,4,176.6817,1.6406,0.9808
25,5,134.2136,1.6406,0.9706
25,6,100.6463,1.6406,0.9868
25,7,69.6215,1.6406,0.9944
25,8,50.4858,1.6406,0.9925
25,9,34.5481,1.6406,0.9982
25,11,202.9676,1.6406,0.9684
25,12,314.0119,1.6406,0.9628
25,13,317.3287,1.6406,0.9648
25,14,253.88,1.6406,0.9507
25,15,207.0995,1.6406,0.9947
25,16,174.5775,1.6406,0.9948
25,17,142.2151,1.6406,0.9972
25,19,278.7259,1.6406,0.9767
25,20,535.8149,1.6406,0.9831
25,21,278.1965,1.6406,1.8627
25,22,268.4657,1.6406,1.8299
25,23,263.1127,1.6406,1.9138
25,24,260.7773,1.6406,1.8269
25,25,239.5554,1.6406,1.6406
26,1,24.3452,1.6483,0.9118
26,2,16.056,1.6483,0.0
26,3,379.2117,1.6483,0.0
26,4,219.4775,1.6483,0.0
26,5,147.6298,1.6483,0.0
26,6,99.588,1.6483,0.0
26,7,69.5638,1.6483,0.0
26,8,52.6351,1.6483,0.0
26,9,39.8628,1.6483,0.0
26,10,30.6648,1.6483,0.0
26,11,453.5444,1.6483,0.0
26,12,349.7116,1.6483,0.0
26,13,322.2781,1.6483,0.0
26,14,253.7638,1.6483,0.0
26,15,197.6569,1.6483,0.0
26,16,163.8794,1.6483,0.0
26,17,133.7324,1.6483,0.0
26,18,109.3155,1.6483,0.0
26,19,742.252,1.6483,0.0
26,20,613.9233,1.6483,0.0
26,21,507.3401,1.6483,0.0
26,22,489.8996,1.6483,0.0
26,23,448.6262,1.6483,0.0
26,24,353.2709,1.6483,0.0
26,25,386.2602,1.6483,0.0
26,26,303.048,1.6483,0.0
26,27,321.3448,1.6483,0.0
26,28,331.0614,1.6483,0.0
26,29,253.7038,1.6483,0.0
26,30,260.5341,1.6483,0.0
26,31,308.5529,1.6483,0.0
26,32,271.9711,1.6483,0.0
26,33,231.7618,1.6483,0.0
26,34,207.7948,1.6483,0.0
26,35,181.6836,1.6483,0.0
26,36,157.8661,1.6483,0.0
26,37,831.796,1.6483,0.0
26,38,731.233,1.6483,0.0
26,39,640.6641,1.6483,0.0
26,40,575.7752,1.6483,0.0
26,41,524.9588,1.6483,0.0
26,42,405.0817,1.6483,0.0
26,43,452.0831,1.6483,0.0
26,44,344.2322,1.6483,0.0
26,45,376.4045,1.6483,0.0
26,46,349.0258,1.6483,0.0
26,47,290.9083,1.6483,0.0
26,48,307.5209,1.6483,0.0
26,49,386.0628,1.6483,0.0
26,50,356.9159,1.6483,0.0
26,51,317.8624,1.6483,0.0
26,52,294.7348,1.6483,0.0
26,53,266.291,1.6483,0.0
26,54,239.219,1.6483,0.0
26,55,1013.0459,1.6483,0.0
26,56,931.861,1.6483,0.0
26,57,818.8994,1.6483,0.0
26,58,375.4568,1.6483,2.7991
26,59,825.7735,1.6483,0.0
26,60,793.0239,1.6483,0.0
26,61,773.1575,1.6483,0.0
26,62,754.8861,1.6483,0.0
26,63,738.6836,1.6483,0.0
26,64,580.7773,1.6483,0.0
26,65,653.4752,1.6483,0.0
26,66,630.2533,1.6483,0.0
26,67,666.3378,1.6483,0.0
26,68,652.2155,1.6483,0.0
26,69,639.4782,1.6483,0.0
26,70,632.0123,1.6483,0.0
26,71,532.441,1.6483,0.0
26,72,523.6122,1.6483,0.0
26,73,477.7397,1.6483,0.0
26,74,403.186,1.6483,0.0
26,75,410.1849,1.6483,0.0
26,76,371.6448,1.6483,0.0
26,77,340.2672,1.6483,0.0
26,78,282.5056,1.6483,0.0
26,79,263.9035,1.6483,0.0
26,80,271.5075,1.6483,0.0
26,81,396.1575,1.6483,0.0
26,82,387.3404,1.6483,0.0
26,83,355.7528,1.6483,0.0
26,84,339.1478,1.6483,0.0
26,85,312.7991,1.6483,0.0
26,86,286.5017,1.6483,0.0
26,87,956.8205,1.6483,0.0
26,88,921.4913,1.6483,0.0
26,89,814.808,1.6483,0.0
26,90,732.1547,1.6483,0.0
26,91,726.8433,1.6483,0.0
26,92,703.7787,1.6483,0.0
26,93,724.6884,1.6483,0.0
26,94,701.8063,1.6483,0.0
26,1,39.2742,1.6483,0.0
26,3,127.5492,1.6483,0.9865
26,4,162.6108,1.6483,0.9808
26,5,124.117,1.6483,0.9706
26,6,93.3848,1.6483,0.9868
26,7,64.8468,1.6483,0.9944
26,8,47.1816,1.6483,0.9925
26,9,32.4321,1.6483,0.9982
26,11,186.4669,1.6483,0.9684
26,12,288.3371,1.6483,0.9628
26,13,292.0247,1.6483,0.9648
26,14,234.4843,1.6483,0.9507
26,15,191.8429,1.6483,0.9947
26,16,162.075,1.6483,0.9948
26,17,132.348,1.6483,0.9972
26,19,256.7579,1.6483,0.9767
26,20,490.7481,1.6483,0.9831
26,21,256.8889,1.6483,1.8627
26,22,247.9636,1.6483,1.8299
26,23,243.0148,1.6483,1.9138
26,24,240.7834,1.6483,1.8269
26,25,221.534,1.6483,1.6406
26,26,204.9925,1.6483,1.6483
27,1,23.231,1.7149,0.9118
27,2,15.3545,1.7149,0.0
27,3,362.3746,1.7149,0.0
27,4,209.2227,1.7149,0.0
27,5,140.7428,1.7149,0.0
27,6,95.0051,1.7149,0.0
27,7,66.4218,1.7149,0.0
27,8,50.3016,1.7149,0.0
27,9,38.1313,1.7149,0.0
27,10,29.3598,1.7149,0.0
27,11,433.3736,1.7149,0.0
27,12,333.4767,1.7149,0.0
27,13,307.254,1.7149,0.0
27,14,241.9159,1.7149,0.0
27,15,188.4852,1.7149,0.0
27,16,156.3423,1.7149,0.0
27,17,127.6513,1.7149,0.0
27,18,104.4091,1.7149,0.0
27,19,710.1818,1.7149,0.0
27,20,585.9578,1.7149,0.0
27,21,484.0723,1.7149,0.0
27,22,467.3984,1.7149,0.0
27,23,427.9936,1.7149,0.0
27,24,337.1436,1.7149,0.0
27,25,368.4719,1.7149,0.0
27,26,289.1937,1.7149,0.0
27,27,306.4968,1.7149,0.0
27,28,315.7713,1.7149,0.0
27,29,242.103,1.7149,0.0
27,30,248.4855,1.7149,0.0
27,31,294.2408,1.7149,0.0
27,32,259.3224,1.7149,0.0
27,33,221.0233,1.7149,0.0
27,34,198.2213,1.7149,0.0
27,35,173.3793,1.7149,0.0
27,36,150.719,1.7149,0.0
27,37,795.8859,1.7149,0.0
27,38,698.0762,1.7149,0.0
27,39,611.3403,1.7149,0.0
27,40,549.3294,1.7149,0.0
27,41,500.8355,1.7149,0.0
27,42,386.5245,1.7149,0.0
27,43,431.3478,1.7149,0.0
27,44,328.5015,1.7149,0.0
27,45,359.1057,1.7149,0.0
27,46,332.9896,1.7149,0.0
27,47,277.6823,1.7149,0.0
27,48,293.4074,1.7149,0.0
27,49,368.3224,1.7149,0.0
27,50,340.4265,1.7149,0.0
27,51,303.1856,1.7149,0.0
27,52,281.1633,1.7149,0.0
27,53,254.0877,1.7149,0.0
27,54,228.3256,1.7149,0.0
27,55,969.5462,1.7149,0.0
27,56,889.9346,1.7149,0.0
27,57,781.635,1.7149,0.0
27,58,358.1677,1.7149,2.7991
27,59,788.5809,1.7149,0.0
27,60,757.1711,1.7149,0.0
27,61,738.1748,1.7149,0.0
27,62,720.7052,1.7149,0.0
27,63,705.2129,1.7149,0.0
27,64,554.3462,1.7149,0.0
27,65,624.4481,1.7149,0.0
27,66,602.2672,1.7149,0.0
27,67,636.0357,1.7149,0.0
27,68,622.5372,1.7149,0.0
27,69,610.36,1.7149,0.0
27,70,603.2352,1.7149,0.0
27,71,508.1631,1.7149,0.0
27,72,499.4701,1.7149,0.0
27,73,455.6866,1.7149,0.0
27,74,384.6723,1.7149,0.0
27,75,391.311,1.7149,0.0
27,76,354.5582,1.7149,0.0
27,77,324.6491,1.7149,0.0
27,78,269.6338,1.7149,0.0
27,79,251.9151,1.7149,0.0
27,80,259.1382,1.7149,0.0
27,81,378.0913,1.7149,0.0
27,82,369.5502,1.7149,0.0
27,83,339.3939,1.7149,0.0
27,84,323.571,1.7149,0.0
27,85,298.4799,1.7149,0.0
27,86,273.4501,1.7149,0.0
27,87,915.161,1.7149,0.0
27,88,879.8339,1.7149,0.0
27,89,777.6165,1.7149,0.0
27,90,698.5619,1.7149,0.0
27,91,693.7143,1.7149,0.0
27,92,671.7007,1.7149,0.0
27,93,691.7985,1.7149,0.0
27,94,669.9158,1.7149,0.0
27,1,37.4496,1.7149,0.0
27,3,121.6037,1.7149,0.9865
27,4,155.0554,1.7149,0.9808
27,5,118.353,1.7149,0.9706
27,6,89.0992,1.7149,0.9868
27,7,61.9256,1.7149,0.9944
27,8,45.1002,1.7149,0.9925
27,9,31.0516,1.7149,0.9982
27,11,177.8355,1.7149,0.9684
27,12,274.984,1.7149,0.9628
27,13,278.4173,1.7149,0.9648
27,14,223.5548,1.7149,0.9507
27,15,182.9511,1.7149,0.9947
27,16,154.6243,1.7149,0.9948
27,17,126.3319,1.7149,0.9972
27,19,245.0188,1.7149,0.9767
27,20,468.6899,1.7149,0.9831
27,21,245.0035,1.7149,1.8627
27,22,236.5325,1.7149,1.8299
27,23,231.818,1.7149,1.9138
27,24,229.7022,1.7149,1.8269
27,25,211.3025,1.7149,1.6406
27,26,195.543,1.7149,1.6483
27,27,186.5462,1.7149,1.7149
28,1,22.6822,1.7937,0.9118
28,2,14.9833,1.7937,0.0
28,3,355.9606,1.7937,0.0
28,4,204.9086,1.7937,0.0
28,5,137.6254,1.7937,0.0
28,6,92.8107,1.7937,0.0
28,7,64.8519,1.7937,0.0
28,8,49.0996,1.7937,0.0
28,9,37.2158,1.7937,0.0
28,10,28.6554,1.7937,0.0
28,11,425.6455,1.7937,0.0
28,12,326.7864,1.7937,0.0
28,13,300.8271,1.7937,0.0
28,14,236.5952,1.7937,0.0
28,15,184.1847,1.7937,0.0
28,16,152.7036,1.7937,0.0
28,17,124.6317,1.7937,0.0
28,18,101.9116,1.7937,0.0
28,19,697.765,1.7937,0.0
28,20,574.7522,1.7937,0.0
28,21,474.6254,1.7937,0.0
28,22,458.1136,1.7937,0.0
28,23,419.4037,1.7937,0.0
28,24,330.3808,1.7937,0.0
28,25,360.9692,1.7937,0.0
28,26,283.3011,1.7937,0.0
28,27,300.1055,1.7937,0.0
28,28,309.2543,1.7937,0.0
28,29,237.12,1.7937,0.0
28,30,243.196,1.7937,0.0
28,31,288.0073,1.7937,0.0
28,32,253.6134,1.7937,0.0
28,33,216.0043,1.7937,0.0
28,34,193.6432,1.7937,0.0
28,35,169.3133,1.7937,0.0
28,36,147.1417,1.7937,0.0
28,37,781.8441,1.7937,0.0
28,38,684.7715,1.7937,0.0
28,39,599.2652,1.7937,0.0
28,40,538.248,1.7937,0.0
28,41,490.5973,1.7937,0.0
28,42,378.4594,1.7937,0.0
28,43,422.4144,1.7937,0.0
28,44,321.5506,1.7937,0.0
28,45,351.4986,1.7937,0.0
28,46,325.8858,1.7937,0.0
28,47,271.8088,1.7937,0.0
28,48,287.0958,1.7937,0.0
28,49,360.5731,1.7937,0.0
28,50,333.0301,1.7937,0.0
28,51,296.4064,1.7937,0.0
28,52,274.7751,1.7937,0.0
28,53,248.2237,1.7937,0.0
28,54,222.9856,1.7937,0.0
28,55,952.3401,1.7937,0.0
28,56,873.1622,1.7937,0.0
28,57,766.3677,1.7937,0.0
28,58,350.2054,1.7937,2.7991
28,59,773.5549,1.7937,0.0
28,60,742.6757,1.7937,0.0
28,61,724.0207,1.7937,0.0
28,62,706.8671,1.7937,0.0
28,63,691.6538,1.7937,0.0
28,64,543.2742,1.7937,0.0
28,65,612.6329,1.7937,0.0
28,66,590.7694,1.7937,0.0
28,67,623.6996,1.7937,0.0
28,68,610.4511,1.7937,0.0
28,69,598.4935,1.7937,0.0
28,70,591.5255,1.7937,0.0
28,71,498.0253,1.7937,0.0
28,72,489.1525,1.7937,0.0
28,73,446.0916,1.7937,0.0
28,74,376.4665,1.7937,0.0
28,75,382.9012,1.7937,0.0
28,76,346.8251,1.7937,0.0
28,77,317.4884,1.7937,0.0
28,78,263.6322,1.7937,0.0
28,79,246.2902,1.7937,0.0
28,80,253.3149,1.7937,0.0
28,81,370.0933,1.7937,0.0
28,82,361.5357,1.7937,0.0
28,83,331.8393,1.7937,0.0
28,84,316.2653,1.7937,0.0
28,85,291.6345,1.7937,0.0
28,86,267.0974,1.7937,0.0
28,87,898.4706,1.7937,0.0
28,88,862.9402,1.7937,0.0
28,89,762.2073,1.7937,0.0
28,90,684.2421,1.7937,0.0
28,91,679.7492,1.7937,0.0
28,92,658.1727,1.7937,0.0
28,93,678.1856,1.7937,0.0
28,94,656.68,1.7937,0.0
28,1,36.5901,1.7937,0.0
28,3,119.0725,1.7937,0.9865
28,4,151.7798,1.7937,0.9808
28,5,115.7,1.7937,0.9706
28,6,87.0432,1.7937,0.9868
28,7,60.4608,1.7937,0.9944
28,8,44.0173,1.7937,0.9925
28,9,30.3004,1.7937,0.9982
28,11,174.2001,1.7937,0.9684
28,12,269.3779,1.7937,0.9628
28,13,272.5409,1.7937,0.9648
28,14,218.6066,1.7937,0.9507
28,15,178.7735,1.7937,0.9947
28,16,151.0286,1.7937,0.9948
28,17,123.3457,1.7937,0.9972
28,19,239.8849,1.7937,0.9767
28,20,459.6812,1.7937,0.9831
28,21,239.6563,1.7937,1.8627
28,22,231.3631,1.7937,1.8299
28,23,226.7601,1.7937,1.9138
28,24,224.7176,1.7937,1.8269
28,25,206.6126,1.7937,1.6406
28,26,191.1798,1.7937,1.6483
28,27,182.3876,1.7937,1.7149
28,28,178.3311,1.7937,1.7937
29,1,22.155,0.9576,0.9118
29,2,14.5147,0.9576,0.0
29,3,367.4308,0.9576,0.0
29,4,205.9313,0.9576,0.0
29,5,136.3705,0.9576,0.0
29,6,91.1025,0.9576,0.0
29,7,63.2709,0.9576,0.0
29,8,47.7239,0.9576,0.0
29,9,36.0749,0.9576,0.0
29,10,27.7282,0.9576,0.0
29,11,438.7198,0.9576,0.0
29,12,330.0018,0.9576,0.0
29,13,301.465,0.9576,0.0
29,14,234.7548,0.9576,0.0
29,15,181.3267,0.9576,0.0
29,16,149.6421,0.9576,0.0
29,17,121.6329,0.9576,0.0
29,18,99.1398,0.9576,0.0
29,19,722.0002,0.9576,0.0
29,20,585.3704,0.9576,0.0
29,21,481.6472,0.9576,0.0
29,22,463.3924,0.9576,0.0
29,23,423.4193,0.9576,0.0
29,24,333.5014,0.9576,0.0
29,25,363.4171,0.9576,0.0
29,26,285.1018,0.9576,0.0
29,27,300.7356,0.9576,0.0
29,28,310.5133,0.9576,0.0
29,29,238.1207,0.9576,0.0
29,30,242.6893,0.9576,0.0
29,31,287.852,0.9576,0.0
29,32,251.5386,0.9576,0.0
29,33,212.8346,0.9576,0.0
29,34,190.0771,0.9576,0.0
29,35,165.586,0.9576,0.0
29,36,143.4525,0.9576,0.0
29,37,807.8786,0.9576,0.0
29,38,697.8623,0.9576,0.0
29,39,606.8585,0.9576,0.0
29,40,542.9499,0.9576,0.0
29,41,493.6363,0.9576,0.0
29,42,379.2299,0.9576,0.0
29,43,423.9154,0.9576,0.0
29,44,321.2502,0.9576,0.0
29,45,351.1222,0.9576,0.0
29,46,325.0466,0.9576,0.0
29,47,271.4634,0.9576,0.0
29,48,285.818,0.9576,0.0
29,49,360.6626,0.9576,0.0
29,50,331.0063,0.9576,0.0
29,51,292.8589,0.9576,0.0
29,52,270.5526,0.9576,0.0
29,53,243.5475,0.9576,0.0
29,54,218.0929,0.9576,0.0
29,55,983.5916,0.9576,0.0
29,56,891.6885,0.9576,0.0
29,57,777.707,0.9576,0.0
29,58,346.4374,0.9576,2.7991
29,59,788.3761,0.9576,0.0
29,60,756.1577,0.9576,0.0
29,61,736.9509,0.9576,0.0
29,62,719.3118,0.9576,0.0
29,63,703.6592,0.9576,0.0
29,64,548.9119,0.9576,0.0
29,65,625.2396,0.9576,0.0
29,66,602.1416,0.9576,0.0
29,67,633.526,0.9576,0.0
29,68,619.9597,0.9576,0.0
29,69,607.6633,0.9576,0.0
29,70,600.7572,0.9576,0.0
29,71,503.3841,0.9576,0.0
29,72,491.2212,0.9576,0.0
29,73,446.2955,0.9576,0.0
29,74,375.6084,0.9576,0.0
29,75,381.4584,0.9576,0.0
29,76,344.4429,0.9576,0.0
29,77,314.5325,0.9576,0.0
29,78,260.5785,0.9576,0.0
29,79,243.2204,0.9576,0.0
29,80,249.8231,0.9576,0.0
29,81,369.7134,0.9576,0.0
29,82,359.3822,0.9576,0.0
29,83,328.0961,0.9576,0.0
29,84,311.7543,0.9576,0.0
29,85,286.4803,0.9576,0.0
29,86,261.5923,0.9576,0.0
29,87,923.4448,0.9576,0.0
29,88,878.3888,0.9576,0.0
29,89,771.371,0.9576,0.0
29,90,687.9851,0.9576,0.0
29,91,685.7614,0.9576,0.0
29,92,663.9085,0.9576,0.0
29,93,686.9409,0.9576,0.0
29,94,664.6581,0.9576,0.0
29,1,35.9871,0.9576,0.0
29,3,119.4397,0.9576,0.9865
29,4,151.8426,0.9576,0.9808
29,5,114.3466,0.9576,0.9706
29,6,85.4731,0.9576,0.9868
29,7,58.9903,0.9576,0.9944
29,8,42.7458,0.9576,0.9925
29,9,29.2808,0.9576,0.9982
29,11,175.2531,0.9576,0.9684
29,12,271.2755,0.9576,0.9628
29,13,272.6384,0.9576,0.9648
29,14,216.6154,0.9576,0.9507
29,15,175.9628,0.9576,0.9947
29,16,148.0244,0.9576,0.9948
29,17,120.3927,0.9576,0.9972
29,19,240.1791,0.9576,0.9767
29,20,467.9156,0.9576,0.9831
29,21,238.0128,0.9576,1.8627
29,22,229.7226,0.9576,1.8299
29,23,225.202,0.9576,1.9138
29,24,223.4009,0.9576,1.8269
29,25,204.448,0.9576,1.6406
29,26,188.9445,0.9576,1.6483
29,27,180.2719,0.9576,1.7149
29,28,176.3358,0.9576,1.7937
29,29,174.9969,0.9576,0.9576
30,1,21.2139,1.9419,0.9118
30,2,14.1185,1.9419,0.0
30,3,317.8826,1.9419,0.0
30,4,187.3012,1.9419,0.0
30,5,127.2488,1.9419,0.0
30,6,86.4709,1.9419,0.0
30,7,60.7331,1.9419,0.0
30,8,46.1355,1.9419,0.0
30,9,35.0629,1.9419,0.0
30,10,27.0524,1.9419,0.0
30,11,380.6568,1.9419,0.0
30,12,297.544,1.9419,0.0
30,13,275.6299,1.9419,0.0
30,14,218.5282,1.9419,0.0
30,15,171.1889,1.9419,0.0
30,16,142.4591,1.9419,0.0
30,17,116.6637,1.9419,0.0
30,18,95.6586,1.9419,0.0
30,19,621.4841,1.9419,0.0
30,20,519.5182,1.9419,0.0
30,21,430.3675,1.9419,0.0
30,22,416.5328,1.9419,0.0
30,23,381.9629,1.9419,0.0
30,24,300.9323,1.9419,0.0
30,25,329.5196,1.9419,0.0
30,26,258.729,1.9419,0.0
30,27,275.0381,1.9419,0.0
30,28,282.9656,1.9419,0.0
30,29,216.957,1.9419,0.0
30,30,223.6622,1.9419,0.0
30,31,264.4724,1.9419,0.0
30,32,234.3407,1.9419,0.0
30,33,200.6408,1.9419,0.0
30,34,180.4189,1.9419,0.0
30,35,158.2213,1.9419,0.0
30,36,137.859,1.9419,0.0
30,37,697.2012,1.9419,0.0
30,38,618.5928,1.9419,0.0
30,39,544.314,1.9419,0.0
30,40,490.5097,1.9419,0.0
30,41,448.0328,1.9419,0.0
30,42,346.8387,1.9419,0.0
30,43,386.6256,1.9419,0.0
30,44,295.4307,1.9419,0.0
30,45,322.9831,1.9419,0.0
30,46,299.8317,1.9419,0.0
30,47,249.8348,1.9419,0.0
30,48,264.5716,1.9419,0.0
30,49,330.9585,1.9419,0.0
30,50,307.2635,1.9419,0.0
30,51,274.7816,1.9419,0.0
30,52,255.4289,1.9419,0.0
30,53,231.4006,1.9419,0.0
30,54,208.4055,1.9419,0.0
30,55,849.3446,1.9419,0.0
30,56,787.2771,1.9419,0.0
30,57,694.7959,1.9419,0.0
30,58,324.3365,1.9419,2.7991
30,59,698.7243,1.9419,0.0
30,60,671.4732,1.9419,0.0
30,61,654.7776,1.9419,0.0
30,62,639.4075,1.9419,0.0
30,63,625.782,1.9419,0.0
30,64,494.4243,1.9419,0.0
30,65,552.5803,1.9419,0.0
30,66,533.3938,1.9419,0.0
30,67,565.0858,1.9419,0.0
30,68,553.1687,1.9419,0.0
30,69,542.4516,1.9419,0.0
30,70,536.0077,1.9419,0.0
30,71,453.0762,1.9419,0.0
30,72,447.4432,1.9419,0.0
30,73,409.3369,1.9419,0.0
30,74,346.236,1.9419,0.0
30,75,352.5888,1.9419,0.0
30,76,320.1959,1.9419,0.0
30,77,293.7113,1.9419,0.0
30,78,244.3721,1.9419,0.0
30,79,228.4785,1.9419,0.0
30,80,235.2469,1.9419,0.0
30,81,340.0661,1.9419,0.0
30,82,333.5577,1.9419,0.0
30,83,307.4871,1.9419,0.0
30,84,293.7622,1.9419,0.0
30,85,271.6352,1.9419,0.0
30,86,249.3809,1.9419,0.0
30,87,804.9902,1.9419,0.0
30,88,780.2675,1.9419,0.0
30,89,692.6828,1.9419,0.0
30,90,625.2933,1.9419,0.0
30,91,619.4384,1.9419,0.0
30,92,599.8559,1.9419,0.0
30,93,615.9607,1.9419,0.0
30,94,596.8169,1.9419,0.0
30,1,34.0312,1.9419,0.0
30,3,109.0127,1.9419,0.9865
30,4,139.242,1.9419,0.9808
30,5,107.2026,1.9419,0.9706
30,6,81.0686,1.9419,0.9868
30,7,56.614,1.9419,0.9944
30,8,41.3862,1.9419,0.9925
30,9,28.6291,1.9419,0.9982
30,11,159.1228,1.9419,0.9684
30,12,245.8054,1.9419,0.9628
30,13,250.073,1.9419,0.9648
30,14,202.1306,1.9419,0.9507
30,15,166.1887,1.9419,0.9947
30,16,140.8804,1.9419,0.9948
30,17,115.4501,1.9419,0.9972
30,19,219.9852,1.9419,0.9767
30,20,415.5638,1.9419,0.9831
30,21,221.2467,1.9419,1.8627
30,22,213.6191,1.9419,1.8299
30,23,209.3428,1.9419,1.9138
30,24,207.2926,1.9419,1.8269
30,25,191.3125,1.9419,1.6406
30,26,177.2034,1.9419,1.6483
30,27,169.0461,1.9419,1.7149
30,28,165.2361,1.9419,1.7937
30,29,162.9236,1.9419,0.9576
30,30,153.4528,1.9419,1.9419
31,1,33.2515,0.9601,0.9118
31,2,20.9874,0.9601,0.0
31,3,602.8104,0.9601,0.0
31,4,326.6672,0.9601,0.0
31,5,211.2756,0.9601,0.0
31,6,138.1497,0.9601,0.0
31,7,94.1329,0.9601,0.0
31,8,69.9039,0.9601,0.0
31,9,52.0476,0.9601,0.0
31,10,39.4587,0.9601,0.0
31,11,717.7531,0.9601,0.0
31,12,526.4236,0.9601,0.0
31,13,475.7318,0.9601,0.0
31,14,364.611,0.9601,0.0
31,15,277.3523,0.9601,0.0
31,16,226.2796,0.9601,0.0
31,17,181.7178,0.9601,0.0
31,18,146.3855,0.9601,0.0
31,19,1184.8327,0.9601,0.0
31,20,942.5828,0.9601,0.0
31,21,771.9763,0.9601,0.0
31,22,739.0281,0.9601,0.0
31,23,673.2823,0.9601,0.0
31,24,529.0006,0.9601,0.0
31,25,575.3229,0.9601,0.0
31,26,449.904,0.9601,0.0
31,27,472.6401,0.9601,0.0
31,28,489.5499,0.9601,0.0
31,29,374.2537,0.9601,0.0
31,30,378.7329,0.9601,0.0
31,31,451.4003,0.9601,0.0
31,32,389.737,0.9601,0.0
31,33,325.7268,0.9601,0.0
31,34,288.3934,0.9601,0.0
31,35,248.8211,0.9601,0.0
31,36,213.4821,0.9601,0.0
31,37,1322.7322,0.9601,0.0
31,38,1123.9167,0.9601,0.0
31,39,969.0777,0.9601,0.0
31,40,862.0363,0.9601,0.0
31,41,780.4805,0.9601,0.0
31,42,594.5765,0.9601,0.0
31,43,666.7601,0.9601,0.0
31,44,500.5162,0.9601,0.0
31,45,547.8346,0.9601,0.0
31,46,505.6698,0.9601,0.0
31,47,421.742,0.9601,0.0
31,48,442.8639,0.9601,0.0
31,49,564.1564,0.9601,0.0
31,50,513.0315,0.9601,0.0
31,51,449.3006,0.9601,0.0
31,52,412.2793,0.9601,0.0
31,53,368.2183,0.9601,0.0
31,54,327.0838,0.9601,0.0
31,55,1609.8951,0.9601,0.0
31,56,1439.361,0.9601,0.0
31,57,1245.0382,0.9601,0.0
31,58,532.0683,0.9601,2.7991
31,59,1268.2581,0.9601,0.0
31,60,1214.7867,0.9601,0.0
31,61,1183.4931,0.9601,0.0
31,62,1154.8172,0.9601,0.0
31,63,1129.3623,0.9601,0.0
31,64,871.6966,0.9601,0.0
31,65,1006.1273,0.9601,0.0
31,66,967.4193,0.9601,0.0
31,67,1014.7443,0.9601,0.0
31,68,992.8398,0.9601,0.0
31,69,972.8753,0.9601,0.0
31,70,962.2681,0.9601,0.0
31,71,800.5607,0.9601,0.0
31,72,774.7949,0.9601,0.0
31,73,699.5482,0.9601,0.0
31,74,585.0069,0.9601,0.0
31,75,592.9066,0.9601,0.0
31,76,532.195,0.9601,0.0
31,77,483.509,0.9601,0.0
31,78,397.7391,0.9601,0.0
31,79,370.1517,0.9601,0.0
31,80,379.7092,0.9601,0.0
31,81,575.6281,0.9601,0.0
31,82,555.8307,0.9601,0.0
31,83,502.9885,0.9601,0.0
31,84,475.3134,0.9601,0.0
31,85,433.6625,0.9601,0.0
31,86,393.185,0.9601,0.0
31,87,1501.4541,0.9601,0.0
31,88,1411.5217,0.9601,0.0
31,89,1229.7307,0.9601,0.0
31,90,1085.7394,0.9601,0.0
31,91,1086.538,0.9601,0.0
31,92,1051.4942,0.9601,0.0
31,93,1094.1031,0.9601,0.0
31,94,1057.5095,0.9601,0.0
31,1,54.9919,0.9601,0.0
31,3,188.7622,0.9601,0.9865
31,4,238.9068,0.9601,0.9808
31,5,176.0976,0.9601,0.9706
31,6,129.567,0.9601,0.9868
31,7,87.6645,0.9601,0.9944
31,8,62.3522,0.9601,0.9925
31,9,41.5909,0.9601,0.9982
31,11,277.5143,0.9601,0.9684
31,12,430.8297,0.9601,0.9628
31,13,428.9521,0.9601,0.9648
31,14,335.5206,0.9601,0.9507
31,15,268.937,0.9601,0.9947
31,16,223.8453,0.9601,0.9948
31,17,179.8683,0.9601,0.9972
31,19,375.8495,0.9601,0.9767
31,20,751.8144,0.9601,0.9831
31,21,368.5417,0.9601,1.8627
31,22,355.3498,0.9601,1.8299
31,23,348.3293,0.9601,1.9138
31,24,345.9796,0.9601,1.8269
31,25,314.4244,0.9601,1.6406
31,26,289.7588,0.9601,1.6483
31,27,276.313,0.9601,1.7149
31,28,270.4023,0.9601,1.7937
31,29,269.7344,0.9601,0.9576
31,30,248.7003,0.9601,1.9419
31,31,421.6497,0.9601,0.9601
32,1,29.9527,0.9434,0.9118
32,2,19.3761,0.9434,0.0
32,3,484.0165,0.9434,0.0
32,4,276.5717,0.9434,0.0
32,5,184.2055,0.9434,0.0
32,6,123.0574,0.9434,0.0
32,7,85.1621,0.9434,0.0
32,8,63.9245,0.9434,0.0
32,9,48.0233,0.9434,0.0
32,10,36.6615,0.9434,0.0
32,11,578.0882,0.9434,0.0
32,12,441.5239,0.9434,0.0
32,13,405.1611,0.9434,0.0
32,14,316.97,0.9434,0.0
32,15,245.2683,0.9434,0.0
32,16,202.2863,0.9434,0.0
32,17,164.1266,0.9434,0.0
32,18,133.3794,0.9434,0.0
32,19,946.5756,0.9434,0.0
32,20,777.5361,0.9434,0.0
32,21,641.4064,0.9434,0.0
32,22,618.0401,0.9434,0.0
32,23,565.2639,0.9434,0.0
32,24,444.4196,0.9434,0.0
32,25,485.7648,0.9434,0.0
32,26,380.3853,0.9434,0.0
32,27,402.9146,0.9434,0.0
32,28,415.6439,0.9434,0.0
32,29,317.8624,0.9434,0.0
32,30,325.6928,0.9434,0.0
32,31,386.7129,0.9434,0.0
32,32,339.2404,0.9434,0.0
32,33,287.5847,0.9434,0.0
32,34,256.8517,0.9434,0.0
32,35,223.5744,0.9434,0.0
32,36,193.3634,0.9434,0.0
32,37,1059.6044,0.9434,0.0
32,38,926.0025,0.9434,0.0
32,39,808.5991,0.9434,0.0
32,40,724.9805,0.9434,0.0
32,41,659.8039,0.9434,0.0
32,42,507.1503,0.9434,0.0
32,43,566.8294,0.9434,0.0
32,44,429.6996,0.9434,0.0
32,45,470.3078,0.9434,0.0
32,46,435.5268,0.9434,0.0
32,47,362.5076,0.9434,0.0
32,48,383.0204,0.9434,0.0
32,49,482.9115,0.9434,0.0
32,50,444.9048,0.9434,0.0
32,51,394.5822,0.9434,0.0
32,52,364.8243,0.9434,0.0
32,53,328.475,0.9434,0.0
32,54,293.9966,0.9434,0.0
32,55,1290.3249,0.9434,0.0
32,56,1180.9729,0.9434,0.0
32,57,1034.49,0.9434,0.0
32,58,466.188,0.9434,2.7991
32,59,1044.8624,0.9434,0.0
32,60,1002.9138,0.9434,0.0
32,61,977.6523,0.9434,0.0
32,62,954.4431,0.9434,0.0
32,63,933.8615,0.9434,0.0
32,64,730.9227,0.9434,0.0
32,65,826.5104,0.9434,0.0
32,66,796.6299,0.9434,0.0
32,67,841.7526,0.9434,0.0
32,68,823.8687,0.9434,0.0
32,69,807.7031,0.9434,0.0
32,70,798.438,0.9434,0.0
32,71,670.6097,0.9434,0.0
32,72,657.5565,0.9434,0.0
32,73,598.3678,0.9434,0.0
32,74,503.4431,0.9434,0.0
32,75,511.7975,0.9434,0.0
32,76,462.5042,0.9434,0.0
32,77,422.4876,0.9434,0.0
32,78,349.516,0.9434,0.0
32,79,326.0072,0.9434,0.0
32,80,335.3045,0.9434,0.0
32,81,494.2934,0.9434,0.0
32,82,482.1548,0.9434,0.0
32,83,441.2868,0.9434,0.0
32,84,419.7407,0.9434,0.0
32,85,385.9419,0.9434,0.0
32,86,352.3749,0.9434,0.0
32,87,1215.4454,0.9434,0.0
32,88,1165.7107,0.9434,0.0
32,89,1027.4859,0.9434,0.0
32,90,919.3517,0.9434,0.0
32,91,913.9023,0.9434,0.0
32,92,884.7153,0.9434,0.0
32,93,912.9705,0.9434,0.0
32,94,883.778,0.9434,0.0
32,1,48.7247,0.9434,0.0
32,3,160.4502,0.9434,0.9865
32,4,204.169,0.9434,0.9808
32,5,154.4409,0.9434,0.9706
32,6,115.3488,0.9434,0.9868
32,7,79.3278,0.9434,0.9944
32,8,57.1752,0.9434,0.9925
32,9,38.7583,0.9434,0.9982
32,11,234.6048,0.9434,0.9684
32,12,363.332,0.9434,0.9628
32,13,366.6561,0.9434,0.9648
32,14,292.5335,0.9434,0.9507
32,15,237.958,0.9434,0.9947
32,16,200.0526,0.9434,0.9948
32,17,162.4206,0.9434,0.9972
32,19,321.1574,0.9434,0.9767
32,20,620.6735,0.9434,0.9831
32,21,320.1342,0.9434,1.8627
32,22,308.8304,0.9434,1.8299
32,23,302.6272,0.9434,1.9138
32,24,299.9706,0.9434,1.8269
32,25,275.2607,0.9434,1.6406
32,26,254.3735,0.9434,1.6483
32,27,242.5572,0.9434,1.7149
32,28,237.1737,0.9434,1.7937
32,29,234.8327,0.9434,0.9576
32,30,219.4508,0.9434,1.9419
32,31,362.6832,0.9434,0.9601
32,32,316.8521,0.9434,0.9434
33,1,27.3574,0.9889,0.9118
33,2,18.0816,0.9889,0.0
33,3,406.3427,0.9889,0.0
33,4,240.7559,0.9889,0.0
33,5,163.9655,0.9889,0.0
33,6,111.4257,0.9889,0.0
33,7,78.1138,0.9889,0.0
33,8,59.1764,0.9889,0.0
33,9,44.8079,0.9889,0.0
33,10,34.4226,0.9889,0.0
33,11,486.4638,0.9889,0.0
33,12,381.8396,0.9889,0.0
33,13,354.3706,0.9889,0.0
33,14,281.4893,0.9889,0.0
33,15,220.7146,0.9889,0.0
33,16,183.6462,0.9889,0.0
33,17,150.2742,0.9889,0.0
33,18,123.0358,0.9889,0.0
33,19,793.6306,0.9889,0.0
33,20,665.3221,0.9889,0.0
33,21,551.4999,0.9889,0.0
33,22,534.0266,0.9889,0.0
33,23,489.821,0.9889,0.0
33,24,385.6577,0.9889,0.0
33,25,422.6874,0.9889,0.0
33,26,331.6389,0.9889,0.0
33,27,353.0074,0.9889,0.0
33,28,363.0566,0.9889,0.0
33,29,278.0578,0.9889,0.0
33,30,287.1778,0.9889,0.0
33,31,339.9625,0.9889,0.0
33,32,301.68,0.9889,0.0
33,33,258.5263,0.9889,0.0
33,34,232.5072,0.9889,0.0
33,35,203.84,0.9889,0.0
33,36,177.4716,0.9889,0.0
33,37,890.4931,0.9889,0.0
33,38,792.0816,0.9889,0.0
33,39,697.8037,0.9889,0.0
33,40,629.219,0.9889,0.0
33,41,574.9009,0.9889,0.0
33,42,445.0799,0.9889,0.0
33,43,496.1023,0.9889,0.0
33,44,379.0427,0.9889,0.0
33,45,414.5411,0.9889,0.0
33,46,384.8152,0.9889,0.0
33,47,320.2231,0.9889,0.0
33,48,339.4814,0.9889,0.0
33,49,424.7008,0.9889,0.0
33,50,394.8165,0.9889,0.0
33,51,353.4245,0.9889,0.0
33,52,328.6756,0.9889,0.0
33,53,297.8064,0.9889,0.0
33,54,268.17,0.9889,0.0
33,55,1085.3677,0.9889,0.0
33,56,1007.7913,0.9889,0.0
33,57,890.4764,0.9889,0.0
33,58,417.035,0.9889,2.7991
33,59,894.2815,0.9889,0.0
33,60,859.5248,0.9889,0.0
33,61,838.1837,0.9889,0.0
33,62,818.5381,0.9889,0.0
33,63,801.1286,0.9889,0.0
33,64,633.5809,0.9889,0.0
33,65,706.8707,0.9889,0.0
33,66,682.5126,0.9889,0.0
33,67,723.6013,0.9889,0.0
33,68,708.3653,0.9889,0.0
33,69,694.6807,0.9889,0.0
33,70,686.4011,0.9889,0.0
33,71,580.6117,0.9889,0.0
33,72,574.409,0.9889,0.0
33,73,525.7375,0.9889,0.0
33,74,444.6486,0.9889,0.0
33,75,452.9177,0.9889,0.0
33,76,411.3669,0.9889,0.0
33,77,377.3328,0.9889,0.0
33,78,313.704,0.9889,0.0
33,79,293.1656,0.9889,0.0
33,80,301.9723,0.9889,0.0
33,81,436.1584,0.9889,0.0
33,82,428.2639,0.9889,0.0
33,83,395.1495,0.9889,0.0
33,84,377.6873,0.9889,0.0
33,85,349.3407,0.9889,0.0
33,86,320.7197,0.9889,0.0
33,87,1029.5399,0.9889,0.0
33,88,999.4395,0.9889,0.0
33,89,887.9112,0.9889,0.0
33,90,802.1553,0.9889,0.0
33,91,793.9473,0.9889,0.0
33,92,768.7821,0.9889,0.0
33,93,788.6402,0.9889,0.0
33,94,764.211,0.9889,0.0
33,1,43.9067,0.9889,0.0
33,3,140.1353,0.9889,0.9865
33,4,179.139,0.9889,0.9808
33,5,138.1446,0.9889,0.9706
33,6,104.4532,0.9889,0.9868
33,7,72.8073,0.9889,0.9944
33,8,53.0645,0.9889,0.9925
33,9,36.4728,0.9889,0.9982
33,11,204.1937,0.9889,0.9684
33,12,315.6688,0.9889,0.9628
33,13,321.6043,0.9889,0.9648
33,14,260.4044,0.9889,0.9507
33,15,214.2514,0.9889,0.9947
33,16,181.5905,0.9889,0.9948
33,17,148.6943,0.9889,0.9972
33,19,282.307,0.9889,0.9767
33,20,532.2461,0.9889,0.9831
33,21,284.4516,0.9889,1.8627
33,22,274.5929,0.9889,1.8299
33,23,269.027,0.9889,1.9138
33,24,266.2939,0.9889,1.8269
33,25,245.9713,0.9889,1.6406
33,26,227.8113,0.9889,1.6483
33,27,217.2635,0.9889,1.7149
33,28,212.3221,0.9889,1.7937
33,29,209.1322,0.9889,0.9576
33,30,197.2771,0.9889,1.9419
33,31,319.7871,0.9889,0.9601
33,32,282.5717,0.9889,0.9434
33,33,254.1924,0.9889,0.9889
34,1,25.3149,0.9901,0.9118
34,2,17.028,0.9901,0.0
34,3,355.045,0.9901,0.0
34,4,215.1671,0.9901,0.0
34,5,148.859,0.9901,0.0
34,6,102.462,0.9901,0.0
34,7,72.5567,0.9901,0.0
34,8,55.3752,0.9901,0.0
34,9,42.2027,0.9901,0.0
34,10,32.5935,0.9901,0.0
34,11,425.7733,0.9901,0.0
34,12,339.8427,0.9901,0.0
34,13,317.8133,0.9901,0.0
34,14,255.1153,0.9901,0.0
34,15,201.9603,0.9901,0.0
34,16,169.1712,0.9901,0.0
34,17,139.3453,0.9901,0.0
34,18,114.7677,0.9901,0.0
34,19,693.9818,0.9901,0.0
34,20,588.5763,0.9901,0.0
34,21,489.3305,0.9901,0.0
34,22,475.4453,0.9901,0.0
34,23,436.9293,0.9901,0.0
34,24,344.5858,0.9901,0.0
34,25,378.1133,0.9901,0.0
34,26,297.2697,0.9901,0.0
34,27,317.2233,0.9901,0.0
34,28,325.5667,0.9901,0.0
34,29,249.821,0.9901,0.0
34,30,259.1916,0.9901,0.0
34,31,306.1275,0.9901,0.0
34,32,273.768,0.9901,0.0
34,33,236.4206,0.9901,0.0
34,34,213.7298,0.9901,0.0
34,35,188.4031,0.9901,0.0
34,36,164.8833,0.9901,0.0
34,37,780.0986,0.9901,0.0
34,38,700.8015,0.9901,0.0
34,39,620.8918,0.9901,0.0
34,40,562.0001,0.9901,0.0
34,41,514.8945,0.9901,0.0
34,42,400.7722,0.9901,0.0
34,43,445.7916,0.9901,0.0
34,44,342.597,0.9901,0.0
34,45,374.29,0.9901,0.0
34,46,348.0402,0.9901,0.0
34,47,289.8328,0.9901,0.0
34,48,307.7214,0.9901,0.0
34,49,382.8381,0.9901,0.0
34,50,357.9609,0.9901,0.0
34,51,322.4812,0.9901,0.0
34,52,301.1506,0.9901,0.0
34,53,274.1377,0.9901,0.0
34,54,247.9867,0.9901,0.0
34,55,951.6305,0.9901,0.0
34,56,890.6264,0.9901,0.0
34,57,791.2471,0.9901,0.0
34,58,380.316,0.9901,2.7991
34,59,791.8817,0.9901,0.0
34,60,761.6998,0.9901,0.0
34,61,742.9435,0.9901,0.0
34,62,725.6536,0.9901,0.0
34,63,710.3376,0.9901,0.0
34,64,565.7914,0.9901,0.0
34,65,626.1705,0.9901,0.0
34,66,605.2828,0.9901,0.0
34,67,642.3795,0.9901,0.0
34,68,628.9108,0.9901,0.0
34,69,616.8666,0.9901,0.0
34,70,609.3146,0.9901,0.0
34,71,517.9069,0.9901,0.0
34,72,515.2388,0.9901,0.0
34,73,473.4619,0.9901,0.0
34,74,402.0778,0.9901,0.0
34,75,410.0352,0.9901,0.0
34,76,373.7422,0.9901,0.0
34,77,343.8376,0.9901,0.0
34,78,286.9945,0.9901,0.0
34,79,268.6145,0.9901,0.0
34,80,276.8778,0.9901,0.0
34,81,394.3385,0.9901,0.0
34,82,388.7357,0.9901,0.0
34,83,360.6185,0.9901,0.0
34,84,345.8475,0.9901,0.0
34,85,321.2528,0.9901,0.0
34,86,296.1364,0.9901,0.0
34,87,906.7065,0.9901,0.0
34,88,885.9738,0.9901,0.0
34,89,790.9717,0.9901,0.0
34,90,719.2018,0.9901,0.0
34,91,710.0299,0.9901,0.0
34,92,687.6559,0.9901,0.0
34,93,702.688,0.9901,0.0
34,94,681.3589,0.9901,0.0
34,1,40.2117,0.9901,0.0
34,3,125.5564,0.9901,0.9865
34,4,161.0637,0.9901,0.9808
34,5,125.8888,0.9901,0.9706
34,6,96.0872,0.9901,0.9868
34,7,67.6796,0.9901,0.9944
34,8,49.7665,0.9901,0.9925
34,9,34.5882,0.9901,0.9982
34,11,182.6062,0.9901,0.9684
34,12,281.9249,0.9901,0.9628
34,13,289.0163,0.9901,0.9648
34,14,236.4253,0.9901,0.9507
34,15,196.1374,0.9901,0.9947
34,16,167.2672,0.9901,0.9948
34,17,137.8735,0.9901,0.9972
34,19,254.5376,0.9901,0.9767
34,20,471.9821,0.9901,0.9831
34,21,258.1295,0.9901,1.8627
34,22,249.3437,0.9901,1.8299
34,23,244.2727,0.9901,1.9138
34,24,241.5803,0.9901,1.8269
34,25,224.0757,0.9901,1.6406
34,26,207.8748,0.9901,1.6483
34,27,198.2993,0.9901,1.7149
34,28,193.7213,0.9901,1.7937
34,29,190.1685,0.9901,0.9576
34,30,180.4812,0.9901,1.9419
34,31,288.5493,0.9901,0.9601
34,32,256.9523,0.9901,0.9434
34,33,232.5784,0.9901,0.9889
34,34,213.7862,0.9901,0.9901
35,1,22.623,0.9974,0.9118
35,2,15.5387,0.9974,0.0
35,3,297.6835,0.9974,0.0
35,4,184.8832,0.9974,0.0
35,5,130.1881,0.9974,0.0
35,6,90.9343,0.9974,0.0
35,7,65.1543,0.9974,0.0
35,8,50.1632,0.9974,0.0
35,9,38.5294,0.9974,0.0
35,10,29.9501,0.9974,0.0
35,11,357.7246,0.9974,0.0
35,12,290.7276,0.9974,0.0
35,13,274.1894,0.9974,0.0
35,14,222.6812,0.9974,0.0
35,15,178.1984,0.9974,0.0
35,16,150.4203,0.9974,0.0
35,17,124.8495,0.9974,0.0
35,18,103.5467,0.9974,0.0
35,19,582.8914,0.9974,0.0
35,20,500.4152,0.9974,0.0
35,21,417.3648,0.9974,0.0
35,22,407.097,0.9974,0.0
35,23,374.9283,0.9974,0.0
35,24,296.3607,0.9974,0.0
35,25,325.4945,0.9974,0.0
35,26,256.5939,0.9974,0.0
35,27,274.462,0.9974,0.0
35,28,281.0154,0.9974,0.0
35,29,216.214,0.9974,0.0
35,30,225.3457,0.9974,0.0
35,31,265.3939,0.9974,0.0
35,32,239.3636,0.9974,0.0
35,33,208.4957,0.9974,0.0
35,34,189.5974,0.9974,0.0
35,35,168.1791,0.9974,0.0
35,36,148.0689,0.9974,0.0
35,37,656.6574,0.9974,0.0
35,38,596.0214,0.9974,0.0
35,39,531.3426,0.9974,0.0
35,40,482.9873,0.9974,0.0
35,41,443.8848,0.9974,0.0
35,42,347.68,0.9974,0.0
35,43,385.7986,0.9974,0.0
35,44,298.5174,0.9974,0.0
35,45,325.665,0.9974,0.0
35,46,303.4107,0.9974,0.0
35,47,253.0095,0.9974,0.0
35,48,268.9491,0.9974,0.0
35,49,332.4791,0.9974,0.0
35,50,312.7994,0.9974,0.0
35,51,283.7761,0.9974,0.0
35,52,266.2386,0.9974,0.0
35,53,243.6296,0.9974,0.0
35,54,221.5367,0.9974,0.0
35,55,801.8614,0.9974,0.0
35,56,756.6271,0.9974,0.0
35,57,676.193,0.9974,0.0
35,58,334.5262,0.9974,2.7991
35,59,674.2876,0.9974,0.0
35,60,649.1282,0.9974,0.0
35,61,633.2835,0.9974,0.0
35,62,618.654,0.9974,0.0
35,63,605.6994,0.9974,0.0
35,64,486.3444,0.9974,0.0
35,65,533.6485,0.9974,0.0
35,66,516.4905,0.9974,0.0
35,67,548.4629,0.9974,0.0
35,68,537.0079,0.9974,0.0
35,69,526.8147,0.9974,0.0
35,70,520.1674,0.9974,0.0
35,71,444.5516,0.9974,0.0
35,72,444.8851,0.9974,0.0
35,73,410.643,0.9974,0.0
35,74,350.4234,0.9974,0.0
35,75,357.7932,0.9974,0.0
35,76,327.4317,0.9974,0.0
35,77,302.2475,0.9974,0.0
35,78,253.4816,0.9974,0.0
35,79,237.6832,0.9974,0.0
35,80,245.1411,0.9974,0.0
35,81,343.7404,0.9974,0.0
35,82,340.2422,0.9974,0.0
35,83,317.4838,0.9974,0.0
35,84,305.6097,0.9974,0.0
35,85,285.2229,0.9974,0.0
35,86,264.1334,0.9974,0.0
35,87,767.7906,0.9974,0.0
35,88,755.2617,0.9974,0.0
35,89,677.8767,0.9974,0.0
35,90,620.826,0.9974,0.0
35,91,611.3075,0.9974,0.0
35,92,592.1871,0.9974,0.0
35,93,602.5835,0.9974,0.0
35,94,584.6998,0.9974,0.0
35,1,35.5123,0.9974,0.0
35,3,108.2048,0.9974,0.9865
35,4,139.3617,0.9974,0.9808
35,5,110.5802,0.9974,0.9706
35,6,85.3265,0.9974,0.9868
35,7,60.8359,0.9974,0.9944
35,8,45.2019,0.9974,0.9925
35,9,31.8313,0.9974,0.9982
35,11,157.1005,0.9974,0.9684
35,12,242.1476,0.9974,0.9628
35,13,249.9248,0.9974,0.9648
35,14,206.788,0.9974,0.9507
35,15,173.1582,0.9974,0.9947
35,16,148.7219,0.9974,0.9948
35,17,123.5274,0.9974,0.9972
35,19,221.1642,0.9974,0.9767
35,20,402.538,0.9974,0.9831
35,21,225.7784,0.9974,1.8627
35,22,218.2711,0.9974,1.8299
35,23,213.8276,0.9974,1.9138
35,24,211.2809,0.9974,1.8269
35,25,196.8395,0.9974,1.6406
35,26,182.955,0.9974,1.6483
35,27,174.591,0.9974,1.7149
35,28,170.5004,0.9974,1.7937
35,29,166.7816,0.9974,0.9576
35,30,159.3049,0.9974,1.9419
35,31,250.7247,0.9974,0.9601
35,32,225.1792,0.9974,0.9434
35,33,205.2305,0.9974,0.9889
35,34,189.6408,0.9974,0.9901
35,35,169.2375,0.9974,0.9974
37,1,35.1963,0.9738,0.9118
37,2,22.6231,0.9738,0.0
37,3,657.4076,0.9738,0.0
37,4,345.4378,0.9738,0.0
37,5,222.5081,0.9738,0.0
37,6,145.9974,0.9738,0.0
37,7,100.1418,0.9738,0.0
37,8,74.8868,0.9738,0.0
37,9,56.1779,0.9738,0.0
37,10,42.8957,0.9738,0.0
37,11,781.8527,0.9738,0.0
37,12,559.1337,0.9738,0.0
37,13,502.9933,0.9738,0.0
37,14,383.9084,0.9738,0.0
37,15,292.1604,0.9738,0.0
37,16,239.0572,0.9738,0.0
37,17,192.7877,0.9738,0.0
37,18,156.101,0.9738,0.0
37,19,1305.884,0.9738,0.0
37,20,1013.0706,0.9738,0.0
37,21,826.1041,0.9738,0.0
37,22,789.4117,0.9738,0.0
37,23,718.2125,0.9738,0.0
37,24,566.1856,0.9738,0.0
37,25,612.6444,0.9738,0.0
37,26,480.6236,0.9738,0.0
37,27,501.594,0.9738,0.0
37,28,519.9826,0.9738,0.0
37,29,399.3534,0.9738,0.0
37,30,401.0548,0.9738,0.0
37,31,477.9737,0.9738,0.0
37,32,411.0389,0.9738,0.0
37,33,343.3978,0.9738,0.0
37,34,304.5312,0.9738,0.0
37,35,263.4592,0.9738,0.0
37,36,226.859,0.9738,0.0
37,37,1457.7817,0.9738,0.0
37,38,1210.8108,0.9738,0.0
37,39,1037.4434,0.9738,0.0
37,40,920.1358,0.9738,0.0
37,41,832.1368,0.9738,0.0
37,42,633.9471,0.9738,0.0
37,43,710.7779,0.9738,0.0
37,44,533.6135,0.9738,0.0
37,45,582.3742,0.9738,0.0
37,46,537.2565,0.9738,0.0
37,47,450.4714,0.9738,0.0
37,48,470.3119,0.9738,0.0
37,49,599.8987,0.9738,0.0
37,50,542.8777,0.9738,0.0
37,51,474.5641,0.9738,0.0
37,52,435.5555,0.9738,0.0
37,53,389.4684,0.9738,0.0
37,54,346.6791,0.9738,0.0
37,55,1776.888,0.9738,0.0
37,56,1556.9958,0.9738,0.0
37,57,1337.501,0.9738,0.0
37,58,563.148,0.9738,2.7991
37,59,1369.5245,0.9738,0.0
37,60,1309.7014,0.9738,0.0
37,61,1275.3968,0.9738,0.0
37,62,1243.995,0.9738,0.0
37,63,1216.1018,0.9738,0.0
37,64,934.6082,0.9738,0.0
37,65,1093.0934,0.9738,0.0
37,66,1050.0925,0.9738,0.0
37,67,1090.35,0.9738,0.0
37,68,1066.4469,0.9738,0.0
37,69,1044.6045,0.9738,0.0
37,70,1033.3196,0.9738,0.0
37,71,857.2478,0.9738,0.0
37,72,824.205,0.9738,0.0
37,73,742.7397,0.9738,0.0
37,74,622.0977,0.9738,0.0
37,75,629.4728,0.9738,0.0
37,76,564.5516,0.9738,0.0
37,77,512.7966,0.9738,0.0
37,78,422.9019,0.9738,0.0
37,79,393.9288,0.9738,0.0
37,80,403.2645,0.9738,0.0
37,81,614.0469,0.9738,0.0
37,82,589.8275,0.9738,0.0
37,83,532.3907,0.9738,0.0
37,84,502.8673,0.9738,0.0
37,85,459.0005,0.9738,0.0
37,86,416.7321,0.9738,0.0
37,87,1647.6456,0.9738,0.0
37,88,1522.3656,0.9738,0.0
37,89,1317.6426,0.9738,0.0
37,90,1157.8649,0.9738,0.0
37,91,1163.4976,0.9738,0.0
37,92,1125.9076,0.9738,0.0
37,93,1175.3584,0.9738,0.0
37,94,1135.1209,0.9738,0.0
37,1,57.9039,0.9738,0.0
37,3,199.6771,0.9738,0.9865
37,4,252.9574,0.9738,0.9808
37,5,185.7206,0.9738,0.9706
37,6,137.2125,0.9738,0.9868
37,7,93.4584,0.9738,0.9944
37,8,67.0045,0.9738,0.9925
37,9,45.2489,0.9738,0.9982
37,11,294.6795,0.9738,0.9684
37,12,457.7831,0.9738,0.9628
37,13,453.3636,0.9738,0.9648
37,14,353.4142,0.9738,0.9507
37,15,283.4368,0.9738,0.9947
37,16,236.5467,0.9738,0.9948
37,17,190.8602,0.9738,0.9972
37,19,401.0371,0.9738,0.9767
37,20,812.3489,0.9738,0.9831
37,21,389.9057,0.9738,1.8627
37,22,376.3919,0.9738,1.8299
37,23,369.0649,0.9738,1.9138
37,24,366.8686,0.9738,1.8269
37,25,332.2215,0.9738,1.6406
37,26,306.272,0.9738,1.6483
37,27,292.2992,0.9738,1.7149
37,28,286.1241,0.9738,1.7937
37,29,286.0131,0.9738,0.9576
37,30,262.7332,0.9738,1.9419
37,31,446.0798,0.9738,0.9601
37,32,382.5012,0.9738,0.9434
37,33,337.216,0.9738,0.9889
37,34,304.7279,0.9738,0.9901
37,35,265.4647,0.9738,0.9974
37,37,476.2591,0.9738,0.9738
38,1,64.4065,0.9801,0.9118
38,2,38.8333,0.9801,0.0
38,3,1618.2465,0.9801,0.0
38,4,734.7926,0.9801,0.0
38,5,441.1261,0.9801,0.0
38,6,274.7031,0.9801,0.0
38,7,181.1973,0.9801,0.0
38,8,131.7846,0.9801,0.0
38,9,96.508,0.9801,0.0
38,10,72.2703,0.9801,0.0
38,11,1907.9592,0.9801,0.0
38,12,1218.1274,0.9801,0.0
38,13,1057.0218,0.9801,0.0
38,14,766.3847,0.9801,0.0
38,15,559.3821,0.9801,0.0
38,16,445.786,0.9801,0.0
38,17,350.4273,0.9801,0.0
38,18,277.4759,0.9801,0.0
38,19,3302.2504,0.9801,0.0
38,20,2314.842,0.9801,0.0
38,21,1849.7319,0.9801,0.0
38,22,1740.741,0.9801,0.0
38,23,1568.2263,0.9801,0.0
38,24,1238.5036,0.9801,0.0
38,25,1318.8096,0.9801,0.0
38,26,1034.0602,0.9801,0.0
38,27,1052.2336,0.9801,0.0
38,28,1101.6666,0.9801,0.0
38,29,848.7952,0.9801,0.0
38,30,822.5167,0.9801,0.0
38,31,991.9123,0.9801,0.0
38,32,818.4887,0.9801,0.0
38,33,660.0928,0.9801,0.0
38,34,573.085,0.9801,0.0
38,35,485.065,0.9801,0.0
38,36,409.3761,0.9801,0.0
38,37,3670.9261,0.9801,0.0
38,38,2782.4577,0.9801,0.0
38,39,2305.6086,0.9801,0.0
38,40,2003.7829,0.9801,0.0
38,41,1789.7638,0.9801,0.0
38,42,1335.07,0.9801,0.0
38,43,1509.2981,0.9801,0.0
38,44,1106.1259,0.9801,0.0
38,45,1203.4301,0.9801,0.0
38,46,1100.537,0.9801,0.0
38,47,931.6022,0.9801,0.0
38,48,952.7533,0.9801,0.0
38,49,1250.1173,0.9801,0.0
38,50,1091.6636,0.9801,0.0
38,51,924.1369,0.9801,0.0
38,52,832.506,0.9801,0.0
38,53,729.7176,0.9801,0.0
38,54,637.466,0.9801,0.0
38,55,4496.9846,0.9801,0.0
38,56,3631.454,0.9801,0.0
38,57,3014.0781,0.9801,0.0
38,58,1104.4325,0.9801,2.7991
38,59,3162.1198,0.9801,0.0
38,60,2999.9283,0.9801,0.0
38,61,2915.7949,0.9801,0.0
38,62,2839.3501,0.9801,0.0
38,63,2771.3234,0.9801,0.0
38,64,2059.4692,0.9801,0.0
38,65,2566.8729,0.9801,0.0
38,66,2457.8402,0.9801,0.0
38,67,2460.947,0.9801,0.0
38,68,2404.1111,0.9801,0.0
38,69,2351.2803,0.9801,0.0
38,70,2328.9369,0.9801,0.0
38,71,1892.7447,0.9801,0.0
38,72,1752.9565,0.9801,0.0
38,73,1547.9897,0.9801,0.0
38,74,1280.4929,0.9801,0.0
38,75,1284.0434,0.9801,0.0
38,76,1131.2913,0.9801,0.0
38,77,1013.1095,0.9801,0.0
38,78,824.6609,0.9801,0.0
38,79,763.8853,0.9801,0.0
38,80,775.5046,0.9801,0.0
38,81,1274.2283,0.9801,0.0
38,82,1187.3359,0.9801,0.0
38,83,1040.0523,0.9801,0.0
38,84,966.3035,0.9801,0.0
38,85,865.0084,0.9801,0.0
38,86,771.7877,0.9801,0.0
38,87,4053.3897,0.9801,0.0
38,88,3491.0837,0.9801,0.0
38,89,2924.8174,0.9801,0.0
38,90,2481.2627,0.9801,0.0
38,91,2542.5532,0.9801,0.0
38,92,2457.2393,0.9801,0.0
38,93,2618.0036,0.9801,0.0
38,94,2517.5053,0.9801,0.0
38,1,110.3275,0.9801,0.0
38,3,421.461,0.9801,0.9865
38,4,529.5494,0.9801,0.9808
38,5,363.3607,0.9801,0.9706
38,6,258.9885,0.9801,0.9868
38,7,169.1772,0.9801,0.9944
38,8,117.1018,0.9801,0.9925
38,9,75.6758,0.9801,0.9982
38,11,630.8304,0.9801,0.9684
38,12,988.7857,0.9801,0.9628
38,13,944.7535,0.9801,0.9648
38,14,701.0009,0.9801,0.9507
38,15,542.1262,0.9801,0.9947
38,16,441.4719,0.9801,0.9948
38,17,347.1255,0.9801,0.9972
38,19,841.9983,0.9801,0.9767
38,20,1876.9417,0.9801,0.9831
38,21,779.9488,0.9801,1.8627
38,22,754.6753,0.9801,1.8299
38,23,740.1763,0.9801,1.9138
38,24,739.8315,0.9801,1.8269
38,25,651.8405,0.9801,1.6406
38,26,596.9767,0.9801,1.6483
38,27,570.3024,0.9801,1.7149
38,28,559.3883,0.9801,1.7937
38,29,569.9151,0.9801,0.9576
38,30,505.2608,0.9801,1.9419
38,31,916.2312,0.9801,0.9601
38,32,755.0584,0.9801,0.9434
38,33,647.022,0.9801,0.9889
38,34,573.7135,0.9801,0.9901
38,35,489.3461,0.9801,0.9974
38,37,992.797,0.9801,0.9738
38,38,2312.6602,0.9801,0.9801
39,1,51.2356,1.9153,0.9118
39,2,31.9889,1.9153,0.0
39,3,1074.5875,1.9153,0.0
39,4,532.511,1.9153,0.0
39,5,334.1351,1.9153,0.0
39,6,214.776,1.9153,0.0
39,7,144.9207,1.9153,0.0
39,8,107.0438,1.9153,0.0
39,9,79.4076,1.9153,0.0
39,10,60.0628,1.9153,0.0
39,11,1272.7028,1.9153,0.0
39,12,869.3739,1.9153,0.0
39,13,771.8606,1.9153,0.0
39,14,578.055,1.9153,0.0
39,15,433.0171,1.9153,0.0
39,16,350.5775,1.9153,0.0
39,17,279.7355,1.9153,0.0
39,18,224.3126,1.9153,0.0
39,19,2163.7031,1.9153,0.0
39,20,1603.6362,1.9153,0.0
39,21,1297.2964,1.9153,0.0
39,22,1232.3433,1.9153,0.0
39,23,1116.9531,1.9153,0.0
39,24,880.6069,1.9153,0.0
39,25,947.5834,1.9153,0.0
39,26,742.6641,1.9153,0.0
39,27,768.2107,1.9153,0.0
39,28,799.371,1.9153,0.0
39,29,614.0983,1.9153,0.0
39,30,609.0499,1.9153,0.0
39,31,729.5813,1.9153,0.0
39,32,617.9985,1.9153,0.0
39,33,509.5503,1.9153,0.0
39,34,448.1381,1.9153,0.0
39,35,384.2901,1.9153,0.0
39,36,328.1316,1.9153,0.0
39,37,2411.4577,1.9153,0.0
39,38,1920.9295,1.9153,0.0
39,39,1624.3636,1.9153,0.0
39,40,1429.3576,1.9153,0.0
39,41,1286.477,1.9153,0.0
39,42,971.5959,1.9153,0.0
39,43,1093.2424,1.9153,0.0
39,44,812.6286,1.9153,0.0
39,45,886.275,1.9153,0.0
39,46,814.8402,1.9153,0.0
39,47,684.9796,1.9153,0.0
39,48,710.2172,1.9153,0.0
39,49,916.1592,1.9153,0.0
39,50,818.413,1.9153,0.0
39,51,707.0933,1.9153,0.0
39,52,644.4494,1.9153,0.0
39,53,571.8432,1.9153,0.0
39,54,505.2262,1.9153,0.0
39,55,2950.2475,1.9153,0.0
39,56,2485.631,1.9153,0.0
39,57,2105.7491,1.9153,0.0
39,58,840.841,1.9153,2.7991
39,59,2178.3229,1.9153,0.0
39,60,2074.8807,1.9153,0.0
39,61,2018.9224,1.9153,0.0
39,62,1967.8827,1.9153,0.0
39,63,1922.5226,1.9153,0.0
39,64,1458.1969,1.9153,0.0
39,65,1752.1144,1.9153,0.0
39,66,1683.0549,1.9153,0.0
39,67,1717.0123,1.9153,0.0
39,68,1678.5781,1.9153,0.0
39,69,1643.2139,1.9153,0.0
39,70,1626.3339,1.9153,0.0
39,71,1339.8149,1.9153,0.0
39,72,1268.9492,1.9153,0.0
39,73,1134.6407,1.9153,0.0
39,74,945.4099,1.9153,0.0
39,75,953.5634,1.9153,0.0
39,76,849.3817,1.9153,0.0
39,77,767.3003,1.9153,0.0
39,78,629.1605,1.9153,0.0
39,79,584.6353,1.9153,0.0
39,80,596.9445,1.9153,0.0
39,81,935.6299,1.9153,0.0
39,82,888.8756,1.9153,0.0
39,83,793.6701,1.9153,0.0
39,84,745.1471,1.9153,0.0
39,85,675.1842,1.9153,0.0
39,86,608.8625,1.9153,0.0
39,87,2698.097,1.9153,0.0
39,88,2413.4225,1.9153,0.0
39,89,2062.2685,1.9153,0.0
39,90,1787.1863,1.9153,0.0
39,91,1809.2861,1.9153,0.0
39,92,1749.7379,1.9153,0.0
39,93,1840.6901,1.9153,0.0
39,94,1774.6391,1.9153,0.0
39,1,85.6815,1.9153,0.0
39,3,306.8862,1.9153,0.9865
39,4,387.6564,1.9153,0.9808
39,5,277.405,1.9153,0.9706
39,6,201.9744,1.9153,0.9868
39,7,135.1839,1.9153,0.9944
39,8,95.4458,1.9153,0.9925
39,9,63.1889,1.9153,0.9982
39,11,454.9928,1.9153,0.9684
39,12,709.6961,1.9153,0.9628
39,13,693.4732,1.9153,0.9648
39,14,530.818,1.9153,0.9507
39,15,419.8718,1.9153,0.9947
39,16,346.971,1.9153,0.9948
39,17,276.9773,1.9153,0.9972
39,19,613.8463,1.9153,0.9767
39,20,1293.5159,1.9153,0.9831
39,21,586.3135,1.9153,1.8627
39,22,566.867,1.9153,1.8299
39,23,555.7215,1.9153,1.9138
39,24,553.4764,1.9153,1.8269
39,25,496.3331,1.9153,1.6406
39,26,456.3878,1.9153,1.6483
39,27,435.6701,1.9153,1.7149
39,28,426.7405,1.9153,1.7937
39,29,429.3743,1.9153,0.9576
39,30,389.5811,1.9153,1.9419
39,31,678.259,1.9153,0.9601
39,32,573.2139,1.9153,0.9434
39,33,500.0071,1.9153,0.9889
39,34,448.4872,1.9153,0.9901
39,35,387.3876,1.9153,0.9974
39,37,726.8613,1.9153,0.9738
39,38,1586.5402,1.9153,0.9801
39,39,1132.2983,1.9153,1.9153
40,1,39.6669,1.9355,0.9118
40,2,25.7037,1.9355,0.0
40,3,678.481,1.9355,0.0
40,4,374.0135,1.9355,0.0
40,5,246.0147,1.9355,0.0
40,6,163.4548,1.9355,0.0
40,7,112.9339,1.9355,0.0
40,8,84.7876,1.9355,0.0
40,9,63.768,1.9355,0.0
40,10,48.76,1.9355,0.0
40,11,808.9973,1.9355,0.0
40,12,600.5511,1.9355,0.0
40,13,546.7176,1.9355,0.0
40,14,423.6992,1.9355,0.0
40,15,326.0087,1.9355,0.0
40,16,268.3077,1.9355,0.0
40,17,217.4322,1.9355,0.0
40,18,176.669,1.9355,0.0
40,19,1335.9899,1.9355,0.0
40,20,1070.9104,1.9355,0.0
40,21,879.0165,1.9355,0.0
40,22,844.1565,1.9355,0.0
40,23,770.4185,1.9355,0.0
40,24,606.704,1.9355,0.0
40,25,660.1005,1.9355,0.0
40,26,517.5812,1.9355,0.0
40,27,544.6643,1.9355,0.0
40,28,562.9344,1.9355,0.0
40,29,431.5544,1.9355,0.0
40,30,438.408,1.9355,0.0
40,31,521.1802,1.9355,0.0
40,32,453.6905,1.9355,0.0
40,33,382.6458,1.9355,0.0
40,34,341.0338,1.9355,0.0
40,35,296.3944,1.9355,0.0
40,36,256.1501,1.9355,0.0
40,37,1493.7993,1.9355,0.0
40,38,1277.5813,1.9355,0.0
40,39,1106.663,1.9355,0.0
40,40,987.8257,1.9355,0.0
40,41,896.7952,1.9355,0.0
40,42,687.1848,1.9355,0.0
40,43,768.8428,1.9355,0.0
40,44,580.9007,1.9355,0.0
40,45,634.8024,1.9355,0.0
40,46,587.0202,1.9355,0.0
40,47,490.3817,1.9355,0.0
40,48,515.3861,1.9355,0.0
40,49,652.5654,1.9355,0.0
40,50,596.8919,1.9355,0.0
40,51,526.5426,1.9355,0.0
40,52,485.6176,1.9355,0.0
40,53,436.3046,1.9355,0.0
40,54,389.9385,1.9355,0.0
40,55,1819.0406,1.9355,0.0
40,56,1635.3622,1.9355,0.0
40,57,1420.6192,1.9355,0.0
40,58,623.2841,1.9355,2.7991
40,59,1442.968,1.9355,0.0
40,60,1383.219,1.9355,0.0
40,61,1347.7804,1.9355,0.0
40,62,1315.267,1.9355,0.0
40,63,1286.4106,1.9355,0.0
40,64,999.3615,1.9355,0.0
40,65,1146.1276,1.9355,0.0
40,66,1102.5614,1.9355,0.0
40,67,1156.8729,1.9355,0.0
40,68,1131.9421,1.9355,0.0
40,69,1109.3035,1.9355,0.0
40,70,1096.8681,1.9355,0.0
40,71,916.2925,1.9355,0.0
40,72,891.41,1.9355,0.0
40,73,808.1066,1.9355,0.0
40,74,679.0458,1.9355,0.0
40,75,688.9719,1.9355,0.0
40,76,620.8894,1.9355,0.0
40,77,566.0462,1.9355,0.0
40,78,468.0246,1.9355,0.0
40,79,436.4322,1.9355,0.0
40,80,447.9663,1.9355,0.0
40,81,668.3672,1.9355,0.0
40,82,647.8165,1.9355,0.0
40,83,589.7648,1.9355,0.0
40,84,559.5643,1.9355,0.0
40,85,513.2574,1.9355,0.0
40,86,467.8458,1.9355,0.0
40,87,1702.8592,1.9355,0.0
40,88,1607.8178,1.9355,0.0
40,89,1406.1219,1.9355,0.0
40,90,1249.025,1.9355,0.0
40,91,1247.3212,1.9355,0.0
40,92,1207.3349,1.9355,0.0
40,93,1251.9154,1.9355,0.0
40,94,1210.6981,1.9355,0.0
40,1,64.7068,1.9355,0.0
40,3,216.717,1.9355,0.9865
40,4,275.3644,1.9355,0.9808
40,5,206.0014,1.9355,0.9706
40,6,153.4229,1.9355,0.9868
40,7,105.3151,1.9355,0.9944
40,8,75.8994,1.9355,0.9925
40,9,51.5158,1.9355,0.9982
40,11,318.1678,1.9355,0.9684
40,12,493.3057,1.9355,0.9628
40,13,494.0245,1.9355,0.9648
40,14,390.7192,1.9355,0.9507
40,15,316.3169,1.9355,0.9947
40,16,265.4089,1.9355,0.9948
40,17,215.2101,1.9355,0.9972
40,19,435.0649,1.9355,0.9767
40,20,856.7131,1.9355,0.9831
40,21,429.3019,1.9355,1.8627
40,22,414.203,1.9355,1.8299
40,23,406.0223,1.9355,1.9138
40,24,402.92,1.9355,1.8269
40,25,367.7937,1.9355,1.6406
40,26,339.6278,1.9355,1.6483
40,27,323.9921,1.9355,1.7149
40,28,316.9417,1.9355,1.7937
40,29,314.9908,1.9355,0.9576
40,30,292.4005,1.9355,1.9419
40,31,487.8759,1.9355,0.9601
40,32,423.2076,1.9355,0.9434
40,33,375.9179,1.9355,0.9889
40,34,341.204,1.9355,0.9901
40,35,298.5634,1.9355,0.9974
40,37,517.6961,1.9355,0.9738
40,38,1044.3401,1.9355,0.9801
40,39,780.8212,1.9355,1.9153
40,40,568.6789,1.9355,1.9355
41,1,40.0304,1.9545,0.9118
41,2,25.9534,1.9545,0.0
41,3,684.104,1.9545,0.0
41,4,377.9693,1.9545,0.0
41,5,248.4266,1.9545,0.0
41,6,164.998,1.9545,0.0
41,7,113.9989,1.9545,0.0
41,8,85.6024,1.9545,0.0
41,9,64.401,1.9545,0.0
41,10,49.2635,1.9545,0.0
41,11,816.0317,1.9545,0.0
41,12,607.0073,1.9545,0.0
41,13,552.355,1.9545,0.0
41,14,427.8837,1.9545,0.0
41,15,329.0947,1.9545,0.0
41,16,270.8059,1.9545,0.0
41,17,219.4462,1.9545,0.0
41,18,178.3183,1.9545,0.0
41,19,1343.3714,1.9545,0.0
41,20,1081.993,1.9545,0.0
41,21,888.3356,1.9545,0.0
41,22,853.0464,1.9545,0.0
41,23,778.5266,1.9545,0.0
41,24,613.0224,1.9545,0.0
41,25,667.0305,1.9545,0.0
41,26,523.002,1.9545,0.0
41,27,550.4092,1.9545,0.0
41,28,568.9088,1.9545,0.0
41,29,436.1042,1.9545,0.0
41,30,442.9886,1.9545,0.0
41,31,526.4964,1.9545,0.0
41,32,458.192,1.9545,0.0
41,33,386.3091,1.9545,0.0
41,34,344.2425,1.9545,0.0
41,35,299.1535,1.9545,0.0
41,36,258.5304,1.9545,0.0
41,37,1501.7789,1.9545,0.0
41,38,1290.4826,1.9545,0.0
41,39,1118.1402,1.9545,0.0
41,40,998.1224,1.9545,0.0
41,41,906.0801,1.9545,0.0
41,42,694.2983,1.9545,0.0
41,43,776.7368,1.9545,0.0
41,44,586.8945,1.9545,0.0
41,45,641.4164,1.9545,0.0
41,46,593.1414,1.9545,0.0
41,47,495.48,1.9545,0.0
41,48,520.7629,1.9545,0.0
41,49,659.2865,1.9545,0.0
41,50,602.9692,1.9545,0.0
41,51,531.7424,1.9545,0.0
41,52,490.3206,1.9545,0.0
41,53,440.4599,1.9545,0.0
41,54,393.6121,1.9545,0.0
41,55,1826.4461,1.9545,0.0
41,56,1650.9334,1.9545,0.0
41,57,1434.8956,1.9545,0.0
41,58,629.4977,1.9545,2.7991
41,59,1456.5113,1.9545,0.0
41,60,1397.0298,1.9545,0.0
41,61,1361.3178,1.9545,0.0
41,62,1328.5415,1.9545,0.0
41,63,1299.4488,1.9545,0.0
41,64,1009.4419,1.9545,0.0
41,65,1155.3947,1.9545,0.0
41,66,1110.6913,1.9545,0.0
41,67,1168.8393,1.9545,0.0
41,68,1143.6857,1.9545,0.0
41,69,1120.8436,1.9545,0.0
41,70,1108.2791,1.9545,0.0
41,71,925.2266,1.9545,0.0
41,72,900.6808,1.9545,0.0
41,73,816.4974,1.9545,0.0
41,74,685.9856,1.9545,0.0
41,75,696.004,1.9545,0.0
41,76,627.2065,1.9545,0.0
41,77,571.7793,1.9545,0.0
41,78,472.7643,1.9545,0.0
41,79,440.8597,1.9545,0.0
41,80,452.4761,1.9545,0.0
41,81,675.1518,1.9545,0.0
41,82,654.4451,1.9545,0.0
41,83,595.664,1.9545,0.0
41,84,565.0648,1.9545,0.0
41,85,518.2124,1.9545,0.0
41,86,472.3058,1.9545,0.0
41,87,1712.705,1.9545,0.0
41,88,1623.5376,1.9545,0.0
41,89,1420.3983,1.9545,0.0
41,90,1261.9867,1.9545,0.0
41,91,1260.0147,1.9545,0.0
41,92,1219.7064,1.9545,0.0
41,93,1264.8378,1.9545,0.0
41,94,1223.2638,1.9545,0.0
41,1,65.3129,1.9545,0.0
41,3,218.9706,1.9545,0.9865
41,4,278.0881,1.9545,0.9808
41,5,207.9943,1.9545,0.9706
41,6,154.8764,1.9545,0.9868
41,7,106.3141,1.9545,0.9944
41,8,76.6347,1.9545,0.9925
41,9,52.0412,1.9545,0.9982
41,11,321.5378,1.9545,0.9684
41,12,498.3486,1.9545,0.9628
41,13,499.0761,1.9545,0.9648
41,14,394.5403,1.9545,0.9507
41,15,319.3099,1.9545,0.9947
41,16,267.8858,1.9545,0.9948
41,17,217.2078,1.9545,0.9972
41,19,439.5228,1.9545,0.9767
41,20,864.1411,1.9545,0.9831
41,21,433.7865,1.9545,1.8627
41,22,418.3068,1.9545,1.8299
41,23,410.1033,1.9545,1.9138
41,24,406.9894,1.9545,1.8269
41,25,371.4691,1.9545,1.6406
41,26,343.0012,1.9545,1.6483
41,27,327.1995,1.9545,1.7149
41,28,320.096,1.9545,1.7937
41,29,318.2136,1.9545,0.9576
41,30,295.2762,1.9545,1.9419
41,31,492.8316,1.9545,0.9601
41,32,427.3622,1.9545,0.9434
41,33,379.5097,1.9545,0.9889
41,34,344.4169,1.9545,0.9901
41,35,301.3463,1.9545,0.9974
41,37,522.9449,1.9545,0.9738
41,38,1052.8629,1.9545,0.9801
41,39,787.495,1.9545,1.9153
41,40,574.4591,1.9545,1.9355
41,41,580.5824,1.9545,1.9545
42,1,37.5478,1.942,0.9118
42,2,24.553,1.942,0.0
42,3,628.1817,1.942,0.0
42,4,349.1897,1.942,0.0
42,5,231.0449,1.942,0.0
42,6,154.3288,1.942,0.0
42,7,107.1304,1.942,0.0
42,8,80.736,1.942,0.0
42,9,60.9414,1.942,0.0
42,10,46.7498,1.942,0.0
42,11,749.4974,1.942,0.0
42,12,559.8856,1.942,0.0
42,13,511.081,1.942,0.0
42,14,397.6602,1.942,0.0
42,15,307.1384,1.942,0.0
42,16,253.4985,1.942,0.0
42,17,206.0459,1.942,0.0
42,18,167.9014,1.942,0.0
42,19,1237.9643,1.942,0.0
42,20,996.0157,1.942,0.0
42,21,818.5161,1.942,0.0
42,22,787.0565,1.942,0.0
42,23,718.8469,1.942,0.0
42,24,566.43,1.942,0.0
42,25,616.5993,1.942,0.0
42,26,483.8537,1.942,0.0
42,27,509.6999,1.942,0.0
42,28,526.3795,1.942,0.0
42,29,403.84,1.942,0.0
42,30,410.9866,1.942,0.0
42,31,487.9858,1.942,0.0
42,32,426.0703,1.942,0.0
42,33,360.4496,1.942,0.0
42,34,321.9415,1.942,0.0
42,35,280.4702,1.942,0.0
42,36,242.9684,1.942,0.0
42,37,1385.1228,1.942,0.0
42,38,1188.1982,1.942,0.0
42,39,1031.4745,1.942,0.0
42,40,922.066,1.942,0.0
42,41,837.9849,1.942,0.0
42,42,643.4721,1.942,0.0
42,43,719.3659,1.942,0.0
42,44,544.8075,1.942,0.0
42,45,595.1503,1.942,0.0
42,46,550.7557,1.942,0.0
42,47,460.2367,1.942,0.0
42,48,484.0286,1.942,0.0
42,49,611.3911,1.942,0.0
42,50,560.5104,1.942,0.0
42,51,495.6948,1.942,0.0
42,52,457.9302,1.942,0.0
42,53,412.2275,1.942,0.0
42,54,369.1531,1.942,0.0
42,55,1687.749,1.942,0.0
42,56,1520.1317,1.942,0.0
42,57,1323.2583,1.942,0.0
42,58,586.643,1.942,2.7991
42,59,1342.8116,1.942,0.0
42,60,1287.2763,1.942,0.0
42,61,1254.4039,1.942,0.0
42,62,1224.2314,1.942,0.0
42,63,1197.4564,1.942,0.0
42,64,932.8332,1.942,0.0
42,65,1066.7077,1.942,0.0
42,66,1027.1026,1.942,0.0
42,67,1077.4205,1.942,0.0
42,68,1054.2484,1.942,0.0
42,69,1033.2364,1.942,0.0
42,70,1021.5311,1.942,0.0
42,71,855.2457,1.942,0.0
42,72,833.4523,1.942,0.0
42,73,756.7532,1.942,0.0
42,74,636.9077,1.942,0.0
42,75,646.5495,1.942,0.0
42,76,583.5257,1.942,0.0
42,77,532.6579,1.942,0.0
42,78,441.1961,1.942,0.0
42,79,411.7136,1.942,0.0
42,80,422.7191,1.942,0.0
42,81,626.9326,1.942,0.0
42,82,608.662,1.942,0.0
42,83,555.3255,1.942,0.0
42,84,527.5997,1.942,0.0
42,85,484.789,1.942,0.0
42,86,442.6674,1.942,0.0
42,87,1581.5449,1.942,0.0
42,88,1496.2077,1.942,0.0
42,89,1311.2088,1.942,0.0
42,90,1167.6309,1.942,0.0
42,91,1164.9288,1.942,0.0
42,92,1127.6927,1.942,0.0
42,93,1167.6383,1.942,0.0
42,94,1129.483,1.942,0.0
42,1,60.9773,1.942,0.0
42,3,202.5173,1.942,0.9865
42,4,257.6088,1.942,0.9808
42,5,193.7557,1.942,0.9706
42,6,144.8738,1.942,0.9868
42,7,99.9381,1.942,0.9944
42,8,72.352,1.942,0.9925
42,9,49.4166,1.942,0.9982
42,11,297.1713,1.942,0.9684
42,12,460.4234,1.942,0.9628
42,13,462.1678,1.942,0.9648
42,14,366.9549,1.942,0.9507
42,15,298.0661,1.942,0.9947
42,16,250.7573,1.942,0.9948
42,17,203.9397,1.942,0.9972
42,19,407.5906,1.942,0.9767
42,20,797.4773,1.942,0.9831
42,21,403.154,1.942,1.8627
42,22,389.1787,1.942,1.8299
42,23,381.4804,1.942,1.9138
42,24,378.4474,1.942,1.8269
42,25,346.0423,1.942,1.6406
42,26,319.7637,1.942,1.6483
42,27,305.0887,1.942,1.7149
42,28,298.4129,1.942,1.7937
42,29,296.1989,1.942,0.9576
42,30,275.6055,1.942,1.9419
42,31,457.1641,1.942,0.9601
42,32,397.7592,1.942,0.9434
42,33,354.1868,1.942,0.9889
42,34,322.0978,1.942,0.9901
42,35,282.4933,1.942,0.9974
42,37,485.4129,1.942,0.9738
42,38,972.1233,1.942,0.9801
42,39,730.1446,1.942,1.9153
42,40,534.0108,1.942,1.9355
42,41,539.3532,1.942,1.9545
42,42,502.0073,1.942,1.942
43,1,41.3385,1.6682,0.9118
43,2,26.6217,1.6682,0.0
43,3,763.7814,1.6682,0.0
43,4,402.7727,1.6682,0.0
43,5,260.3796,1.6682,0.0
43,6,171.2581,1.6682,0.0
43,7,117.6479,1.6682,0.0
43,8,88.0609,1.6682,0.0
43,9,66.1093,1.6682,0.0
43,10,50.5087,1.6682,0.0
43,11,908.4025,1.6682,0.0
43,12,651.2564,1.6682,0.0
43,13,586.9862,1.6682,0.0
43,14,449.1191,1.6682,0.0
43,15,342.4883,1.6682,0.0
43,16,280.5613,1.6682,0.0
43,17,226.4833,1.6682,0.0
43,18,183.5205,1.6682,0.0
43,19,1518.8755,1.6682,0.0
43,20,1178.3302,1.6682,0.0
43,21,961.3657,1.6682,0.0
43,22,919.3099,1.6682,0.0
43,23,836.7341,1.6682,0.0
43,24,659.7201,1.6682,0.0
43,25,714.183,1.6682,0.0
43,26,560.3648,1.6682,0.0
43,27,585.2935,1.6682,0.0
43,28,606.474,1.6682,0.0
43,29,465.8147,1.6682,0.0
43,30,468.4529,1.6682,0.0
43,31,558.1522,1.6682,0.0
43,32,480.8926,1.6682,0.0
43,33,402.454,1.6682,0.0
43,34,357.2511,1.6682,0.0
43,35,309.353,1.6682,0.0
43,36,266.5777,1.6682,0.0
43,37,1696.1214,1.6682,0.0
43,38,1408.3895,1.6682,0.0
43,39,1207.9868,1.6682,0.0
43,40,1072.1935,1.6682,0.0
43,41,970.207,1.6682,0.0
43,42,739.7915,1.6682,0.0
43,43,829.2408,1.6682,0.0
43,44,623.1386,1.6682,0.0
43,45,680.0524,1.6682,0.0
43,46,627.581,1.6682,0.0
43,47,526.0977,1.6682,0.0
43,48,549.6338,1.6682,0.0
43,49,700.4229,1.6682,0.0
43,50,634.7831,1.6682,0.0
43,51,555.7794,1.6682,0.0
43,52,510.5682,1.6682,0.0
43,53,456.9707,1.6682,0.0
43,54,407.097,1.6682,0.0
43,55,2068.8557,1.6682,0.0
43,56,1811.0626,1.6682,0.0
43,57,1557.0674,1.6682,0.0
43,58,659.2348,1.6682,2.7991
43,59,1593.6331,1.6682,0.0
43,60,1523.8714,1.6682,0.0
43,61,1483.9817,1.6682,0.0
43,62,1447.4665,1.6682,0.0
43,63,1415.0358,1.6682,0.0
43,64,1088.9839,1.6682,0.0
43,65,1272.7235,1.6682,0.0
43,66,1223.2739,1.6682,0.0
43,67,1268.9174,1.6682,0.0
43,68,1241.1151,1.6682,0.0
43,69,1215.7298,1.6682,0.0
43,70,1202.5314,1.6682,0.0
43,71,998.8614,1.6682,0.0
43,72,961.3192,1.6682,0.0
43,73,867.0054,1.6682,0.0
43,74,726.7066,1.6682,0.0
43,75,735.5724,1.6682,0.0
43,76,660.187,1.6682,0.0
43,77,600.0274,1.6682,0.0
43,78,495.1176,1.6682,0.0
43,79,461.3026,1.6682,0.0
43,80,472.4233,1.6682,0.0
43,81,717.2229,1.6682,0.0
43,82,689.6435,1.6682,0.0
43,83,623.3539,1.6682,0.0
43,84,589.2725,1.6682,0.0
43,85,538.3747,1.6682,0.0
43,86,489.1862,1.6682,0.0
43,87,1918.4029,1.6682,0.0
43,88,1771.5639,1.6682,0.0
43,89,1534.6792,1.6682,0.0
43,90,1350.24,1.6682,0.0
43,91,1356.0504,1.6682,0.0
43,92,1312.2121,1.6682,0.0
43,93,1368.661,1.6682,0.0
43,94,1321.9594,1.6682,0.0
43,1,67.8924,1.6682,0.0
43,3,232.9539,1.6682,0.9865
43,4,295.3816,1.6682,0.9808
43,5,217.4762,1.6682,0.9706
43,6,160.9223,1.6682,0.9868
43,7,109.7755,1.6682,0.9944
43,8,78.792,1.6682,0.9925
43,9,53.288,1.6682,0.9982
43,11,343.5592,1.6682,0.9684
43,12,533.7085,1.6682,0.9628
43,13,529.3043,1.6682,0.9648
43,14,413.5991,1.6682,0.9507
43,15,332.2783,1.6682,0.9947
43,16,277.6002,1.6682,0.9948
43,17,224.2095,1.6682,0.9972
43,19,468.0977,1.6682,0.9767
43,20,945.9943,1.6682,0.9831
43,21,455.9109,1.6682,1.8627
43,22,440.2561,1.6682,1.8299
43,23,431.6391,1.6682,1.9138
43,24,428.9662,1.6682,1.8269
43,25,388.9066,1.6682,1.6406
43,26,358.6562,1.6682,1.6483
43,27,342.2979,1.6682,1.7149
43,28,335.0287,1.6682,1.7937
43,29,334.5615,1.6682,0.9576
43,30,307.8815,1.6682,1.9419
43,31,521.1441,1.6682,0.9601
43,32,447.7131,1.6682,0.9434
43,33,395.2472,1.6682,0.9889
43,34,357.4737,1.6682,0.9901
43,35,311.6901,1.6682,0.9974
43,37,556.1255,1.6682,0.9738
43,38,1156.2604,1.6682,0.9801
43,39,848.3727,1.6682,1.9153
43,40,605.3389,1.6682,1.9355
43,41,611.2764,1.6682,1.9545
43,42,567.767,1.6682,1.942
43,43,649.7143,1.6682,1.6682
44,1,33.1875,1.8584,0.9118
44,2,22.0616,1.8584,0.0
44,3,517.333,1.8584,0.0
44,4,297.5186,1.8584,0.0
44,5,200.3299,1.8584,0.0
44,6,135.5517,1.8584,0.0
44,7,95.019,1.8584,0.0
44,8,72.1173,1.8584,0.0
44,9,54.7781,1.8584,0.0
44,10,42.2432,1.8584,0.0
44,11,618.6669,1.8584,0.0
44,12,474.418,1.8584,0.0
44,13,437.0209,1.8584,0.0
44,14,344.2113,1.8584,0.0
44,15,268.5416,1.8584,0.0
44,16,223.0883,1.8584,0.0
44,17,182.4721,1.8584,0.0
44,18,149.5222,1.8584,0.0
44,19,1015.7997,1.8584,0.0
44,20,835.2692,1.8584,0.0
44,21,689.6088,1.8584,0.0
44,22,665.8143,1.8584,0.0
44,23,609.6159,1.8584,0.0
44,24,480.6382,1.8584,0.0
44,25,524.7748,1.8584,0.0
44,26,412.2468,1.8584,0.0
44,27,436.4054,1.8584,0.0
44,28,449.5806,1.8584,0.0
44,29,345.1043,1.8584,0.0
44,30,353.788,1.8584,0.0
44,31,418.8573,1.8584,0.0
44,32,369.1734,1.8584,0.0
44,33,314.9253,1.8584,0.0
44,34,282.7302,1.8584,0.0
44,35,247.6203,1.8584,0.0
44,36,215.5683,1.8584,0.0
44,37,1138.5265,1.8584,0.0
44,38,995.6116,1.8584,0.0
44,39,871.26,1.8584,0.0
44,40,782.7166,1.8584,0.0
44,41,713.6477,1.8584,0.0
44,42,551.124,1.8584,0.0
44,43,614.8185,1.8584,0.0
44,44,468.5695,1.8584,0.0
44,45,511.8315,1.8584,0.0
44,46,474.6369,1.8584,0.0
44,47,396.2742,1.8584,0.0
44,48,418.2579,1.8584,0.0
44,49,524.8236,1.8584,0.0
44,50,484.8855,1.8584,0.0
44,51,431.9865,1.8584,0.0
44,52,400.8319,1.8584,0.0
44,53,362.5374,1.8584,0.0
44,54,326.1157,1.8584,0.0
44,55,1387.1242,1.8584,0.0
44,56,1270.1002,1.8584,0.0
44,57,1114.5962,1.8584,0.0
44,58,510.5864,1.8584,2.7991
44,59,1125.1127,1.8584,0.0
44,60,1080.1628,1.8584,0.0
44,61,1052.9974,1.8584,0.0
44,62,1028.0158,1.8584,0.0
44,63,1005.8586,1.8584,0.0
44,64,790.5176,1.8584,0.0
44,65,891.8764,1.8584,0.0
44,66,859.9729,1.8584,0.0
44,67,906.9214,1.8584,0.0
44,68,887.6202,1.8584,0.0
44,69,870.2063,1.8584,0.0
44,70,860.0345,1.8584,0.0
44,71,724.2904,1.8584,0.0
44,72,711.4779,1.8584,0.0
44,73,649.1471,1.8584,0.0
44,74,548.4212,1.8584,0.0
44,75,557.7561,1.8584,0.0
44,76,505.4933,1.8584,0.0
44,77,462.987,1.8584,0.0
44,78,384.9146,1.8584,0.0
44,79,359.7427,1.8584,0.0
44,80,369.8952,1.8584,0.0
44,81,539.2982,1.8584,0.0
44,82,526.7738,1.8584,0.0
44,83,483.8143,1.8584,0.0
44,84,461.3936,1.8584,0.0
44,85,425.8721,1.8584,0.0
44,86,390.4711,1.8584,0.0
44,87,1308.6904,1.8584,0.0
44,88,1255.3593,1.8584,0.0
44,89,1108.4934,1.8584,0.0
44,90,995.4823,1.8584,0.0
44,91,989.1364,1.8584,0.0
44,92,957.7781,1.8584,0.0
44,93,986.7352,1.8584,0.0
44,94,955.4249,1.8584,0.0
44,1,53.3648,1.8584,0.0
44,3,172.9708,1.8584,0.9865
44,4,220.6746,1.8584,0.9808
44,5,168.5944,1.8584,0.9706
44,6,127.2125,1.8584,0.9868
44,7,88.6613,1.8584,0.9944
44,8,64.7448,1.8584,0.9925
44,9,44.7087,1.8584,0.9982
44,11,253.09,1.8584,0.9684
44,12,391.3606,1.8584,0.9628
44,13,396.0634,1.8584,0.9648
44,14,318.1795,1.8584,0.9507
44,15,260.7012,1.8584,0.9947
44,16,220.6477,1.8584,0.9948
44,17,180.5916,1.8584,0.9972
44,19,349.4753,1.8584,0.9767
44,20,668.7646,1.8584,0.9831
44,21,349.0702,1.8584,1.8627
44,22,337.0553,1.8584,1.8299
44,23,330.3567,1.8584,1.9138
44,24,327.3553,1.8584,1.8269
44,25,301.0397,1.8584,1.6406
44,26,278.6526,1.8584,1.6483
44,27,265.8752,1.8584,1.7149
44,28,259.9472,1.8584,1.7937
44,29,256.948,1.8584,0.9576
44,30,240.9124,1.8584,1.9419
44,31,393.3571,1.8584,0.9601
44,32,345.3872,1.8584,0.9434
44,33,309.6035,1.8584,0.9889
44,34,282.846,1.8584,0.9901
44,35,249.3404,1.8584,0.9974
44,37,417.0831,1.8584,0.9738
44,38,814.1975,1.8584,0.9801
44,39,621.3058,1.8584,1.9153
44,40,461.9141,1.8584,1.9355
44,41,466.5358,1.8584,1.9545
44,42,435.1062,1.8584,1.942
44,43,488.3264,1.8584,1.6682
44,44,379.2655,1.8584,1.8584
45,1,31.1024,1.9003,0.9118
45,2,20.7776,1.9003,0.0
45,3,482.4342,1.9003,0.0
45,4,277.4174,1.9003,0.0
45,5,187.1327,1.9003,0.0
45,6,126.9085,1.9003,0.0
45,7,89.1659,1.9003,0.0
45,8,67.8114,1.9003,0.0
45,9,51.6117,1.9003,0.0
45,10,39.8762,1.9003,0.0
45,11,577.0181,1.9003,0.0
45,12,442.3381,1.9003,0.0
45,13,407.6999,1.9003,0.0
45,14,321.4594,1.9003,0.0
45,15,251.1477,1.9003,0.0
45,16,208.9067,1.9003,0.0
45,17,171.1187,1.9003,0.0
45,18,140.4273,1.9003,0.0
45,19,948.514,1.9003,0.0
45,20,779.0547,1.9003,0.0
45,21,643.1893,1.9003,0.0
45,22,621.1807,1.9003,0.0
45,23,568.8348,1.9003,0.0
45,24,448.7527,1.9003,0.0
45,25,489.7933,1.9003,0.0
45,26,385.0153,1.9003,0.0
45,27,407.4574,1.9003,0.0
45,28,419.6709,1.9003,0.0
45,29,322.3988,1.9003,0.0
45,30,330.4713,1.9003,0.0
45,31,391.0508,1.9003,0.0
45,32,344.91,1.9003,0.0
45,33,294.5421,1.9003,0.0
45,34,264.6717,1.9003,0.0
45,35,232.058,1.9003,0.0
45,36,202.2567,1.9003,0.0
45,37,1063.3477,1.9003,0.0
45,38,928.8255,1.9003,0.0
45,39,812.9338,1.9003,0.0
45,40,730.497,1.9003,0.0
45,41,666.2259,1.9003,0.0
45,42,514.9128,1.9003,0.0
45,43,574.2456,1.9003,0.0
45,44,438.0426,1.9003,0.0
45,45,478.2848,1.9003,0.0
45,46,443.628,1.9003,0.0
45,47,370.6378,1.9003,0.0
45,48,391.0675,1.9003,0.0
45,49,490.3325,1.9003,0.0
45,50,453.1794,1.9003,0.0
45,51,404.0384,1.9003,0.0
45,52,375.1303,1.9003,0.0
45,53,339.562,1.9003,0.0
45,54,305.7201,1.9003,0.0
45,55,1295.8507,1.9003,0.0
45,56,1185.1747,1.9003,0.0
45,57,1040.1066,1.9003,0.0
45,58,477.5945,1.9003,2.7991
45,59,1050.0763,1.9003,0.0
45,60,1008.0521,1.9003,0.0
45,61,982.6875,1.9003,0.0
45,62,959.3598,1.9003,0.0
45,63,938.6688,1.9003,0.0
45,64,738.1317,1.9003,0.0
45,65,832.967,1.9003,0.0
45,66,803.2511,1.9003,0.0
45,67,846.3103,1.9003,0.0
45,68,828.2826,1.9003,0.0
45,69,812.0214,1.9003,0.0
45,70,802.5026,1.9003,0.0
45,71,676.132,1.9003,0.0
45,72,664.1953,1.9003,0.0
45,73,606.2463,1.9003,0.0
45,74,512.5656,1.9003,0.0
45,75,521.3061,1.9003,0.0
45,76,472.6809,1.9003,0.0
45,77,433.1292,1.9003,0.0
45,78,360.4173,1.9003,0.0
45,79,336.9714,1.9003,0.0
45,80,346.4526,1.9003,0.0
45,81,504.2404,1.9003,0.0
45,82,492.5689,1.9003,0.0
45,83,452.6451,1.9003,0.0
45,84,431.8588,1.9003,0.0
45,85,398.8768,1.9003,0.0
45,86,365.9914,1.9003,0.0
45,87,1222.4485,1.9003,0.0
45,88,1171.5378,1.9003,0.0
45,89,1034.5633,1.9003,0.0
45,90,929.5319,1.9003,0.0
45,91,923.6673,1.9003,0.0
45,92,894.4135,1.9003,0.0
45,93,921.2853,1.9003,0.0
45,94,892.0641,1.9003,0.0
45,1,49.909,1.9003,0.0
45,3,161.3499,1.9003,0.9865
45,4,205.953,1.9003,0.9808
45,5,157.5949,1.9003,0.9706
45,6,119.1265,1.9003,0.9868
45,7,83.2227,1.9003,0.9944
45,8,60.9159,1.9003,0.9925
45,9,42.2084,1.9003,0.9982
45,11,236.1444,1.9003,0.9684
45,12,365.0705,1.9003,0.9628
45,13,369.5814,1.9003,0.9648
45,14,297.2339,1.9003,0.9507
45,15,243.8439,1.9003,0.9947
45,16,206.6258,1.9003,0.9948
45,17,169.3584,1.9003,0.9972
45,19,326.5947,1.9003,0.9767
45,20,624.285,1.9003,0.9831
45,21,326.2503,1.9003,1.8627
45,22,315.0982,1.9003,1.8299
45,23,308.8482,1.9003,1.9138
45,24,306.034,1.9003,1.8269
45,25,281.5134,1.9003,1.6406
45,26,260.6567,1.9003,1.6483
45,27,248.7388,1.9003,1.7149
45,28,243.1909,1.9003,1.7937
45,29,240.326,1.9003,0.9576
45,30,225.4398,1.9003,1.9419
45,31,367.3197,1.9003,0.9601
45,32,322.7816,1.9003,0.9434
45,33,289.5934,1.9003,0.9889
45,34,264.7815,1.9003,0.9901
45,35,233.6608,1.9003,0.9974
45,37,389.9183,1.9003,0.9738
45,38,760.2437,1.9003,0.9801
45,39,580.4145,1.9003,1.9153
45,40,431.8288,1.9003,1.9355
45,41,436.144,1.9003,1.9545
45,42,406.9338,1.9003,1.942
45,43,456.5618,1.9003,1.6682
45,44,354.9282,1.9003,1.8584
45,45,332.2425,1.9003,1.9003
46,1,28.9661,1.863,0.9118
46,2,19.4689,1.863,0.0
46,3,443.9106,1.863,0.0
46,4,256.2327,1.863,0.0
46,5,173.436,1.863,0.0
46,6,118.0137,1.863,0.0
46,7,83.171,1.863,0.0
46,8,63.4125,1.863,0.0
46,9,48.3824,1.863,0.0
46,10,37.4647,1.863,0.0
46,11,531.1676,1.863,0.0
46,12,408.3022,1.863,0.0
46,13,376.8776,1.863,0.0
46,14,297.8174,1.863,0.0
46,15,233.2106,1.863,0.0
46,16,194.3373,1.863,0.0
46,17,159.4914,1.863,0.0
46,18,131.1338,1.863,0.0
46,19,873.2984,1.863,0.0
46,20,718.4983,1.863,0.0
46,21,593.4994,1.863,0.0
46,22,573.5972,1.863,0.0
46,23,525.4732,1.863,0.0
46,24,414.7918,1.863,0.0
46,25,452.7353,1.863,0.0
46,26,356.1344,1.863,0.0
46,27,376.9928,1.863,0.0
46,28,388.12,1.863,0.0
46,29,298.3894,1.863,0.0
46,30,306.0633,1.863,0.0
46,31,361.878,1.863,0.0
46,32,319.6946,1.863,0.0
46,33,273.501,1.863,0.0
46,34,246.0921,1.863,0.0
46,35,216.0945,1.863,0.0
46,36,188.6339,1.863,0.0
46,37,979.4032,1.863,0.0
46,38,856.7169,1.863,0.0
46,39,750.5933,1.863,0.0
46,40,674.9929,1.863,0.0
46,41,615.9759,1.863,0.0
46,42,476.709,1.863,0.0
46,43,531.37,1.863,0.0
46,44,405.9398,1.863,0.0
46,45,443.0659,1.863,0.0
46,46,411.1361,1.863,0.0
46,47,343.6707,1.863,0.0
46,48,362.6432,1.863,0.0
46,49,454.0576,1.863,0.0
46,50,420.1268,1.863,0.0
46,51,375.0995,1.863,0.0
46,52,348.6074,1.863,0.0
46,53,315.9288,1.863,0.0
46,54,284.7964,1.863,0.0
46,55,1193.704,1.863,0.0
46,56,1093.0044,1.863,0.0
46,57,960.1346,1.863,0.0
46,58,443.3629,1.863,2.7991
46,59,968.8758,1.863,0.0
46,60,930.225,1.863,0.0
46,61,906.8511,1.863,0.0
46,62,885.3477,1.863,0.0
46,63,866.2748,1.863,0.0
46,64,682.2073,1.863,0.0
46,65,768.7904,1.863,0.0
46,66,741.5149,1.863,0.0
46,67,781.204,1.863,0.0
46,68,764.5705,1.863,0.0
46,69,749.5779,1.863,0.0
46,70,740.7392,1.863,0.0
46,71,624.7157,1.863,0.0
46,72,614.2531,1.863,0.0
46,73,561.1517,1.863,0.0
46,74,474.9493,1.863,0.0
46,75,483.1569,1.863,0.0
46,76,438.4677,1.863,0.0
46,77,402.0834,1.863,0.0
46,78,334.9854,1.863,0.0
46,79,313.3483,1.863,0.0
46,80,322.1884,1.863,0.0
46,81,467.3571,1.863,0.0
46,82,456.8674,1.863,0.0
46,83,420.3274,1.863,0.0
46,84,401.3349,1.863,0.0
46,85,371.0728,1.863,0.0
46,86,340.8458,1.863,0.0
46,87,1126.9549,1.863,0.0
46,88,1081.0405,1.863,0.0
46,89,955.5359,1.863,0.0
46,90,859.695,1.863,0.0
46,91,853.9373,1.863,0.0
46,92,826.9445,1.863,0.0
46,93,851.1916,1.863,0.0
46,94,824.2947,1.863,0.0
46,1,46.3489,1.863,0.0
46,3,149.1209,1.863,0.9865
46,4,190.4826,1.863,0.9808
46,5,146.202,1.863,0.9706
46,6,110.7946,1.863,0.9868
46,7,77.6479,1.863,0.9944
46,8,57.0049,1.863,0.9925
46,9,39.6636,1.863,0.9982
46,11,218.2333,1.863,0.9684
46,12,337.2256,1.863,0.9628
46,13,341.7946,1.863,0.9648
46,14,275.4925,1.863,0.9507
46,15,226.4605,1.863,0.9947
46,16,192.2172,1.863,0.9948
46,17,157.8524,1.863,0.9972
46,19,302.4635,1.863,0.9767
46,20,576.1374,1.863,0.9831
46,21,302.4898,1.863,1.8627
46,22,292.2135,1.863,1.8299
46,23,286.4278,1.863,1.9138
46,24,283.7785,1.863,1.8269
46,25,261.2635,1.863,1.6406
46,26,242.0147,1.863,1.6483
46,27,230.9788,1.863,1.7149
46,28,225.8165,1.863,1.7937
46,29,223.0154,1.863,0.9576
46,30,209.4546,1.863,1.9419
46,31,340.0675,1.863,0.9601
46,32,299.328,1.863,0.9434
46,33,268.9427,1.863,0.9889
46,34,246.1937,1.863,0.9901
46,35,217.5738,1.863,0.9974
46,37,361.3047,1.863,0.9738
46,38,701.655,1.863,0.9801
46,39,536.8566,1.863,1.9153
46,40,400.4209,1.863,1.9355
46,41,404.43,1.863,1.9545
46,42,377.5535,1.863,1.942
46,43,423.1279,1.863,1.6682
46,44,329.6826,1.863,1.8584
46,45,308.7059,1.863,1.9003
46,46,286.9519,1.863,1.863
47,1,27.9518,0.9679,0.9118
47,2,18.7731,0.9679,0.0
47,3,432.6078,0.9679,0.0
47,4,248.6573,0.9679,0.0
47,5,167.835,0.9679,0.0
47,6,113.9993,0.9679,0.0
47,7,80.2663,0.9679,0.0
47,8,61.1748,0.9679,0.0
47,9,46.6726,0.9679,0.0
47,10,36.1486,0.9679,0.0
47,11,517.568,0.9679,0.0
47,12,396.6125,0.9679,0.0
47,13,365.5269,0.9679,0.0
47,14,288.2863,0.9679,0.0
47,15,225.3945,0.9679,0.0
47,16,187.6597,0.9679,0.0
47,17,153.9032,0.9679,0.0
47,18,126.4825,0.9679,0.0
47,19,851.0088,0.9679,0.0
47,20,698.8618,0.9679,0.0
47,21,576.9636,0.9679,0.0
47,22,557.288,0.9679,0.0
47,23,510.3644,0.9679,0.0
47,24,402.8383,0.9679,0.0
47,25,439.5099,0.9679,0.0
47,26,345.6995,0.9679,0.0
47,27,365.6925,0.9679,0.0
47,28,376.6281,0.9679,0.0
47,29,289.558,0.9679,0.0
47,30,296.6728,0.9679,0.0
47,31,350.801,0.9679,0.0
47,32,309.4543,0.9679,0.0
47,33,264.3957,0.9679,0.0
47,34,237.7217,0.9679,0.0
47,35,208.6044,0.9679,0.0
47,36,182.0016,0.9679,0.0
47,37,954.132,0.9679,0.0
47,38,833.3168,0.9679,0.0
47,39,729.3316,0.9679,0.0
47,40,655.4329,0.9679,0.0
47,41,597.8528,0.9679,0.0
47,42,462.3383,0.9679,0.0
47,43,515.4953,0.9679,0.0
47,44,393.5088,0.9679,0.0
47,45,429.5143,0.9679,0.0
47,46,398.4662,0.9679,0.0
47,47,333.1583,0.9679,0.0
47,48,351.3712,0.9679,0.0
47,49,440.2733,0.9679,0.0
47,50,406.9029,0.9679,0.0
47,51,362.874,0.9679,0.0
47,52,337.0131,0.9679,0.0
47,53,305.2122,0.9679,0.0
47,54,274.9744,0.9679,0.0
47,55,1162.552,0.9679,0.0
47,56,1063.3544,0.9679,0.0
47,57,933.168,0.9679,0.0
47,58,428.998,0.9679,2.7991
47,59,942.3547,0.9679,0.0
47,60,904.6688,0.9679,0.0
47,61,881.9071,0.9679,0.0
47,62,860.9698,0.9679,0.0
47,63,842.3966,0.9679,0.0
47,64,662.6029,0.9679,0.0
47,65,747.7247,0.9679,0.0
47,66,721.0103,0.9679,0.0
47,67,759.5084,0.9679,0.0
47,68,743.3221,0.9679,0.0
47,69,728.7203,0.9679,0.0
47,70,720.1654,0.9679,0.0
47,71,606.8313,0.9679,0.0
47,72,595.9852,0.9679,0.0
47,73,544.0985,0.9679,0.0
47,74,460.267,0.9679,0.0
47,75,468.1084,0.9679,0.0
47,76,424.5823,0.9679,0.0
47,77,389.187,0.9679,0.0
47,78,324.124,0.9679,0.0
47,79,303.1555,0.9679,0.0
47,80,311.6354,0.9679,0.0
47,81,453.0455,0.9679,0.0
47,82,442.5095,0.9679,0.0
47,83,406.7084,0.9679,0.0
47,84,388.1001,0.9679,0.0
47,85,358.5954,0.9679,0.0
47,86,329.199,0.9679,0.0
47,87,1096.8369,0.9679,0.0
47,88,1051.1515,0.9679,0.0
47,89,928.3302,0.9679,0.0
47,90,834.3179,0.9679,0.0
47,91,829.1923,0.9679,0.0
47,92,802.9809,0.9679,0.0
47,93,827.1613,0.9679,0.0
47,94,800.9332,0.9679,0.0
47,1,44.7835,0.9679,0.0
47,3,144.6563,0.9679,0.9865
47,4,184.653,0.9679,0.9808
47,5,141.406,0.9679,0.9706
47,6,107.0286,0.9679,0.9868
47,7,74.9354,0.9679,0.9944
47,8,54.9856,0.9679,0.9925
47,9,38.2539,0.9679,0.9982
47,11,211.8419,0.9679,0.9684
47,12,327.3509,0.9679,0.9628
47,13,331.3832,0.9679,0.9648
47,14,266.6008,0.9679,0.9507
47,15,218.8617,0.9679,0.9947
47,16,185.6197,0.9679,0.9948
47,17,152.327,0.9679,0.9972
47,19,293.2911,0.9679,0.9767
47,20,560.1298,0.9679,0.9831
47,21,292.9063,0.9679,1.8627
47,22,282.9332,0.9679,1.8299
47,23,277.3525,0.9679,1.9138
47,24,274.8452,0.9679,1.8269
47,25,252.8298,0.9679,1.6406
47,26,234.1511,0.9679,1.6483
47,27,223.4805,0.9679,1.7149
47,28,218.5075,0.9679,1.7937
47,29,215.9581,0.9679,0.9576
47,30,202.5685,0.9679,1.9419
47,31,329.5387,0.9679,0.9601
47,32,289.6411,0.9679,0.9434
47,33,259.9706,0.9679,0.9889
47,34,237.8238,0.9679,0.9901
47,35,210.0411,0.9679,0.9974
47,37,350.2295,0.9679,0.9738
47,38,682.1817,0.9679,0.9801
47,39,520.8724,0.9679,1.9153
47,40,387.7336,0.9679,1.9355
47,41,391.6637,0.9679,1.9545
47,42,365.5261,0.9679,1.942
47,43,410.0667,0.9679,1.6682
47,44,318.9665,0.9679,1.8584
47,45,298.6678,0.9679,1.9003
47,46,277.6023,0.9679,1.863
47,47,268.613,0.9679,0.9679
48,1,27.9281,1.9539,0.9118
48,2,18.8607,1.9539,0.0
48,3,408.4429,1.9539,0.0
48,4,242.095,1.9539,0.0
48,5,165.6587,1.9539,0.0
48,6,113.4369,1.9539,0.0
48,7,80.2492,1.9539,0.0
48,8,61.3234,1.9539,0.0
48,9,46.8692,1.9539,0.0
48,10,36.3401,1.9539,0.0
48,11,489.5129,1.9539,0.0
48,12,384.1728,1.9539,0.0
48,13,356.8654,1.9539,0.0
48,14,284.2139,1.9539,0.0
48,15,223.7783,1.9539,0.0
48,16,187.0163,1.9539,0.0
48,17,153.8592,1.9539,0.0
48,18,126.7356,1.9539,0.0
48,19,800.2593,1.9539,0.0
48,20,670.2633,1.9539,0.0
48,21,555.6679,1.9539,0.0
48,22,538.5502,1.9539,0.0
48,23,494.2237,1.9539,0.0
48,24,389.9953,1.9539,0.0
48,25,426.8579,1.9539,0.0
48,26,335.7642,1.9539,0.0
48,27,356.9172,1.9539,0.0
48,28,366.8668,1.9539,0.0
48,29,281.8675,1.9539,0.0
48,30,290.7895,1.9539,0.0
48,31,343.2943,1.9539,0.0
48,32,305.1468,1.9539,0.0
48,33,262.284,1.9539,0.0
48,34,236.5779,1.9539,0.0
48,35,208.2113,1.9539,0.0
48,36,182.0867,1.9539,0.0
48,37,898.5342,1.9539,0.0
48,38,798.4528,1.9539,0.0
48,39,703.7992,1.9539,0.0
48,40,635.137,1.9539,0.0
48,41,580.8412,1.9539,0.0
48,42,450.9776,1.9539,0.0
48,43,502.1168,1.9539,0.0
48,44,384.9436,1.9539,0.0
48,45,420.3746,1.9539,0.0
48,46,390.577,1.9539,0.0
48,47,325.9662,1.9539,0.0
48,48,345.0599,1.9539,0.0
48,49,430.3607,1.9539,0.0
48,50,400.3474,1.9539,0.0
48,51,359.0555,1.9539,0.0
48,52,334.4917,1.9539,0.0
48,53,303.841,1.9539,0.0
48,54,274.4407,1.9539,0.0
48,55,1094.9943,1.9539,0.0
48,56,1016.1802,1.9539,0.0
48,57,898.2092,1.9539,0.0
48,58,423.891,1.9539,2.7991
48,59,902.6294,1.9539,0.0
48,60,867.5938,1.9539,0.0
48,61,846.0616,1.9539,0.0
48,62,826.2261,1.9539,0.0
48,63,808.6413,1.9539,0.0
48,64,640.7393,1.9539,0.0
48,65,714.6206,1.9539,0.0
48,66,690.0423,1.9539,0.0
48,67,730.4286,1.9539,0.0
48,68,715.0198,1.9539,0.0
48,69,701.1829,1.9539,0.0
48,70,692.7504,1.9539,0.0
48,71,586.683,1.9539,0.0
48,72,580.2796,1.9539,0.0
48,73,531.7924,1.9539,0.0
48,74,450.936,1.9539,0.0
48,75,459.3593,1.9539,0.0
48,76,417.9082,1.9539,0.0
48,77,383.96,1.9539,0.0
48,78,320.364,1.9539,0.0
48,79,299.8626,1.9539,0.0
48,80,308.7059,1.9539,0.0
48,81,443.2118,1.9539,0.0
48,82,435.1964,1.9539,0.0
48,83,402.09,1.9539,0.0
48,84,384.7622,1.9539,0.0
48,85,356.5978,1.9539,0.0
48,86,328.184,1.9539,0.0
48,87,1039.192,1.9539,0.0
48,88,1008.1792,1.9539,0.0
48,89,896.3009,1.9539,0.0
48,90,811.1482,1.9539,0.0
48,91,803.152,1.9539,0.0
48,92,777.8763,1.9539,0.0
48,93,797.7599,1.9539,0.0
48,94,773.1193,1.9539,0.0
48,1,44.5006,1.9539,0.0
48,3,141.0901,1.9539,0.9865
48,4,180.5207,1.9539,0.9808
48,5,139.8793,1.9539,0.9706
48,6,106.4332,1.9539,0.9868
48,7,74.8925,1.9539,0.9944
48,8,55.1392,1.9539,0.9925
48,9,38.4906,1.9539,0.9982
48,11,205.9647,1.9539,0.9684
48,12,317.9002,1.9539,0.9628
48,13,324.083,1.9539,0.9648
48,14,263.1438,1.9539,0.9507
48,15,217.3199,1.9539,0.9947
48,16,184.9522,1.9539,0.9948
48,17,152.2646,1.9539,0.9972
48,19,286.2735,1.9539,0.9767
48,20,537.0889,1.9539,0.9831
48,21,288.3875,1.9539,1.8627
48,22,278.5869,1.9539,1.8299
48,23,273.0331,1.9539,1.9138
48,24,270.289,1.9539,1.8269
48,25,249.8201,1.9539,1.6406
48,26,231.617,1.9539,1.6483
48,27,221.0248,1.9539,1.7149
48,28,216.0211,1.9539,1.7937
48,29,212.7468,1.9539,0.9576
48,30,200.8224,1.9539,1.9419
48,31,323.108,1.9539,0.9601
48,32,286.0551,1.9539,0.9434
48,33,257.9689,1.9539,0.9889
48,34,236.6604,1.9539,0.9901
48,35,209.6083,1.9539,0.9974
48,37,342.341,1.9539,0.9738
48,38,653.2782,1.9539,0.9801
48,39,505.6747,1.9539,1.9153
48,40,381.3405,1.9539,1.9355
48,41,385.1206,1.9539,1.9545
48,42,359.9059,1.9539,1.942
48,43,401.2382,1.9539,1.6682
48,44,315.3365,1.9539,1.8584
48,45,295.3036,1.9539,1.9003
48,46,274.6154,1.9539,1.863
48,47,265.545,1.9539,0.9679
48,48,263.4508,1.9539,1.9539
49,1,42.2827,0.9633,0.9118
49,2,27.0236,0.9633,0.0
49,3,769.2514,0.9633,0.0
49,4,413.4965,0.9633,0.0
49,5,267.475,0.9633,0.0
49,6,175.4585,0.9633,0.0
49,7,120.1279,0.9633,0.0
49,8,89.652,0.9633,0.0
49,9,67.1232,0.9633,0.0
49,10,51.1747,0.9633,0.0
49,11,915.9413,0.9633,0.0
49,12,667.2844,0.9633,0.0
49,13,602.4143,0.9633,0.0
49,14,461.5093,0.9633,0.0
49,15,351.5157,0.9633,0.0
49,16,287.3922,0.9633,0.0
49,17,231.4554,0.9633,0.0
49,18,187.0916,0.9633,0.0
49,19,1517.3687,0.9633,0.0
49,20,1198.9287,0.9633,0.0
49,21,980.8464,0.9633,0.0
49,22,938.7641,0.9633,0.0
49,23,855.0744,0.9633,0.0
49,24,672.8526,0.9633,0.0
49,25,730.5221,0.9633,0.0
49,26,572.1729,0.9633,0.0
49,27,599.8255,0.9633,0.0
49,28,621.3305,0.9633,0.0
49,29,476.0165,0.9633,0.0
49,30,480.5972,0.9633,0.0
49,31,572.2658,0.9633,0.0
49,32,493.7984,0.9633,0.0
49,33,413.0126,0.9633,0.0
49,34,366.1519,0.9633,0.0
49,35,316.5231,0.9633,0.0
49,36,272.2288,0.9633,0.0
49,37,1694.2091,0.9633,0.0
49,38,1430.664,0.9633,0.0
49,39,1231.6979,0.9633,0.0
49,40,1095.0419,0.9633,0.0
49,41,991.4013,0.9633,0.0
49,42,755.8918,0.9633,0.0
49,43,847.3557,0.9633,0.0
49,44,636.748,0.9633,0.0
49,45,696.1321,0.9633,0.0
49,46,642.6456,0.9633,0.0
49,47,537.2058,0.9633,0.0
49,48,563.0312,0.9633,0.0
49,49,716.7957,0.9633,0.0
49,50,651.1403,0.9633,0.0
49,51,570.3015,0.9633,0.0
49,52,523.6131,0.9633,0.0
49,53,468.168,0.9633,0.0
49,54,416.5053,0.9633,0.0
49,55,2062.6273,0.9633,0.0
49,56,1834.2595,0.9633,0.0
49,57,1583.8792,0.9633,0.0
49,58,675.7911,0.9633,2.7991
49,59,1615.9882,0.9633,0.0
49,60,1547.2492,0.9633,0.0
49,61,1507.2236,0.9633,0.0
49,62,1470.5492,0.9633,0.0
49,63,1437.9844,0.9633,0.0
49,64,1109.225,0.9633,0.0
49,65,1284.5648,0.9633,0.0
49,66,1234.8582,0.9633,0.0
49,67,1291.3513,0.9633,0.0
49,68,1263.3503,0.9633,0.0
49,69,1237.8116,0.9633,0.0
49,70,1224.3143,0.9633,0.0
49,71,1018.1407,0.9633,0.0
49,72,983.5647,0.9633,0.0
49,73,887.9251,0.9633,0.0
49,74,743.4035,0.9633,0.0
49,75,753.1512,0.9633,0.0
49,76,676.234,0.9633,0.0
49,77,614.6582,0.9633,0.0
49,78,506.5442,0.9633,0.0
49,79,471.7748,0.9633,0.0
49,80,483.6313,0.9633,0.0
49,81,732.5808,0.9633,0.0
49,82,706.4446,0.9633,0.0
49,83,639.1315,0.9633,0.0
49,84,604.1082,0.9633,0.0
49,85,551.5844,0.9633,0.0
49,86,500.6786,0.9633,0.0
49,87,1921.0063,0.9633,0.0
49,88,1797.5569,0.9633,0.0
49,89,1563.7265,0.9633,0.0
49,90,1379.6361,0.9633,0.0
49,91,1382.2903,0.9633,0.0
49,92,1337.7839,0.9633,0.0
49,93,1393.1101,0.9633,0.0
49,94,1346.2697,0.9633,0.0
49,1,69.6754,0.9633,0.0
49,3,239.0419,0.9633,0.9865
49,4,302.6678,0.9633,0.9808
49,5,223.1629,0.9633,0.9706
49,6,164.6812,0.9633,0.9868
49,7,111.9707,0.9633,0.9944
49,8,80.0986,0.9633,0.9925
49,9,53.9364,0.9633,0.9982
49,11,352.0074,0.9633,0.9684
49,12,546.2762,0.9633,0.9628
49,13,543.2188,0.9633,0.9648
49,14,424.8293,0.9633,0.9507
49,15,340.9396,0.9633,0.9947
49,16,284.335,0.9633,0.9948
49,17,229.1229,0.9633,0.9972
49,19,478.0141,0.9633,0.9767
49,20,957.9897,0.9633,0.9831
49,21,467.67,0.9633,1.8627
49,22,451.1658,0.9633,1.8299
49,23,442.342,0.9633,1.9138
49,24,439.4728,0.9633,1.8269
49,25,399.1079,0.9633,1.6406
49,26,367.9592,0.9633,1.6483
49,27,351.03,0.9633,1.7149
49,28,343.562,0.9633,1.7937
49,29,342.8931,0.9633,0.9576
49,30,315.9166,0.9633,1.9419
49,31,534.5127,0.9633,0.9601
49,32,459.6285,0.9633,0.9434
49,33,405.5453,0.9633,0.9889
49,34,366.3652,0.9633,0.9901
49,35,318.9305,0.9633,0.9974
49,37,567.6002,0.9633,0.9738
49,38,1168.5036,0.9633,0.9801
49,39,862.8833,0.9633,1.9153
49,40,619.6537,0.9633,1.9355
49,41,626.0254,0.9633,1.9545
49,42,581.0549,0.9633,1.942
49,43,663.038,0.9633,1.6682
49,44,500.1628,0.9633,1.8584
49,45,467.3771,0.9633,1.9003
49,46,432.9973,0.9633,1.863
49,47,419.6868,0.9633,0.9679
49,48,411.1576,0.9633,1.9539
49,49,678.992,0.9633,0.9633
50,1,39.05,0.9514,0.9118
50,2,25.4105,0.9514,0.0
50,3,642.419,0.9514,0.0
50,4,362.7434,0.9514,0.0
50,5,240.5934,0.9514,0.0
50,6,160.5876,0.9514,0.0
50,7,111.2768,0.9514,0.0
50,8,83.712,0.9514,0.0
50,9,63.0806,0.9514,0.0
50,10,48.3258,0.9514,0.0
50,11,767.0955,0.9514,0.0
50,12,580.45,0.9514,0.0
50,13,531.0794,0.9514,0.0
50,14,414.1403,0.9514,0.0
50,15,319.9307,0.9514,0.0
50,16,263.8277,0.9514,0.0
50,17,214.1723,0.9514,0.0
50,18,174.2639,0.9514,0.0
50,19,1259.5964,0.9514,0.0
50,20,1026.6097,0.9514,0.0
50,21,845.5447,0.9514,0.0
50,22,813.8964,0.9514,0.0
50,23,743.9253,0.9514,0.0
50,24,585.4069,0.9514,0.0
50,25,638.7587,0.9514,0.0
50,26,500.6304,0.9514,0.0
50,27,528.9965,0.9514,0.0
50,28,546.0473,0.9514,0.0
50,29,418.173,0.9514,0.0
50,30,427.1025,0.9514,0.0
50,31,506.8838,0.9514,0.0
50,32,443.4892,0.9514,0.0
50,33,375.3694,0.9514,0.0
50,34,335.1182,0.9514,0.0
50,35,291.7179,0.9514,0.0
50,36,252.4408,0.9514,0.0
50,37,1409.5386,0.9514,0.0
50,38,1223.3073,0.9514,0.0
50,39,1065.4342,0.9514,0.0
50,40,953.9322,0.9514,0.0
50,41,867.5475,0.9514,0.0
50,42,666.4197,0.9514,0.0
50,43,744.9993,0.9514,0.0
50,44,564.4589,0.9514,0.0
50,45,617.3791,0.9514,0.0
50,46,571.5602,0.9514,0.0
50,47,476.5966,0.9514,0.0
50,48,502.5513,0.9514,0.0
50,49,634.1195,0.9514,0.0
50,50,582.7693,0.9514,0.0
50,51,515.9467,0.9514,0.0
50,52,476.6811,0.9514,0.0
50,53,428.9963,0.9514,0.0
50,54,383.9457,0.9514,0.0
50,55,1716.1526,0.9514,0.0
50,56,1561.8289,0.9514,0.0
50,57,1364.429,0.9514,0.0
50,58,610.0042,0.9514,2.7991
50,59,1381.1677,0.9514,0.0
50,60,1325.1151,0.9514,0.0
50,61,1291.5707,0.9514,0.0
50,62,1260.7608,0.9514,0.0
50,63,1233.428,0.9514,0.0
50,64,963.2234,0.9514,0.0
50,65,1094.0703,0.9514,0.0
50,66,1053.9748,0.9514,0.0
50,67,1111.0005,0.9514,0.0
50,68,1087.2901,0.9514,0.0
50,69,1065.8196,0.9514,0.0
50,70,1053.6773,0.9514,0.0
50,71,883.5921,0.9514,0.0
50,72,863.8075,0.9514,0.0
50,73,785.1771,0.9514,0.0
50,74,660.5539,0.9514,0.0
50,75,671.1013,0.9514,0.0
50,76,606.0646,0.9514,0.0
50,77,553.4201,0.9514,0.0
50,78,458.0796,0.9514,0.0
50,79,427.3948,0.9514,0.0
50,80,439.2375,0.9514,0.0
50,81,649.4752,0.9514,0.0
50,82,632.1606,0.9514,0.0
50,83,577.575,0.9514,0.0
50,84,548.9328,0.9514,0.0
50,85,504.414,0.9514,0.0
50,86,460.4353,0.9514,0.0
50,87,1613.205,0.9514,0.0
50,88,1539.6549,0.9514,0.0
50,89,1353.9743,0.9514,0.0
50,90,1208.8936,0.9514,0.0
50,91,1203.7043,0.9514,0.0
50,92,1165.2987,0.9514,0.0
50,93,1204.5686,0.9514,0.0
50,94,1165.7062,0.9514,0.0
50,1,63.5189,0.9514,0.0
50,3,210.3815,0.9514,0.9865
50,4,267.5036,0.9514,0.9808
50,5,201.6758,0.9514,0.9706
50,6,150.604,0.9514,0.9868
50,7,103.707,0.9514,0.9944
50,8,74.9289,0.9514,0.9925
50,9,51.0492,0.9514,0.9982
50,11,308.247,0.9514,0.9684
50,12,477.2848,0.9514,0.9628
50,13,480.3735,0.9514,0.9648
50,14,382.1255,0.9514,0.9507
50,15,310.4238,0.9514,0.9947
50,16,260.9497,0.9514,0.9948
50,17,211.9709,0.9514,0.9972
50,19,422.0055,0.9514,0.9767
50,20,819.9926,0.9514,0.9831
50,21,419.1432,0.9514,1.8627
50,22,404.4378,0.9514,1.8299
50,23,396.4079,0.9514,1.9138
50,24,393.1215,0.9514,1.8269
50,25,360.1114,0.9514,1.6406
50,26,332.7595,0.9514,1.6483
50,27,317.3978,0.9514,1.7149
50,28,310.4237,0.9514,1.7937
50,29,307.8194,0.9514,0.9576
50,30,286.9464,0.9514,1.9419
50,31,475.1014,0.9514,0.9601
50,32,414.0613,0.9514,0.9434
50,33,368.8196,0.9514,0.9889
50,34,335.2667,0.9514,0.9901
50,35,293.8239,0.9514,0.9974
50,37,502.4986,0.9514,0.9738
50,38,998.1919,0.9514,0.9801
50,39,754.1146,0.9514,1.9153
50,40,554.4107,0.9514,1.9355
50,41,559.985,0.9514,1.9545
50,42,521.1563,0.9514,1.942
50,43,587.9355,0.9514,1.6682
50,44,452.1682,0.9514,1.8584
50,45,422.7438,0.9514,1.9003
50,46,392.1471,0.9514,1.863
50,47,379.6335,0.9514,0.9679
50,48,374.343,0.9514,1.9539
50,49,603.0965,0.9514,0.9633
50,50,542.0439,0.9514,0.9514
51,1,37.1186,0.9749,0.9118
51,2,24.5068,0.9749,0.0
51,3,569.502,0.9749,0.0
51,4,332.0665,0.9749,0.0
51,5,224.2438,0.9749,0.0
51,6,151.6334,0.9749,0.0
51,7,106.0538,0.9749,0.0
51,8,80.2899,0.9749,0.0
51,9,60.8174,0.9749,0.0
51,10,46.7775,0.9749,0.0
51,11,681.365,0.9749,0.0
51,12,528.3545,0.9749,0.0
51,13,487.9847,0.9749,0.0
51,14,385.3102,0.9749,0.0
51,15,300.7558,0.9749,0.0
51,16,249.6469,0.9749,0.0
51,17,203.9103,0.9749,0.0
51,18,166.7796,0.9749,0.0
51,19,1113.9369,0.9749,0.0
51,20,925.3266,0.9749,0.0
51,21,765.4303,0.9749,0.0
51,22,739.7751,0.9749,0.0
51,23,677.8014,0.9749,0.0
51,24,533.7253,0.9749,0.0
51,25,584.0079,0.9749,0.0
51,26,458.2135,0.9749,0.0
51,27,486.4645,0.9749,0.0
51,28,500.9011,0.9749,0.0
51,29,383.801,0.9749,0.0
51,30,394.8434,0.9749,0.0
51,31,467.5119,0.9749,0.0
51,32,412.9661,0.9749,0.0
51,33,352.5427,0.9749,0.0
51,34,316.3984,0.9749,0.0
51,35,276.8856,0.9749,0.0
51,36,240.7515,0.9749,0.0
51,37,1248.8109,0.9749,0.0
51,38,1101.9644,0.9749,0.0
51,39,967.1672,0.9749,0.0
51,40,870.1334,0.9749,0.0
51,41,793.8771,0.9749,0.0
51,42,613.247,0.9749,0.0
51,43,684.1292,0.9749,0.0
51,44,521.5071,0.9749,0.0
51,45,570.279,0.9749,0.0
51,46,528.9954,0.9749,0.0
51,47,440.7041,0.9749,0.0
51,48,466.2941,0.9749,0.0
51,49,584.711,0.9749,0.0
51,50,541.5209,0.9749,0.0
51,51,483.0596,0.9749,0.0
51,52,448.3333,0.9749,0.0
51,53,405.44,0.9749,0.0
51,54,364.5064,0.9749,0.0
51,55,1521.2386,0.9749,0.0
51,56,1403.5743,0.9749,0.0
51,57,1235.5723,0.9749,0.0
51,58,570.3846,0.9749,2.7991
51,59,1244.369,0.9749,0.0
51,60,1195.3394,0.9749,0.0
51,61,1165.4811,0.9749,0.0
51,62,1138.0116,0.9749,0.0
51,63,1113.6574,0.9749,0.0
51,64,877.2337,0.9749,0.0
51,65,984.3669,0.9749,0.0
51,66,949.716,0.9749,0.0
51,67,1005.0059,0.9749,0.0
51,68,983.7511,0.9749,0.0
51,69,964.6052,0.9749,0.0
51,70,953.2696,0.9749,0.0
51,71,804.1231,0.9749,0.0
51,72,792.272,0.9749,0.0
51,73,723.5937,0.9749,0.0
51,74,611.1029,0.9749,0.0
51,75,621.9565,0.9749,0.0
51,76,563.9701,0.9749,0.0
51,77,516.6717,0.9749,0.0
51,78,429.1725,0.9749,0.0
51,79,400.9781,0.9749,0.0
51,80,412.6887,0.9749,0.0
51,81,600.1676,0.9749,0.0
51,82,587.6072,0.9749,0.0
51,83,540.4832,0.9749,0.0
51,84,515.6847,0.9749,0.0
51,85,476.0591,0.9749,0.0
51,86,436.3686,0.9749,0.0
51,87,1438.773,0.9749,0.0
51,88,1389.2118,0.9749,0.0
51,89,1230.2614,0.9749,0.0
51,90,1107.3931,0.9749,0.0
51,91,1098.3173,0.9749,0.0
51,92,1063.4833,0.9749,0.0
51,93,1093.7836,0.9749,0.0
51,94,1059.4592,0.9749,0.0
51,1,59.7796,0.9749,0.0
51,3,193.0801,0.9749,0.9865
51,4,246.358,0.9749,0.9808
51,5,188.6577,0.9749,0.9706
51,6,142.1737,0.9749,0.9868
51,7,98.8583,0.9749,0.9944
51,8,71.9816,0.9749,0.9925
51,9,49.497,0.9749,0.9982
51,11,281.9923,0.9749,0.9684
51,12,435.9923,0.9749,0.9628
51,13,442.3946,0.9749,0.9648
51,14,356.1681,0.9749,0.9507
51,15,291.9225,0.9749,0.9947
51,16,246.8844,0.9749,0.9948
51,17,201.7898,0.9749,0.9972
51,19,388.7844,0.9749,0.9767
51,20,739.838,0.9749,0.9831
51,21,389.8645,0.9749,1.8627
51,22,376.3336,0.9749,1.8299
51,23,368.7908,0.9749,1.9138
51,24,365.294,0.9749,1.8269
51,25,336.5178,0.9749,1.6406
51,26,311.4859,0.9749,1.6483
51,27,297.111,0.9749,1.7149
51,28,290.4433,0.9749,1.7937
51,29,286.7436,0.9749,0.9576
51,30,269.4208,0.9749,1.9419
51,31,439.2692,0.9749,0.9601
51,32,386.426,0.9749,0.9434
51,33,346.5656,0.9749,0.9889
51,34,316.5125,0.9749,0.9901
51,35,278.8076,0.9749,0.9974
51,37,463.9632,0.9749,0.9738
51,38,899.7796,0.9749,0.9801
51,39,690.2435,0.9749,1.9153
51,40,515.3541,0.9749,1.9355
51,41,520.4182,0.9749,1.9545
51,42,485.3374,0.9749,1.942
51,43,543.4822,0.9749,1.6682
51,44,423.3751,0.9749,1.8584
51,45,396.0359,0.9749,1.9003
51,46,367.7493,0.9749,1.863
51,47,355.708,0.9749,0.9679
51,48,352.2132,0.9749,1.9539
51,49,557.6272,0.9749,0.9633
51,50,505.19,0.9749,0.9514
51,51,473.4703,0.9749,0.9749
52,1,35.4861,0.9811,0.9118
52,2,23.71,0.9811,0.0
52,3,519.4518,0.9811,0.0
52,4,308.9426,0.9811,0.0
52,5,211.2799,0.9811,0.0
52,6,144.26,0.9811,0.0
52,7,101.6315,0.9811,0.0
52,8,77.3365,0.9811,0.0
52,9,58.8332,0.9811,0.0
52,10,45.4044,0.9811,0.0
52,11,622.3099,0.9811,0.0
52,12,489.782,0.9811,0.0
52,13,455.2477,0.9811,0.0
52,14,362.5561,0.9811,0.0
52,15,285.1239,0.9811,0.0
52,16,237.8571,0.9811,0.0
52,17,195.2131,0.9811,0.0
52,18,160.3331,0.9811,0.0
52,19,1015.7738,0.9811,0.0
52,20,852.9036,0.9811,0.0
52,21,707.3769,0.9811,0.0
52,22,685.5687,0.9811,0.0
52,23,629.139,0.9811,0.0
52,24,495.8801,0.9811,0.0
52,25,543.3438,0.9811,0.0
52,26,426.8361,0.9811,0.0
52,27,454.317,0.9811,0.0
52,28,467.0009,0.9811,0.0
52,29,358.187,0.9811,0.0
52,30,370.0674,0.9811,0.0
52,31,437.4417,0.9811,0.0
52,32,388.8946,0.9811,0.0
52,33,334.0263,0.9811,0.0
52,34,300.9617,0.9811,0.0
52,35,264.4446,0.9811,0.0
52,36,230.7947,0.9811,0.0
52,37,1140.3397,0.9811,0.0
52,38,1015.6122,0.9811,0.0
52,39,895.7304,0.9811,0.0
52,40,808.4252,0.9811,0.0
52,41,739.2097,0.9811,0.0
52,42,573.37,0.9811,0.0
52,43,638.6462,0.9811,0.0
52,44,489.01,0.9811,0.0
52,45,534.4511,0.9811,0.0
52,46,496.4313,0.9811,0.0
52,47,413.5913,0.9811,0.0
52,48,438.3534,0.9811,0.0
52,49,547.2913,0.9811,0.0
52,50,509.3849,0.9811,0.0
52,51,456.7589,0.9811,0.0
52,52,425.3152,0.9811,0.0
52,53,385.9988,0.9811,0.0
52,54,348.2164,0.9811,0.0
52,55,1389.9562,0.9811,0.0
52,56,1292.0505,0.9811,0.0
52,57,1142.8009,0.9811,0.0
52,58,538.978,0.9811,2.7991
52,59,1147.3718,0.9811,0.0
52,60,1102.9411,0.9811,0.0
52,61,1075.5989,0.9811,0.0
52,62,1050.4168,0.9811,0.0
52,63,1028.099,0.9811,0.0
52,64,814.5718,0.9811,0.0
52,65,907.4929,0.9811,0.0
52,66,876.4054,0.9811,0.0
52,67,928.8165,0.9811,0.0
52,68,909.2616,0.9811,0.0
52,69,891.7106,0.9811,0.0
52,70,881.0037,0.9811,0.0
52,71,746.1308,0.9811,0.0
52,72,738.7354,0.9811,0.0
52,73,676.8865,0.9811,0.0
52,74,573.3887,0.9811,0.0
52,75,584.1896,0.9811,0.0
52,76,531.2209,0.9811,0.0
52,77,487.7978,0.9811,0.0
52,78,406.3348,0.9811,0.0
52,79,380.0529,0.9811,0.0
52,80,391.4533,0.9811,0.0
52,81,562.8815,0.9811,0.0
52,82,553.0645,0.9811,0.0
52,83,510.9988,0.9811,0.0
52,84,488.8815,0.9811,0.0
52,85,452.8206,0.9811,0.0
52,86,416.3558,0.9811,0.0
52,87,1319.6282,0.9811,0.0
52,88,1282.1564,0.9811,0.0
52,89,1140.3381,0.9811,0.0
52,90,1031.9646,0.9811,0.0
52,91,1021.1167,0.9811,0.0
52,92,988.8657,0.9811,0.0
52,93,1013.6901,0.9811,0.0
52,94,982.4295,0.9811,0.0
52,1,56.7156,0.9811,0.0
52,3,179.9812,0.9811,0.9865
52,4,230.2641,0.9811,0.9808
52,5,178.2509,0.9811,0.9706
52,6,135.272,0.9811,0.9868
52,7,94.7705,0.9811,0.9944
52,8,69.4317,0.9811,0.9925
52,9,48.1037,0.9811,0.9982
52,11,262.3697,0.9811,0.9684
52,12,405.2529,0.9811,0.9628
52,13,413.3856,0.9811,0.9648
52,14,335.5914,0.9811,0.9507
52,15,276.8372,0.9811,0.9947
52,16,235.2059,0.9811,0.9948
52,17,193.1704,0.9811,0.9972
52,19,363.8482,0.9811,0.9767
52,20,682.9621,0.9811,0.9831
52,21,366.99,0.9811,1.8627
52,22,354.4029,0.9811,1.8299
52,23,347.2648,0.9811,1.9138
52,24,343.7087,0.9811,1.8269
52,25,317.775,0.9811,1.6406
52,26,294.5079,0.9811,1.6483
52,27,280.9482,0.9811,1.7149
52,28,274.558,0.9811,1.7937
52,29,270.2783,0.9811,0.9576
52,30,255.2713,0.9811,1.9419
52,31,411.7018,0.9811,0.9601
52,32,364.4882,0.9811,0.9434
52,33,328.4909,0.9811,0.9889
52,34,301.0567,0.9811,0.9901
52,35,266.2278,0.9811,0.9974
52,37,434.9391,0.9811,0.9738
52,38,830.3661,0.9811,0.9801
52,39,643.2697,0.9811,1.9153
52,40,485.0856,0.9811,1.9355
52,41,489.775,0.9811,1.9545
52,42,457.4717,0.9811,1.942
52,43,509.8781,0.9811,1.6682
52,44,400.5365,0.9811,1.8584
52,45,374.8656,0.9811,1.9003
52,46,348.3802,0.9811,1.863
52,47,336.7771,0.9811,0.9679
52,48,334.3241,0.9811,1.9539
52,49,522.8863,0.9811,0.9633
52,50,476.2087,0.9811,0.9514
52,51,448.0173,0.9811,0.9749
52,52,425.1015,0.9811,0.9811
53,1,32.8151,0.9968,0.9118
53,2,22.2717,0.9968,0.0
53,3,454.3954,0.9968,0.0
53,4,276.4309,0.9968,0.0
53,5,191.9273,0.9968,0.0
53,6,132.6251,0.9968,0.0
53,7,94.2991,0.9968,0.0
53,8,72.2358,0.9968,0.0
53,9,55.2689,0.9968,0.0
53,10,42.8512,0.9968,0.0
53,11,545.2855,0.9968,0.0
53,12,436.4452,0.9968,0.0
53,13,408.7149,0.9968,0.0
53,14,328.8157,0.9968,0.0
53,15,260.9446,0.9968,0.0
53,16,219.043,0.9968,0.0
53,17,180.8604,0.9968,0.0
53,18,149.343,0.9968,0.0
53,19,889.0026,0.9968,0.0
53,20,755.3478,0.9968,0.0
53,21,628.3317,0.9968,0.0
53,22,610.9949,0.9968,0.0
53,23,561.7643,0.9968,0.0
53,24,443.4401,0.9968,0.0
53,25,486.5025,0.9968,0.0
53,26,382.89,0.9968,0.0
53,27,408.6064,0.9968,0.0
53,28,419.1592,0.9968,0.0
53,29,322.0346,0.9968,0.0
53,30,334.2414,0.9968,0.0
53,31,394.2289,0.9968,0.0
53,32,353.1156,0.9968,0.0
53,33,305.5214,0.9968,0.0
53,34,276.6109,0.9968,0.0
53,35,244.2752,0.9968,0.0
53,36,214.2004,0.9968,0.0
53,37,999.7871,0.9968,0.0
53,38,899.493,0.9968,0.0
53,39,797.7901,0.9968,0.0
53,40,722.724,0.9968,0.0
53,41,662.6068,0.9968,0.0
53,42,516.5932,0.9968,0.0
53,43,574.2805,0.9968,0.0
53,44,442.171,0.9968,0.0
53,45,482.8217,0.9968,0.0
53,46,449.2061,0.9968,0.0
53,47,374.4467,0.9968,0.0
53,48,397.4979,0.9968,0.0
53,49,493.6625,0.9968,0.0
53,50,462.0716,0.9968,0.0
53,51,416.8715,0.9968,0.0
53,52,389.7029,0.9968,0.0
53,53,355.2175,0.9968,0.0
53,54,321.8029,0.9968,0.0
53,55,1219.6272,0.9968,0.0
53,56,1142.9378,0.9968,0.0
53,57,1016.4155,0.9968,0.0
53,58,491.615,0.9968,2.7991
53,59,1016.9588,0.9968,0.0
53,60,978.3471,0.9968,0.0
53,61,954.2967,0.9968,0.0
53,62,932.1166,0.9968,0.0
53,63,912.4671,0.9968,0.0
53,64,728.0053,0.9968,0.0
53,65,804.5343,0.9968,0.0
53,66,777.8548,0.9968,0.0
53,67,825.3644,0.9968,0.0
53,68,808.0654,0.9968,0.0
53,69,792.6061,0.9968,0.0
53,70,782.8405,0.9968,0.0
53,71,666.1479,0.9968,0.0
53,72,663.192,0.9968,0.0
53,73,610.0143,0.9968,0.0
53,74,518.7353,0.9968,0.0
53,75,529.1221,0.9968,0.0
53,76,482.7801,0.9968,0.0
53,77,444.564,0.9968,0.0
53,78,371.681,0.9968,0.0
53,79,348.1308,0.9968,0.0
53,80,358.8383,0.9968,0.0
53,81,509.115,0.9968,0.0
53,82,502.1966,0.9968,0.0
53,83,466.4183,0.9968,0.0
53,84,447.6649,0.9968,0.0
53,85,416.3043,0.9968,0.0
53,86,384.2311,0.9968,0.0
53,87,1163.0702,0.9968,0.0
53,88,1137.647,0.9968,0.0
53,89,1016.7803,0.9968,0.0
53,90,925.9812,0.9968,0.0
53,91,913.9075,0.9968,0.0
53,92,885.2021,0.9968,0.0
53,93,903.9688,0.9968,0.0
53,94,876.6519,0.9968,0.0
53,1,51.9496,0.9968,0.0
53,3,161.4303,0.9968,0.9865
53,4,207.2185,0.9968,0.9808
53,5,162.4939,0.9968,0.9706
53,6,124.3958,0.9968,0.9868
53,7,87.9869,0.9968,0.9944
53,8,64.9764,0.9968,0.9925
53,9,45.4618,0.9968,0.9982
53,11,234.8776,0.9968,0.9684
53,12,362.3258,0.9968,0.9628
53,13,371.8615,0.9968,0.9648
53,14,304.8715,0.9968,0.9507
53,15,253.4677,0.9968,0.9947
53,16,216.5866,0.9968,0.9948
53,17,178.9581,0.9968,0.9972
53,19,328.2207,0.9968,0.9767
53,20,606.1859,0.9968,0.9831
53,21,333.1801,0.9968,1.8627
53,22,321.9433,0.9968,1.8299
53,23,315.4349,0.9968,1.9138
53,24,311.9395,0.9968,1.8269
53,25,289.5784,0.9968,1.6406
53,26,268.7934,0.9968,1.6483
53,27,256.4721,0.9968,1.7149
53,28,250.5536,0.9968,1.7937
53,29,245.8435,0.9968,0.9576
53,30,233.5632,0.9968,1.9419
53,31,371.7655,0.9968,0.9601
53,32,331.5987,0.9968,0.9434
53,33,300.6043,0.9968,0.9889
53,34,276.6862,0.9968,0.9901
53,35,245.8647,0.9968,0.9974
53,37,393.1809,0.9968,0.9738
53,38,736.9021,0.9968,0.9801
53,39,577.3805,0.9968,1.9153
53,40,440.4474,0.9968,1.9355
53,41,444.6402,0.9968,1.9545
53,42,416.1207,0.9968,1.942
53,43,461.3223,0.9968,1.6682
53,44,365.9282,0.9968,1.8584
53,45,342.7279,0.9968,1.9003
53,46,318.8629,0.9968,1.863
53,47,308.0475,0.9968,0.9679
53,48,306.6549,0.9968,1.9539
53,49,472.6441,0.9968,0.9633
53,50,433.0589,0.9968,0.9514
53,51,409.2485,0.9968,0.9749
53,52,389.5996,0.9968,0.9811
53,53,358.4995,0.9968,0.9968
55,1,42.3058,0.9909,0.9118
55,2,27.4695,0.9909,0.0
55,3,732.912,0.9909,0.0
55,4,399.402,0.9909,0.0
55,5,262.2387,0.9909,0.0
55,6,174.2718,0.9909,0.0
55,7,120.4982,0.9909,0.0
55,8,90.5303,0.9909,0.0
55,9,68.1239,0.9909,0.0
55,10,52.1041,0.9909,0.0
55,11,873.2665,0.9909,0.0
55,12,642.1846,0.9909,0.0
55,13,583.685,0.9909,0.0
55,14,451.6171,0.9909,0.0
55,15,347.403,0.9909,0.0
55,16,286.0418,0.9909,0.0
55,17,231.9483,0.9909,0.0
55,18,188.595,0.9909,0.0
55,19,1449.586,0.9909,0.0
55,20,1149.8295,0.9909,0.0
55,21,942.2745,0.9909,0.0
55,22,904.2225,0.9909,0.0
55,23,824.778,0.9909,0.0
55,24,650.0627,0.9909,0.0
55,25,706.1412,0.9909,0.0
55,26,554.0925,0.9909,0.0
55,27,581.8458,0.9909,0.0
55,28,601.5808,0.9909,0.0
55,29,461.7019,0.9909,0.0
55,30,467.8731,0.9909,0.0
55,31,556.5016,0.9909,0.0
55,32,483.7117,0.9909,0.0
55,33,407.7958,0.9909,0.0
55,34,363.5286,0.9909,0.0
55,35,316.07,0.9909,0.0
55,36,273.2999,0.9909,0.0
55,37,1620.7604,0.9909,0.0
55,38,1372.8515,0.9909,0.0
55,39,1186.3885,0.9909,0.0
55,40,1057.766,0.9909,0.0
55,41,959.7908,0.9909,0.0
55,42,735.1498,0.9909,0.0
55,43,822.5829,0.9909,0.0
55,44,621.1968,0.9909,0.0
55,45,678.2767,0.9909,0.0
55,46,627.0057,0.9909,0.0
55,47,524.5075,0.9909,0.0
55,48,550.2565,0.9909,0.0
55,49,697.3745,0.9909,0.0
55,50,636.7612,0.9909,0.0
55,51,561.2533,0.9909,0.0
55,52,517.5807,0.9909,0.0
55,53,465.0703,0.9909,0.0
55,54,415.769,0.9909,0.0
55,55,1975.9738,0.9909,0.0
55,56,1760.0602,0.9909,0.0
55,57,1524.9399,0.9909,0.0
55,58,664.8346,0.9909,2.7991
55,59,1552.0845,0.9909,0.0
55,60,1486.4897,0.9909,0.0
55,61,1448.1464,0.9909,0.0
55,62,1412.9908,0.9909,0.0
55,63,1381.7863,0.9909,0.0
55,64,1071.5717,0.9909,0.0
55,65,1235.5701,0.9909,0.0
55,66,1188.8012,0.9909,0.0
55,67,1241.6267,0.9909,0.0
55,68,1214.7181,0.9909,0.0
55,69,1190.2611,0.9909,0.0
55,70,1176.9746,0.9909,0.0
55,71,982.4304,0.9909,0.0
55,72,953.2721,0.9909,0.0
55,73,863.4581,0.9909,0.0
55,74,725.6991,0.9909,0.0
55,75,735.87,0.9909,0.0
55,76,662.7976,0.9909,0.0
55,77,604.0524,0.9909,0.0
55,78,499.5938,0.9909,0.0
55,79,465.8805,0.9909,0.0
55,80,477.8859,0.9909,0.0
55,81,714.7759,0.9909,0.0
55,82,691.5234,0.9909,0.0
55,83,628.9051,0.9909,0.0
55,84,596.5387,0.9909,0.0
55,85,547.122,0.9909,0.0
55,86,498.7871,0.9909,0.0
55,87,1844.3405,0.9909,0.0
55,88,1728.4117,0.9909,0.0
55,89,1507.8114,0.9909,0.0
55,90,1336.6572,0.9909,0.0
55,91,1336.7673,0.9909,0.0
55,92,1293.8174,0.9909,0.0
55,93,1343.1115,0.9909,0.0
55,94,1298.4675,0.9909,0.0
55,1,68.9537,0.9909,0.0
55,3,231.4165,0.9909,0.9865
55,4,294.1459,0.9909,0.9808
55,5,219.6387,0.9909,0.9706
55,6,163.6715,0.9909,0.9868
55,7,112.4278,0.9909,0.9944
55,8,81.0845,0.9909,0.9925
55,9,55.0786,0.9909,0.9982
55,11,340.0624,0.9909,0.9684
55,12,527.563,0.9909,0.9628
55,13,527.3282,0.9909,0.9648
55,14,416.4861,0.9909,0.9507
55,15,337.1135,0.9909,0.9947
55,16,282.9669,0.9909,0.9948
55,17,229.5837,0.9909,0.9972
55,19,465.5182,0.9909,0.9767
55,20,921.7934,0.9909,0.9831
55,21,457.9012,0.9909,1.8627
55,22,442.0547,0.9909,1.8299
55,23,433.3139,0.9909,1.9138
55,24,430.104,0.9909,1.8269
55,25,392.0831,0.9909,1.6406
55,26,362.0455,0.9909,1.6483
55,27,345.447,0.9909,1.7149
55,28,337.9454,0.9909,1.7937
55,29,336.0821,0.9909,0.9576
55,30,311.58,0.9909,1.9419
55,31,520.749,0.9909,0.9601
55,32,451.1717,0.9909,0.9434
55,33,400.6439,0.9909,0.9889
55,34,363.7202,0.9909,0.9901
55,35,318.3827,0.9909,0.9974
55,37,553.978,0.9909,0.9738
55,38,1124.9345,0.9909,0.9801
55,39,837.6135,0.9909,1.9153
55,40,607.1951,0.9909,1.9355
55,41,613.201,0.9909,1.9545
55,42,570.2621,0.9909,1.942
55,43,647.6686,0.9909,1.6682
55,44,492.8301,0.9909,1.8584
55,45,460.8194,0.9909,1.9003
55,46,427.3247,0.9909,1.863
55,47,413.7796,0.9909,0.9679
55,48,406.5459,0.9909,1.9539
55,49,661.8423,0.9909,0.9633
55,50,591.2764,0.9909,0.9514
55,51,549.3044,0.9909,0.9749
55,52,517.0109,0.9909,0.9811
55,53,469.4818,0.9909,0.9968
55,55,649.0924,0.9909,0.9909
56,1,83.0141,0.9797,0.9118
56,2,49.9232,0.9797,0.0
56,3,2180.4015,0.9797,0.0
56,4,961.1049,0.9797,0.0
56,5,572.3002,0.9797,0.0
56,6,354.8466,0.9797,0.0
56,7,233.5006,0.9797,0.0
56,8,169.603,0.9797,0.0
56,9,124.0802,0.9797,0.0
56,10,92.8494,0.9797,0.0
56,11,2565.9398,0.9797,0.0
56,12,1599.6001,0.9797,0.0
56,13,1381.4389,0.9797,0.0
56,14,994.8926,0.9797,0.0
56,15,723.2504,0.9797,0.0
56,16,575.3317,0.9797,0.0
56,17,451.5825,0.9797,0.0
56,18,357.1935,0.9797,0.0
56,19,4495.8369,0.9797,0.0
56,20,3070.4624,0.9797,0.0
56,21,2443.4277,0.9797,0.0
56,22,2294.6062,0.9797,0.0
56,23,2064.0309,0.9797,0.0
56,24,1632.7022,0.9797,0.0
56,25,1732.0375,0.9797,0.0
56,26,1359.6156,0.9797,0.0
56,27,1375.9674,0.9797,0.0
56,28,1442.5133,0.9797,0.0
56,29,1113.8541,0.9797,0.0
56,30,1072.0643,0.9797,0.0
56,31,1295.4563,0.9797,0.0
56,32,1062.7315,0.9797,0.0
56,33,853.9157,0.9797,0.0
56,34,740.1496,0.9797,0.0
56,35,625.5504,0.9797,0.0
56,36,527.3521,0.9797,0.0
56,37,4997.923,0.9797,0.0
56,38,3697.6569,0.9797,0.0
56,39,3045.162,0.9797,0.0
56,40,2637.6782,0.9797,0.0
56,41,2352.1278,0.9797,0.0
56,42,1750.3829,0.9797,0.0
56,43,1980.9508,0.9797,0.0
56,44,1447.6221,0.9797,0.0
56,45,1572.3023,0.9797,0.0
56,46,1436.04,0.9797,0.0
56,47,1219.4904,0.9797,0.0
56,48,1241.298,0.9797,0.0
56,49,1635.6158,0.9797,0.0
56,50,1420.0022,0.9797,0.0
56,51,1197.379,0.9797,0.0
56,52,1076.7503,0.9797,0.0
56,53,942.2524,0.9797,0.0
56,54,822.0568,0.9797,0.0
56,55,6141.9784,0.9797,0.0
56,56,4845.1776,0.9797,0.0
56,57,3994.2273,0.9797,0.0
56,58,1433.0469,0.9797,2.7991
56,59,4213.9225,0.9797,0.0
56,60,3987.36,0.9797,0.0
56,61,3873.7284,0.9797,0.0
56,62,3770.6523,0.9797,0.0
56,63,3678.9146,0.9797,0.0
56,64,2720.7653,0.9797,0.0
56,65,3441.9852,0.9797,0.0
56,66,3298.9422,0.9797,0.0
56,67,3259.8698,0.9797,0.0
56,68,3183.6011,0.9797,0.0
56,69,3112.5536,0.9797,0.0
56,70,3083.5002,0.9797,0.0
56,71,2501.9262,0.9797,0.0
56,72,2298.7008,0.9797,0.0
56,73,2023.7991,0.9797,0.0
56,74,1673.264,0.9797,0.0
56,75,1675.1136,0.9797,0.0
56,76,1472.2933,0.9797,0.0
56,77,1316.2117,0.9797,0.0
56,78,1070.6911,0.9797,0.0
56,79,991.3919,0.9797,0.0
56,80,1004.8014,0.9797,0.0
56,81,1668.8986,0.9797,0.0
56,82,1546.103,0.9797,0.0
56,83,1348.7488,0.9797,0.0
56,84,1250.8513,0.9797,0.0
56,85,1117.6702,0.9797,0.0
56,86,995.8679,0.9797,0.0
56,87,5497.9393,0.9797,0.0
56,88,4643.3162,0.9797,0.0
56,89,3865.6041,0.9797,0.0
56,90,3259.7257,0.9797,0.0
56,91,3353.8826,0.9797,0.0
56,92,3240.2913,0.9797,0.0
56,93,3463.0576,0.9797,0.0
56,94,3327.2478,0.9797,0.0
56,1,142.568,0.9797,0.0
56,3,551.0792,0.9797,0.9865
56,4,692.8415,0.9797,0.9808
56,5,471.0503,0.9797,0.9706
56,6,334.9207,0.9797,0.9868
56,7,218.1596,0.9797,0.9944
56,8,150.7056,0.9797,0.9925
56,9,97.1926,0.9797,0.9982
56,11,826.9565,0.9797,0.9684
56,12,1298.9425,0.9797,0.9628
56,13,1233.5817,0.9797,0.9648
56,14,909.6567,0.9797,0.9507
56,15,700.9983,0.9797,0.9947
56,16,569.8509,0.9797,0.9948
56,17,447.368,0.9797,0.9972
56,19,1104.1068,0.9797,0.9767
56,20,2505.6537,0.9797,0.9831
56,21,1013.0298,0.9797,1.8627
56,22,982.3638,0.9797,1.8299
56,23,963.2725,0.9797,1.9138
56,24,963.6534,0.9797,1.8269
56,25,845.2119,0.9797,1.6406
56,26,773.6698,0.9797,1.6483
56,27,739.509,0.9797,1.7149
56,28,725.5203,0.9797,1.7937
56,29,740.9872,0.9797,0.9576
56,30,653.7336,0.9797,1.9419
56,31,1194.8773,0.9797,0.9601
56,32,979.5742,0.9797,0.9434
56,33,836.9364,0.9797,0.9889
56,34,741.022,0.9797,0.9901
56,35,631.1397,0.9797,0.9974
56,37,1301.3999,0.9797,0.9738
56,38,3095.7594,0.9797,0.9801
56,39,2101.0372,0.9797,1.9153
56,40,1360.4,0.9797,1.9355
56,41,1369.3825,0.9797,1.9545
56,42,1266.0803,0.9797,1.942
56,43,1516.2134,0.9797,1.6682
56,44,1056.4422,0.9797,1.8584
56,45,986.7643,0.9797,1.9003
56,46,910.5268,0.9797,1.863
56,47,885.4039,0.9797,0.9679
56,48,845.158,0.9797,1.9539
56,49,1525.9278,0.9797,0.9633
56,50,1296.6408,0.9797,0.9514
56,51,1165.3603,0.9797,0.9749
56,52,1073.8698,0.9797,0.9811
56,53,951.541,0.9797,0.9968
56,55,1469.0705,0.9797,0.9909
56,56,4171.7842,0.9797,0.9797
57,1,64.6906,1.9373,0.9118
57,2,40.3329,1.9373,0.0
57,3,1384.1283,1.9373,0.0
57,4,676.7374,1.9373,0.0
57,5,423.0815,1.9373,0.0
57,6,271.4248,1.9373,0.0
57,7,182.9391,1.9373,0.0
57,8,135.0322,1.9373,0.0
57,9,100.109,1.9373,0.0
57,10,75.6791,1.9373,0.0
57,11,1637.7878,1.9373,0.0
57,12,1106.7221,1.9373,0.0
57,13,980.4376,1.9373,0.0
57,14,732.1211,1.9373,0.0
57,15,547.4653,1.9373,0.0
57,16,442.8799,1.9373,0.0
57,17,353.1467,1.9373,0.0
57,18,283.0351,1.9373,0.0
57,19,2800.9569,1.9373,0.0
57,20,2050.4253,1.9373,0.0
57,21,1655.7011,1.9373,0.0
57,22,1571.2363,1.9373,0.0
57,23,1423.1173,1.9373,0.0
57,24,1122.6576,1.9373,0.0
57,25,1206.1393,1.9373,0.0
57,26,945.6808,1.9373,0.0
57,27,975.9836,1.9373,0.0
57,28,1016.1745,1.9373,0.0
57,29,781.2881,1.9373,0.0
57,30,772.665,1.9373,0.0
57,31,926.3723,1.9373,0.0
57,32,782.7401,1.9373,0.0
57,33,644.356,1.9373,0.0
57,34,566.292,1.9373,0.0
57,35,485.2955,1.9373,0.0
57,36,414.1664,1.9373,0.0
57,37,3121.5559,1.9373,0.0
57,38,2458.0845,1.9373,0.0
57,39,2072.7978,1.9373,0.0
57,40,1821.2145,1.9373,0.0
57,41,1637.9243,1.9373,0.0
57,42,1235.6226,1.9373,0.0
57,43,1390.9989,1.9373,0.0
57,44,1032.5864,1.9373,0.0
57,45,1125.4492,1.9373,0.0
57,46,1034.1628,1.9373,0.0
57,47,870.4102,1.9373,0.0
57,48,900.7673,1.9373,0.0
57,49,1164.048,1.9373,0.0
57,50,1037.305,1.9373,0.0
57,51,894.7026,1.9373,0.0
57,52,814.8114,1.9373,0.0
57,53,722.4932,1.9373,0.0
57,54,637.959,1.9373,0.0
57,55,3825.0881,1.9373,0.0
57,56,3186.2921,1.9373,0.0
57,57,2690.9591,1.9373,0.0
57,58,1064.5933,1.9373,2.7991
57,59,2790.9891,1.9373,0.0
57,60,2655.1171,1.9373,0.0
57,61,2582.9722,1.9373,0.0
57,62,2517.2239,1.9373,0.0
57,63,2458.7886,1.9373,0.0
57,64,1860.737,1.9373,0.0
57,65,2250.9654,1.9373,0.0
57,66,2163.4599,1.9373,0.0
57,67,2193.8636,1.9373,0.0
57,68,2144.4704,1.9373,0.0
57,69,2098.9702,1.9373,0.0
57,70,2077.5774,1.9373,0.0
57,71,1710.3545,1.9373,0.0
57,72,1614.0907,1.9373,0.0
57,73,1441.3394,1.9373,0.0
57,74,1200.5662,1.9373,0.0
57,75,1210.0818,1.9373,0.0
57,76,1076.7583,1.9373,0.0
57,77,971.9737,1.9373,0.0
57,78,796.7001,1.9373,0.0
57,79,740.1675,1.9373,0.0
57,80,755.2487,1.9373,0.0
57,81,1189.1662,1.9373,0.0
57,82,1127.0513,1.9373,0.0
57,83,1004.5839,1.9373,0.0
57,84,942.4352,1.9373,0.0
57,85,853.2701,1.9373,0.0
57,86,768.9982,1.9373,0.0
57,87,3485.5386,1.9373,0.0
57,88,3089.2071,1.9373,0.0
57,89,2632.2561,1.9373,0.0
57,90,2274.968,1.9373,0.0
57,91,2307.1665,1.9373,0.0
57,92,2230.9267,1.9373,0.0
57,93,2350.2253,1.9373,0.0
57,94,2265.0122,1.9373,0.0
57,1,108.3059,1.9373,0.0
57,3,389.907,1.9373,0.9865
57,4,492.5824,1.9373,0.9808
57,5,351.1166,1.9373,0.9706
57,6,255.3534,1.9373,0.9868
57,7,170.6938,1.9373,0.9944
57,8,120.4004,1.9373,0.9925
57,9,79.6151,1.9373,0.9982
57,11,578.7007,1.9373,0.9684
57,12,903.4563,1.9373,0.9628
57,13,880.49,1.9373,0.9648
57,14,672.1591,1.9373,0.9507
57,15,530.8573,1.9373,0.9947
57,16,438.3496,1.9373,0.9948
57,17,349.6764,1.9373,0.9972
57,19,780.6806,1.9373,0.9767
57,20,1658.3459,1.9373,0.9831
57,21,742.6398,1.9373,1.8627
57,22,718.6782,1.9373,1.8299
57,23,704.4731,1.9373,1.9138
57,24,701.8768,1.9373,1.8269
57,25,628.234,1.9373,1.6406
57,26,577.5263,1.9373,1.6483
57,27,551.4226,1.9373,1.7149
57,28,540.1679,1.9373,1.7937
57,29,544.0661,1.9373,0.9576
57,30,492.6342,1.9373,1.9419
57,31,860.6632,1.9373,0.9601
57,32,725.7474,1.9373,0.9434
57,33,632.2602,1.9373,0.9889
57,34,566.7513,1.9373,0.9901
57,35,489.2291,1.9373,0.9974
57,37,924.2203,1.9373,0.9738
57,38,2036.5362,1.9373,0.9801
57,39,1446.2394,1.9373,1.9153
57,40,990.1059,1.9373,1.9355
57,41,997.9222,1.9373,1.9545
57,42,925.8359,1.9373,1.942
57,43,1078.7908,1.9373,1.6682
57,44,786.5886,1.9373,1.8584
57,45,734.8918,1.9373,1.9003
57,46,679.6572,1.9373,1.863
57,47,659.471,1.9373,0.9679
57,48,639.3832,1.9373,1.9539
57,49,1095.459,1.9373,0.9633
57,50,955.2258,1.9373,0.9514
57,51,873.2287,1.9373,0.9749
57,52,813.2828,1.9373,0.9811
57,53,729.4949,1.9373,0.9968
57,55,1063.3274,1.9373,0.9909
57,56,2705.5816,1.9373,0.9797
57,57,1850.0003,1.9373,1.9373
59,1,43.2202,2.9425,0.9118
59,2,28.506,2.9425,0.0
59,3,680.2479,2.9425,0.0
59,4,390.7983,2.9425,0.0
59,5,262.3192,2.9425,0.0
59,6,176.8339,2.9425,0.0
59,7,123.4955,2.9425,0.0
59,8,93.4327,2.9425,0.0
59,9,70.7481,2.9425,0.0
59,10,54.4061,2.9425,0.0
59,11,813.2353,2.9425,0.0
59,12,623.3223,2.9425,0.0
59,13,573.5902,2.9425,0.0
59,14,450.9253,2.9425,0.0
59,15,350.9578,2.9425,0.0
59,16,290.9369,2.9425,0.0
59,17,237.4072,2.9425,0.0
59,18,194.0698,2.9425,0.0
59,19,1333.7958,2.9425,0.0
59,20,1097.1659,2.9425,0.0
59,21,905.7241,2.9425,0.0
59,22,874.0066,2.9425,0.0
59,23,800.0152,2.9425,0.0
59,24,630.1961,2.9425,0.0
59,25,688.3693,2.9425,0.0
59,26,540.2311,2.9425,0.0
59,27,572.0738,2.9425,0.0
59,28,589.5695,2.9425,0.0
59,29,452.0342,2.9425,0.0
59,30,463.4148,2.9425,0.0
59,31,549.0692,2.9425,0.0
59,32,483.3174,2.9425,0.0
59,33,411.5533,2.9425,0.0
59,34,368.9206,2.9425,0.0
59,35,322.5272,2.9425,0.0
59,36,280.2438,2.9425,0.0
59,37,1494.4074,2.9425,0.0
59,38,1307.3665,2.9425,0.0
59,39,1143.5524,2.9425,0.0
59,40,1026.8226,2.9425,0.0
59,41,935.7467,2.9425,0.0
59,42,721.6673,2.9425,0.0
59,43,805.5111,2.9425,0.0
59,44,612.9682,2.9425,0.0
59,45,669.9917,2.9425,0.0
59,46,621.0687,2.9425,0.0
59,47,518.0207,2.9425,0.0
59,48,546.9938,2.9425,0.0
59,49,687.2667,2.9425,0.0
59,50,634.5156,2.9425,0.0
59,51,564.5753,2.9425,0.0
59,52,523.3205,2.9425,0.0
59,53,472.7004,2.9425,0.0
59,54,424.5915,2.9425,0.0
59,55,1820.4201,2.9425,0.0
59,56,1667.4685,2.9425,0.0
59,57,1462.8142,2.9425,0.0
59,58,667.2018,2.9425,2.7991
59,59,1476.7389,2.9425,0.0
59,60,1417.6855,2.9425,0.0
59,61,1382.032,2.9425,0.0
59,62,1349.2524,2.9425,0.0
59,63,1320.1809,2.9425,0.0
59,64,1036.4403,2.9425,0.0
59,65,1169.6897,2.9425,0.0
59,66,1127.7999,2.9425,0.0
59,67,1190.2918,2.9425,0.0
59,68,1164.9825,2.9425,0.0
59,69,1142.137,2.9425,0.0
59,70,1128.8548,2.9425,0.0
59,71,950.0421,2.9425,0.0
59,72,932.8506,2.9425,0.0
59,73,850.5162,2.9425,0.0
59,74,717.6672,2.9425,0.0
59,75,729.823,2.9425,0.0
59,76,660.9048,2.9425,0.0
59,77,604.8753,2.9425,0.0
59,78,502.151,2.9425,0.0
59,79,469.0422,2.9425,0.0
59,80,482.3451,2.9425,0.0
59,81,705.3782,2.9425,0.0
59,82,688.8101,2.9425,0.0
59,83,632.0313,2.9425,0.0
59,84,602.2948,2.9425,0.0
59,85,555.3114,2.9425,0.0
59,86,508.5306,2.9425,0.0
59,87,1716.9108,2.9425,0.0
59,88,1647.6121,2.9425,0.0
59,89,1454.3881,2.9425,0.0
59,90,1304.897,2.9425,0.0
59,91,1296.6238,2.9425,0.0
59,92,1255.4359,2.9425,0.0
59,93,1293.9094,2.9425,0.0
59,94,1252.787,2.9425,0.0
59,1,69.7341,2.9425,0.0
59,3,227.0579,2.9425,0.9865
59,4,289.4434,2.9425,0.9808
59,5,220.517,2.9425,0.9706
59,6,165.8805,2.9425,0.9868
59,7,115.1605,2.9425,0.9944
59,8,83.7765,2.9425,0.9925
59,9,57.5599,2.9425,0.9982
59,11,332.1495,2.9425,0.9684
59,12,513.7956,2.9425,0.9628
59,13,519.6165,2.9425,0.9648
59,14,416.6272,2.9425,0.9507
59,15,340.647,2.9425,0.9947
59,16,287.7449,2.9425,0.9948
59,17,234.9544,2.9425,0.9972
59,19,457.4338,2.9425,0.9767
59,20,877.5528,2.9425,0.9831
59,21,456.7087,2.9425,1.8627
59,22,440.8726,2.9425,1.8299
59,23,432.0839,2.9425,1.9138
59,24,428.1936,2.9425,1.8269
59,25,393.5556,2.9425,1.6406
59,26,364.117,2.9425,1.6483
59,27,347.3566,2.9425,1.7149
59,28,339.6232,2.9425,1.7937
59,29,335.8606,2.9425,0.9576
59,30,314.6193,2.9425,1.9419
59,31,515.4512,2.9425,0.9601
59,32,451.9571,2.9425,0.9434
59,33,404.534,2.9425,0.9889
59,34,369.0697,2.9425,0.9901
59,35,324.7894,2.9425,0.9974
59,37,545.5917,2.9425,0.9738
59,38,1068.0684,2.9425,0.9801
59,39,814.0637,2.9425,1.9153
59,40,604.125,2.9425,1.9355
59,41,610.1366,2.9425,1.9545
59,42,568.7148,2.9425,1.942
59,43,638.7376,2.9425,1.6682
59,44,495.2056,2.9425,1.8584
59,45,463.2412,2.9425,1.9003
59,46,430.0863,2.9425,1.863
59,47,416.1281,2.9425,0.9679
59,48,411.2941,2.9425,1.9539
59,49,654.7497,2.9425,0.9633
59,50,591.3671,2.9425,0.9514
59,51,553.2005,2.9425,0.9749
59,52,522.9067,2.9425,0.9811
59,53,477.143,2.9425,0.9968
59,55,644.3858,2.9425,0.9909
59,56,1385.6402,2.9425,0.9797
59,57,1030.6163,2.9425,1.9373
59,59,647.025,2.9425,2.9425
60,1,42.3343,2.9455,0.9118
60,2,27.9324,2.9455,0.0
60,3,665.5329,2.9455,0.0
60,4,382.576,2.9455,0.0
60,5,256.8646,2.9455,0.0
60,6,173.1933,2.9455,0.0
60,7,120.9759,2.9455,0.0
60,8,91.5407,2.9455,0.0
60,9,69.3261,2.9455,0.0
60,10,53.3201,2.9455,0.0
60,11,795.6873,2.9455,0.0
60,12,610.1625,2.9455,0.0
60,13,561.5498,2.9455,0.0
60,14,441.5369,2.9455,0.0
60,15,343.7019,2.9455,0.0
60,16,284.9529,2.9455,0.0
60,17,232.5513,2.9455,0.0
60,18,190.1224,2.9455,0.0
60,19,1304.7563,2.9455,0.0
60,20,1073.8235,2.9455,0.0
60,21,886.5266,2.9455,0.0
60,22,855.5354,2.9455,0.0
60,23,783.1386,2.9455,0.0
60,24,616.91,2.9455,0.0
60,25,673.8862,2.9455,0.0
60,26,528.878,2.9455,0.0
60,27,560.0917,2.9455,0.0
60,28,577.1994,2.9455,0.0
60,29,442.5579,2.9455,0.0
60,30,453.7462,2.9455,0.0
60,31,537.579,2.9455,0.0
60,32,473.2673,2.9455,0.0
60,33,403.0441,2.9455,0.0
60,34,361.3222,2.9455,0.0
60,35,315.9132,2.9455,0.0
60,36,274.5224,2.9455,0.0
60,37,1461.9055,2.9455,0.0
60,38,1279.5273,2.9455,0.0
60,39,1119.3527,2.9455,0.0
60,40,1005.1742,2.9455,0.0
60,41,916.0648,2.9455,0.0
60,42,706.5573,2.9455,0.0
60,43,788.6151,2.9455,0.0
60,44,600.1777,2.9455,0.0
60,45,656.0092,2.9455,0.0
60,46,608.1289,2.9455,0.0
60,47,507.2269,2.9455,0.0
60,48,535.6228,2.9455,0.0
60,49,672.8996,2.9455,0.0
60,50,621.3216,2.9455,0.0
60,51,552.8934,2.9455,0.0
60,52,512.5245,2.9455,0.0
60,53,462.9825,2.9455,0.0
60,54,415.8938,2.9455,0.0
60,55,1780.7379,2.9455,0.0
60,56,1631.8559,2.9455,0.0
60,57,1431.7796,2.9455,0.0
60,58,653.3875,2.9455,2.7991
60,59,1445.2611,2.9455,0.0
60,60,1387.5284,2.9455,0.0
60,61,1352.6449,2.9455,0.0
60,62,1320.5717,2.9455,0.0
60,63,1292.1268,2.9455,0.0
60,64,1014.5593,2.9455,0.0
60,65,1144.677,2.9455,0.0
60,66,1103.6788,2.9455,0.0
60,67,1165.045,2.9455,0.0
60,68,1140.2779,2.9455,0.0
60,69,1117.9234,2.9455,0.0
60,70,1104.9164,2.9455,0.0
60,71,929.9632,2.9455,0.0
60,72,913.2638,2.9455,0.0
60,73,832.7229,2.9455,0.0
60,74,702.6966,2.9455,0.0
60,75,714.6194,2.9455,0.0
60,76,647.1814,2.9455,0.0
60,77,592.3488,2.9455,0.0
60,78,491.7873,2.9455,0.0
60,79,459.3763,2.9455,0.0
60,80,472.4123,2.9455,0.0
60,81,690.6593,2.9455,0.0
60,82,674.5,2.9455,0.0
60,83,618.9597,2.9455,0.0
60,84,589.8694,2.9455,0.0
60,85,543.8918,2.9455,0.0
60,86,498.1057,2.9455,0.0
60,87,1679.771,2.9455,0.0
60,88,1612.5437,2.9455,0.0
60,89,1423.6214,2.9455,0.0
60,90,1277.4745,2.9455,0.0
60,91,1269.2909,2.9455,0.0
60,92,1228.9809,2.9455,0.0
60,93,1266.5506,2.9455,0.0
60,94,1226.3194,2.9455,0.0
60,1,68.2931,2.9455,0.0
60,3,222.2883,2.9455,0.9865
60,4,283.3715,2.9455,0.9808
60,5,215.9438,2.9455,0.9706
60,6,162.4665,2.9455,0.9868
60,7,112.8134,2.9455,0.9944
60,8,82.0849,2.9455,0.9925
60,9,56.4117,2.9455,0.9982
60,11,325.1636,2.9455,0.9684
60,12,502.9655,2.9455,0.9628
60,13,508.725,2.9455,0.9648
60,14,407.9629,2.9455,0.9507
60,15,333.6065,2.9455,0.9947
60,16,281.8265,2.9455,0.9948
60,17,230.1488,2.9455,0.9972
60,19,447.8636,2.9455,0.9767
60,20,858.8383,2.9455,0.9831
60,21,447.222,2.9455,1.8627
60,22,431.7097,2.9455,1.8299
60,23,423.1055,2.9455,1.9138
60,24,419.2898,2.9455,1.8269
60,25,385.4043,2.9455,1.6406
60,26,356.585,2.9455,1.6483
60,27,340.1719,2.9455,1.7149
60,28,332.5971,2.9455,1.7937
60,29,328.8954,2.9455,0.9576
60,30,308.1251,2.9455,1.9419
60,31,504.683,2.9455,0.9601
60,32,442.5728,2.9455,0.9434
60,33,396.1729,2.9455,0.9889
60,34,361.4679,2.9455,0.9901
60,35,318.1278,2.9455,0.9974
60,37,534.1947,2.9455,0.9738
60,38,1045.2541,2.9455,0.9801
60,39,796.8844,2.9455,1.9153
60,40,591.563,2.9455,1.9355
60,41,597.4603,2.9455,1.9545
60,42,556.9066,2.9455,1.942
60,43,625.3966,2.9455,1.6682
60,44,484.9704,2.9455,1.8584
60,45,453.6734,2.9455,1.9003
60,46,421.2135,2.9455,1.863
60,47,407.542,2.9455,0.9679
60,48,402.8281,2.9455,1.9539
60,49,641.0897,2.9455,0.9633
60,50,579.0951,2.9455,0.9514
60,51,541.7614,2.9455,0.9749
60,52,512.1209,2.9455,0.9811
60,53,467.3327,2.9455,0.9968
60,55,630.9699,2.9455,0.9909
60,56,1355.8874,2.9455,0.9797
60,57,1008.8176,2.9455,1.9373
60,59,633.6333,2.9455,2.9425
60,60,620.5206,2.9455,2.9455
61,1,41.0356,2.9413,0.9118
61,2,27.115,2.9413,0.0
61,3,642.1808,2.9413,0.0
61,4,369.8142,2.9413,0.0
61,5,248.6071,2.9413,0.0
61,6,167.7968,2.9413,0.0
61,7,117.3026,2.9413,0.0
61,8,88.8159,2.9413,0.0
61,9,67.2999,2.9413,0.0
61,10,51.786,2.9413,0.0
61,11,767.8676,2.9413,0.0
61,12,589.6141,2.9413,0.0
61,13,542.9683,2.9413,0.0
61,14,427.2858,2.9413,0.0
61,15,332.8624,2.9413,0.0
61,16,276.1129,2.9413,0.0
61,17,225.4562,2.9413,0.0
61,18,184.411,2.9413,0.0
61,19,1259.028,2.9413,0.0
61,20,1037.134,2.9413,0.0
61,21,856.4434,2.9413,0.0
61,22,826.7257,2.9413,0.0
61,23,756.8843,2.9413,0.0
61,24,596.2971,2.9413,0.0
61,25,651.4438,2.9413,0.0
61,26,511.3384,2.9413,0.0
61,27,541.6401,2.9413,0.0
61,28,558.0904,2.9413,0.0
61,29,427.963,2.9413,0.0
61,30,438.9546,2.9413,0.0
61,31,519.9536,2.9413,0.0
61,32,458.0385,2.9413,0.0
61,33,390.3161,2.9413,0.0
61,34,350.0554,2.9413,0.0
61,35,306.1959,2.9413,0.0
61,36,266.1893,2.9413,0.0
61,37,1410.8565,2.9413,0.0
61,38,1235.8086,2.9413,0.0
61,39,1081.5963,2.9413,0.0
61,40,971.5644,2.9413,0.0
61,41,885.6282,2.9413,0.0
61,42,683.3681,2.9413,0.0
61,43,762.6134,2.9413,0.0
61,44,580.6563,2.9413,0.0
61,45,634.6293,2.9413,0.0
61,46,588.3919,2.9413,0.0
61,47,490.7833,2.9413,0.0
61,48,518.3356,2.9413,0.0
61,49,650.889,2.9413,0.0
61,50,601.2862,2.9413,0.0
61,51,535.3426,2.9413,0.0
61,52,496.4206,2.9413,0.0
61,53,448.602,2.9413,0.0
61,54,403.1233,2.9413,0.0
61,55,1718.6565,2.9413,0.0
61,56,1575.9396,2.9413,0.0
61,57,1383.3184,2.9413,0.0
61,58,632.6069,2.9413,2.7991
61,59,1395.9648,2.9413,0.0
61,60,1340.2848,2.9413,0.0
61,61,1306.6123,2.9413,0.0
61,62,1275.6493,2.9413,0.0
61,63,1248.1896,2.9413,0.0
61,64,980.6114,2.9413,0.0
61,65,1105.6577,2.9413,0.0
61,66,1066.1553,2.9413,0.0
61,67,1125.543,2.9413,0.0
61,68,1101.6251,2.9413,0.0
61,69,1080.0441,2.9413,0.0
61,70,1067.4513,2.9413,0.0
61,71,898.7788,2.9413,0.0
61,72,883.0338,2.9413,0.0
61,73,805.4167,2.9413,0.0
61,74,679.8696,2.9413,0.0
61,75,691.477,2.9413,0.0
61,76,626.4046,2.9413,0.0
61,77,573.4718,2.9413,0.0
61,78,476.2653,2.9413,0.0
61,79,444.9332,2.9413,0.0
61,80,457.5914,2.9413,0.0
61,81,668.2165,2.9413,0.0
61,82,652.8035,2.9413,0.0
61,83,599.318,2.9413,0.0
61,84,571.3076,2.9413,0.0
61,85,526.958,2.9413,0.0
61,86,482.7555,2.9413,0.0
61,87,1621.7509,2.9413,0.0
61,88,1557.6603,2.9413,0.0
61,89,1375.7224,2.9413,0.0
61,90,1235.1334,2.9413,0.0
61,91,1226.9612,2.9413,0.0
61,92,1188.0136,2.9413,0.0
61,93,1223.9539,2.9413,0.0
61,94,1185.1389,2.9413,0.0
61,1,66.1439,2.9413,0.0
61,3,214.9157,2.9413,0.9865
61,4,274.0453,2.9413,0.9808
61,5,209.0627,2.9413,0.9706
61,6,157.4078,2.9413,0.9868
61,7,109.3944,2.9413,0.9944
61,8,79.6566,2.9413,0.9925
61,9,54.7947,2.9413,0.9982
61,11,314.3316,2.9413,0.9684
61,12,486.1582,2.9413,0.9628
61,13,491.97,2.9413,0.9648
61,14,394.8501,2.9413,0.9507
61,15,323.0966,2.9413,0.9947
61,16,273.0819,2.9413,0.9948
61,17,223.1261,2.9413,0.9972
61,19,433.2074,2.9413,0.9767
61,20,829.6408,2.9413,0.9831
61,21,432.8276,2.9413,1.8627
61,22,417.836,2.9413,1.8299
61,23,409.5058,2.9413,1.9138
61,24,405.7835,2.9413,1.8269
61,25,373.1223,2.9413,1.6406
61,26,345.2676,2.9413,1.6483
61,27,329.3812,2.9413,1.7149
61,28,322.0375,2.9413,1.7937
61,29,318.3642,2.9413,0.9576
61,30,298.4106,2.9413,1.9419
61,31,488.2162,2.9413,0.9601
61,32,428.4016,2.9413,0.9434
61,33,383.6775,2.9413,0.9889
61,34,350.1952,2.9413,0.9901
61,35,308.3361,2.9413,0.9974
61,37,516.8026,2.9413,0.9738
61,38,1009.702,2.9413,0.9801
61,39,770.4895,2.9413,1.9153
61,40,572.5226,2.9413,1.9355
61,41,578.2213,2.9413,1.9545
61,42,539.064,2.9413,1.942
61,43,605.0829,2.9413,1.6682
61,44,469.6134,2.9413,1.8584
61,45,439.3361,2.9413,1.9003
61,46,407.942,2.9413,1.863
61,47,394.6814,2.9413,0.9679
61,48,390.2136,2.9413,1.9539
61,49,620.2296,2.9413,0.9633
61,50,560.5406,2.9413,0.9514
61,51,524.6028,2.9413,0.9749
61,52,496.0396,2.9413,0.9811
61,53,452.8135,2.9413,0.9968
61,55,610.6517,2.9413,0.9909
61,56,1309.6071,2.9413,0.9797
61,57,975.3429,2.9413,1.9373
61,59,613.5022,2.9413,2.9425
61,60,600.8101,2.9413,2.9455
61,61,581.7435,2.9413,2.9413
62,1,41.1186,2.93,0.9118
62,2,27.091,2.93,0.0
62,3,653.7125,2.93,0.0
62,4,373.3538,2.93,0.0
62,5,250.069,2.93,0.0
62,6,168.3507,2.93,0.0
62,7,117.474,2.93,0.0
62,8,88.8332,2.93,0.0
62,9,67.2415,2.93,0.0
62,10,51.6977,2.93,0.0
62,11,781.205,2.93,0.0
62,12,596.0022,2.93,0.0
62,13,547.7742,2.93,0.0
62,14,429.9494,2.93,0.0
62,15,334.2517,2.93,0.0
62,16,276.9116,2.93,0.0
62,17,225.837,2.93,0.0
62,18,184.5332,2.93,0.0
62,19,1283.6315,2.93,0.0
62,20,1050.9848,2.93,0.0
62,21,866.9228,2.93,0.0
62,22,836.0994,2.93,0.0
62,23,765.0512,2.93,0.0
62,24,602.7113,2.93,0.0
62,25,657.9635,2.93,0.0
62,26,516.377,2.93,0.0
62,27,546.3363,2.93,0.0
62,28,563.2255,2.93,0.0
62,29,431.9033,2.93,0.0
62,30,442.2545,2.93,0.0
62,31,524.1676,2.93,0.0
62,32,460.8179,2.93,0.0
62,33,392.0139,2.93,0.0
62,34,351.2182,2.93,0.0
62,35,306.8959,2.93,0.0
62,36,266.5494,2.93,0.0
62,37,1437.93,2.93,0.0
62,38,1252.6342,2.93,0.0
62,39,1094.2695,2.93,0.0
62,40,981.8553,2.93,0.0
62,41,894.3917,2.93,0.0
62,42,689.3091,2.93,0.0
62,43,769.599,2.93,0.0
62,44,585.2065,2.93,0.0
62,45,639.5705,2.93,0.0
62,46,592.7151,2.93,0.0
62,47,494.5443,2.93,0.0
62,48,521.8571,2.93,0.0
62,49,656.2319,2.93,0.0
62,50,605.1903,2.93,0.0
62,51,537.9899,2.93,0.0
62,52,498.4291,2.93,0.0
62,53,449.992,2.93,0.0
62,54,404.0174,2.93,0.0
62,55,1752.141,2.93,0.0
62,56,1598.6396,2.93,0.0
62,57,1400.5068,2.93,0.0
62,58,635.9157,2.93,2.7991
62,59,1415.2709,2.93,0.0
62,60,1358.1904,2.93,0.0
62,61,1323.9329,2.93,0.0
62,62,1292.4475,2.93,0.0
62,63,1264.5213,2.93,0.0
62,64,991.5176,2.93,0.0
62,65,1121.8549,2.93,0.0
62,66,1081.6001,2.93,0.0
62,67,1139.6825,2.93,0.0
62,68,1115.3978,2.93,0.0
62,69,1093.4602,2.93,0.0
62,70,1080.7974,2.93,0.0
62,71,908.9619,2.93,0.0
62,72,891.2789,2.93,0.0
62,73,812.0825,2.93,0.0
62,74,684.9903,2.93,0.0
62,75,696.4,2.93,0.0
62,76,630.3137,2.93,0.0
62,77,576.6535,2.93,0.0
62,78,478.5731,2.93,0.0
62,79,446.9626,2.93,0.0
62,80,459.528,2.93,0.0
62,81,673.4662,2.93,0.0
62,82,657.0227,2.93,0.0
62,83,602.3455,2.93,0.0
62,84,573.7478,2.93,0.0
62,85,528.727,2.93,0.0
62,86,483.9827,2.93,0.0
62,87,1650.1361,2.93,0.0
62,88,1578.5123,2.93,0.0
62,89,1391.6728,2.93,0.0
62,90,1247.0771,2.93,0.0
62,91,1240.0445,2.93,0.0
62,92,1200.6028,2.93,0.0
62,93,1238.3187,2.93,0.0
62,94,1198.772,2.93,0.0
62,1,66.4057,2.93,0.0
62,3,216.8695,2.93,0.9865
62,4,276.3828,2.93,0.9808
62,5,210.1448,2.93,0.9706
62,6,157.9406,2.93,0.9868
62,7,109.5523,2.93,0.9944
62,8,79.6477,2.93,0.9925
62,9,54.6852,2.93,0.9982
62,11,317.4096,2.93,0.9684
62,12,491.1385,2.93,0.9628
62,13,496.0959,2.93,0.9648
62,14,397.1752,2.93,0.9507
62,15,324.4246,2.93,0.9947
62,16,273.8804,2.93,0.9948
62,17,223.5079,2.93,0.9972
62,19,436.8854,2.93,0.9767
62,20,841.0519,2.93,0.9831
62,21,435.5172,2.93,1.8627
62,22,420.4671,2.93,1.8299
62,23,412.0874,2.93,1.9138
62,24,408.446,2.93,1.8269
62,25,375.1051,2.93,1.6406
62,26,346.9868,2.93,1.6483
62,27,331.0282,2.93,1.7149
62,28,323.6772,2.93,1.7937
62,29,320.2684,2.93,0.9576
62,30,299.7092,2.93,1.9419
62,31,491.9157,2.93,0.9601
62,32,430.8119,2.93,0.9434
62,33,385.3099,2.93,0.9889
62,34,351.3644,2.93,0.9901
62,35,309.0575,2.93,0.9974
62,37,520.9703,2.93,0.9738
62,38,1024.0101,2.93,0.9801
62,39,778.5614,2.93,1.9153
62,40,576.2453,2.93,1.9355
62,41,581.9305,2.93,1.9545
62,42,542.3803,2.93,1.942
62,43,609.8655,2.93,1.6682
62,44,471.9441,2.93,1.8584
62,45,441.4769,2.93,1.9003
62,46,409.8444,2.93,1.863
62,47,396.5804,2.93,0.9679
62,48,391.7491,2.93,1.9539
62,49,624.9431,2.93,0.9633
62,50,563.8386,2.93,0.9514
62,51,527.0919,2.93,0.9749
62,52,498.0193,2.93,0.9811
62,53,454.2236,2.93,0.9968
62,55,614.7789,2.93,0.9909
62,56,1329.7509,2.93,0.9797
62,57,986.0439,2.93,1.9373
62,59,616.6572,2.93,2.9425
62,60,603.8868,2.93,2.9455
62,61,584.6788,2.93,2.9413
62,62,587.7891,2.93,2.93
63,1,39.2564,1.8286,0.9118
63,2,25.6913,1.8286,0.0
63,3,653.6846,1.8286,0.0
63,4,365.1112,1.8286,0.0
63,5,241.6343,1.8286,0.0
63,6,161.3933,1.8286,0.0
63,7,112.0512,1.8286,0.0
63,8,84.4731,1.8286,0.0
63,9,63.7996,1.8286,0.0
63,10,48.9809,1.8286,0.0
63,11,780.2674,1.8286,0.0
63,12,585.2367,1.8286,0.0
63,13,534.3757,1.8286,0.0
63,14,415.915,1.8286,0.0
63,15,321.212,1.8286,0.0
63,16,265.0869,1.8286,0.0
63,17,215.4603,1.8286,0.0
63,18,175.5908,1.8286,0.0
63,19,1285.6965,1.8286,0.0
63,20,1039.4662,1.8286,0.0
63,21,854.8216,1.8286,0.0
63,22,822.181,1.8286,0.0
63,23,751.0893,1.8286,0.0
63,24,591.666,1.8286,0.0
63,25,644.4421,1.8286,0.0
63,26,505.6064,1.8286,0.0
63,27,533.004,1.8286,0.0
63,28,550.3952,1.8286,0.0
63,29,422.1376,1.8286,0.0
63,30,429.9304,1.8286,0.0
63,31,510.2157,1.8286,0.0
63,32,445.6375,1.8286,0.0
63,33,376.9991,1.8286,0.0
63,34,336.691,1.8286,0.0
63,35,293.3036,1.8286,0.0
63,36,254.0859,1.8286,0.0
63,37,1438.5445,1.8286,0.0
63,38,1239.5504,1.8286,0.0
63,39,1077.0858,1.8286,0.0
63,40,963.2715,1.8286,0.0
63,41,875.5931,1.8286,0.0
63,42,672.4914,1.8286,0.0
63,43,751.7567,1.8286,0.0
63,44,569.506,1.8286,0.0
63,45,622.3214,1.8286,0.0
63,46,575.9965,1.8286,0.0
63,47,481.1524,1.8286,0.0
63,48,506.3303,1.8286,0.0
63,49,639.2239,1.8286,0.0
63,50,586.3317,1.8286,0.0
63,51,518.5975,1.8286,0.0
63,52,479.0649,1.8286,0.0
63,53,431.2267,1.8286,0.0
63,54,386.146,1.8286,0.0
63,55,1751.8319,1.8286,0.0
63,56,1584.5929,1.8286,0.0
63,57,1380.9239,1.8286,0.0
63,58,613.6537,1.8286,2.7991
63,59,1400.388,1.8286,0.0
63,60,1342.9247,1.8286,0.0
63,61,1308.7424,1.8286,0.0
63,62,1277.3568,1.8286,0.0
63,63,1249.5054,1.8286,0.0
63,64,974.069,1.8286,0.0
63,65,1111.1877,1.8286,0.0
63,66,1069.9921,1.8286,0.0
63,67,1124.6771,1.8286,0.0
63,68,1100.5512,1.8286,0.0
63,69,1078.6794,1.8286,0.0
63,70,1066.4387,1.8286,0.0
63,71,893.1687,1.8286,0.0
63,72,871.1007,1.8286,0.0
63,73,791.1814,1.8286,0.0
63,74,665.8317,1.8286,0.0
63,75,676.0576,1.8286,0.0
63,76,610.2947,1.8286,0.0
63,77,557.1805,1.8286,0.0
63,78,461.5352,1.8286,0.0
63,79,430.7311,1.8286,0.0
63,80,442.3207,1.8286,0.0
63,81,655.3276,1.8286,0.0
63,82,636.643,1.8286,0.0
63,83,580.9983,1.8286,0.0
63,84,551.9955,1.8286,0.0
63,85,507.1942,1.8286,0.0
63,86,463.106,1.8286,0.0
63,87,1643.6058,1.8286,0.0
63,88,1560.4236,1.8286,0.0
63,89,1369.0464,1.8286,0.0
63,90,1220.1277,1.8286,0.0
63,91,1216.6738,1.8286,0.0
63,92,1177.8612,1.8286,0.0
63,93,1219.145,1.8286,0.0
63,94,1179.469,1.8286,0.0
63,1,63.7629,1.8286,0.0
63,3,211.74,1.8286,0.9865
63,4,269.2305,1.8286,0.9808
63,5,202.6148,1.8286,0.9706
63,6,151.4713,1.8286,0.9868
63,7,104.5097,1.8286,0.9944
63,8,75.6908,1.8286,0.9925
63,9,51.7557,1.8286,0.9982
63,11,310.6864,1.8286,0.9684
63,12,481.1216,1.8286,0.9628
63,13,483.2415,1.8286,0.9648
63,14,383.7764,1.8286,0.9507
63,15,311.7158,1.8286,0.9947
63,16,262.2219,1.8286,0.9948
63,17,213.2614,1.8286,0.9972
63,19,425.937,1.8286,0.9767
63,20,831.275,1.8286,0.9831
63,21,421.6969,1.8286,1.8627
63,22,407.0094,1.8286,1.8299
63,23,398.9816,1.8286,1.9138
63,24,395.7987,1.8286,1.8269
63,25,362.0493,1.8286,1.6406
63,26,334.5615,1.8286,1.6483
63,27,319.1993,1.8286,1.7149
63,28,312.2221,1.8286,1.7937
63,29,309.8959,1.8286,0.9576
63,30,288.4004,1.8286,1.9419
63,31,478.0396,1.8286,0.9601
63,32,416.019,1.8286,0.9434
63,33,370.4418,1.8286,0.9889
63,34,336.8539,1.8286,0.9901
63,35,295.421,1.8286,0.9974
63,37,507.2285,1.8286,0.9738
63,38,1012.8078,1.8286,0.9801
63,39,762.0033,1.8286,1.9153
63,40,558.2951,1.8286,1.9355
63,41,563.9816,1.8286,1.9545
63,42,524.9085,1.8286,1.942
63,43,593.2386,1.8286,1.6682
63,44,455.1389,1.8286,1.8584
63,45,425.6722,1.8286,1.9003
63,46,394.9658,1.8286,1.863
63,47,382.4279,1.8286,0.9679
63,48,376.619,1.8286,1.9539
63,49,607.6149,1.8286,0.9633
63,50,545.189,1.8286,0.9514
63,51,507.7568,1.8286,0.9749
63,52,478.5801,1.8286,0.9811
63,53,435.2963,1.8286,0.9968
63,55,595.9499,1.8286,0.9909
63,56,1317.6067,1.8286,0.9797
63,57,965.8237,1.8286,1.9373
63,59,594.907,1.8286,2.9425
63,60,582.5641,1.8286,2.9455
63,61,563.9015,1.8286,2.9413
63,62,567.3171,1.8286,2.93
63,63,549.0281,1.8286,1.8286
64,1,41.3275,2.8732,0.9118
64,2,27.1595,2.8732,0.0
64,3,659.0924,2.8732,0.0
64,4,376.461,2.8732,0.0
64,5,251.8424,2.8732,0.0
64,6,169.3159,2.8732,0.0
64,7,117.9977,2.8732,0.0
64,8,89.1359,2.8732,0.0
64,9,67.403,2.8732,0.0
64,10,51.7756,2.8732,0.0
64,11,787.6187,2.8732,0.0
64,12,601.0384,2.8732,0.0
64,13,552.1545,2.8732,0.0
64,14,433.0662,2.8732,0.0
64,15,336.37,2.8732,0.0
64,16,278.4551,2.8732,0.0
64,17,226.9109,2.8732,0.0
64,18,185.2621,2.8732,0.0
64,19,1292.7733,2.8732,0.0
64,20,1059.7192,2.8732,0.0
64,21,874.1314,2.8732,0.0
64,22,842.884,2.8732,0.0
64,23,771.184,2.8732,0.0
64,24,607.3487,2.8732,0.0
64,25,663.1313,2.8732,0.0
64,26,520.2569,2.8732,0.0
64,27,550.5045,2.8732,0.0
64,28,567.6026,2.8732,0.0
64,29,435.0829,2.8732,0.0
64,30,445.4982,2.8732,0.0
64,31,528.1305,2.8732,0.0
64,32,464.0671,2.8732,0.0
64,33,394.5033,2.8732,0.0
64,34,353.2521,2.8732,0.0
64,35,308.4763,2.8732,0.0
64,36,267.7464,2.8732,0.0
64,37,1447.936,2.8732,0.0
64,38,1262.8491,2.8732,0.0
64,39,1103.0742,2.8732,0.0
64,40,989.594,2.8732,0.0
64,41,901.2747,2.8732,0.0
64,42,694.2958,2.8732,0.0
64,43,775.2973,2.8732,0.0
64,44,589.2413,2.8732,0.0
64,45,644.1313,2.8732,0.0
64,46,596.8654,2.8732,0.0
64,47,497.841,2.8732,0.0
64,48,525.4121,2.8732,0.0
64,49,660.9815,2.8732,0.0
64,50,609.4014,2.8732,0.0
64,51,541.46,2.8732,0.0
64,52,501.4441,2.8732,0.0
64,53,452.4916,2.8732,0.0
64,54,406.0479,2.8732,0.0
64,55,1763.6917,2.8732,0.0
64,56,1611.3765,2.8732,0.0
64,57,1411.6458,2.8732,0.0
64,58,639.997,2.8732,2.7991
64,59,1426.3405,2.8732,0.0
64,60,1368.9945,2.8732,0.0
64,61,1334.4823,2.8732,0.0
64,62,1302.7626,2.8732,0.0
64,63,1274.6283,2.8732,0.0
64,64,999.0617,2.8732,0.0
64,65,1130.031,2.8732,0.0
64,66,1089.2614,2.8732,0.0
64,67,1148.8304,2.8732,0.0
64,68,1124.3657,2.8732,0.0
64,69,1102.2614,2.8732,0.0
64,70,1089.52,2.8732,0.0
64,71,915.938,2.8732,0.0
64,72,898.128,2.8732,0.0
64,73,818.1189,2.8732,0.0
64,74,689.7737,2.8732,0.0
64,75,701.2413,2.8732,0.0
64,76,634.517,2.8732,0.0
64,77,580.3452,2.8732,0.0
64,78,481.4012,2.8732,0.0
64,79,449.5181,2.8732,0.0
64,80,462.164,2.8732,0.0
64,81,678.0494,2.8732,0.0
64,82,661.4365,2.8732,0.0
64,83,606.1609,2.8732,0.0
64,84,577.2115,2.8732,0.0
64,85,531.695,2.8732,0.0
64,86,486.4812,2.8732,0.0
64,87,1661.5027,2.8732,0.0
64,88,1591.002,2.8732,0.0
64,89,1402.619,2.8732,0.0
64,90,1256.5351,2.8732,0.0
64,91,1249.4197,2.8732,0.0
64,92,1209.6721,2.8732,0.0
64,93,1247.875,2.8732,0.0
64,94,1208.0168,2.8732,0.0
64,1,66.8235,2.8732,0.0
64,3,218.6195,2.8732,0.9865
64,4,278.508,2.8732,0.9808
64,5,211.5485,2.8732,0.9706
64,6,158.8301,2.8732,0.9868
64,7,110.0265,2.8732,0.9944
64,8,79.8949,2.8732,0.9925
64,9,54.76,2.8732,0.9982
64,11,319.9572,2.8732,0.9684
64,12,495.1147,2.8732,0.9628
64,13,499.982,2.8732,0.9648
64,14,399.9816,2.8732,0.9507
64,15,326.4592,2.8732,0.9947
64,16,275.4054,2.8732,0.9948
64,17,224.5698,2.8732,0.9972
64,19,439.9765,2.8732,0.9767
64,20,847.4486,2.8732,0.9831
64,21,438.555,2.8732,1.8627
64,22,423.3069,2.8732,1.8299
64,23,414.8741,2.8732,1.9138
64,24,411.223,2.8732,1.8269
64,25,377.5747,2.8732,1.6406
64,26,349.2095,2.8732,1.6483
64,27,333.124,2.8732,1.7149
64,28,325.7328,2.8732,1.7937
64,29,322.3728,2.8732,0.9576
64,30,301.5583,2.8732,1.9419
64,31,495.5668,2.8732,0.9601
64,32,433.7675,2.8732,0.9434
64,33,387.7336,2.8732,0.9889
64,34,353.3989,2.8732,0.9901
64,35,310.6569,2.8732,0.9974
64,37,524.5374,2.8732,0.9738
64,38,1031.5808,2.8732,0.9801
64,39,784.0479,2.8732,1.9153
64,40,580.1629,2.8732,1.9355
64,41,585.9401,2.8732,1.9545
64,42,545.9255,2.8732,1.942
64,43,613.9817,2.8732,1.6682
64,44,474.859,2.8732,1.8584
64,45,444.1417,2.8732,1.9003
64,46,412.2532,2.8732,1.863
64,47,398.9285,2.8732,0.9679
64,48,394.0161,2.8732,1.9539
64,49,629.3894,2.8732,0.9633
64,50,567.6368,2.8732,0.9514
64,51,530.4464,2.8732,0.9749
64,52,501.0205,2.8732,0.9811
64,53,456.7532,2.8732,0.9968
64,55,618.8508,2.8732,0.9909
64,56,1339.029,2.8732,0.9797
64,57,992.8293,2.8732,1.9373
64,59,620.5881,2.8732,2.9425
64,60,607.734,2.8732,2.9455
64,61,588.3813,2.8732,2.9413
64,62,591.5368,2.8732,2.93
64,63,571.045,2.8732,1.8286
64,64,595.3628,2.8732,2.8732
65,1,38.915,2.9086,0.9118
65,2,25.6695,2.9086,0.0
65,3,612.8166,2.9086,0.0
65,4,352.0753,2.9086,0.0
65,5,236.2659,2.9086,0.0
65,6,159.2422,2.9086,0.0
65,7,111.2043,2.9086,0.0
65,8,84.1363,2.9086,0.0
65,9,63.7152,2.9086,0.0
65,10,49.005,2.9086,0.0
65,11,732.6457,2.9086,0.0
65,12,561.5991,2.9086,0.0
65,13,516.7263,2.9086,0.0
65,14,406.1522,2.9086,0.0
65,15,316.0555,2.9086,0.0
65,16,261.9772,2.9086,0.0
65,17,213.7617,2.9086,0.0
65,18,174.738,2.9086,0.0
65,19,1201.3307,2.9086,0.0
65,20,988.5095,2.9086,0.0
65,21,816.0391,2.9086,0.0
65,22,787.4378,2.9086,0.0
65,23,720.7679,2.9086,0.0
65,24,567.7536,2.9086,0.0
65,25,620.1711,2.9086,0.0
65,26,486.6971,2.9086,0.0
65,27,515.3839,2.9086,0.0
65,28,531.1595,2.9086,0.0
65,29,407.2414,2.9086,0.0
65,30,417.4763,2.9086,0.0
65,31,494.617,2.9086,0.0
65,32,435.3339,2.9086,0.0
65,33,370.6421,2.9086,0.0
65,34,332.2173,2.9086,0.0
65,35,290.4179,2.9086,0.0
65,36,252.3325,2.9086,0.0
65,37,1345.9552,2.9086,0.0
65,38,1177.8523,2.9086,0.0
65,39,1030.2577,2.9086,0.0
65,40,925.073,2.9086,0.0
65,41,843.0014,2.9086,0.0
65,42,650.1095,2.9086,0.0
65,43,725.656,2.9086,0.0
65,44,552.1793,2.9086,0.0
65,45,603.5669,2.9086,0.0
65,46,559.4921,2.9086,0.0
65,47,466.6597,2.9086,0.0
65,48,492.7625,2.9086,0.0
65,49,619.1366,2.9086,0.0
65,50,571.5751,2.9086,0.0
65,51,508.5171,2.9086,0.0
65,52,471.3194,2.9086,0.0
65,53,425.6942,2.9086,0.0
65,54,382.3429,2.9086,0.0
65,55,1639.3995,2.9086,0.0
65,56,1502.1922,2.9086,0.0
65,57,1317.8387,2.9086,0.0
65,58,600.9518,2.9086,2.7991
65,59,1330.381,2.9086,0.0
65,60,1277.2241,2.9086,0.0
65,61,1245.1109,2.9086,0.0
65,62,1215.5853,2.9086,0.0
65,63,1189.3991,2.9086,0.0
65,64,933.7228,2.9086,0.0
65,65,1053.6587,2.9086,0.0
65,66,1015.884,2.9086,0.0
65,67,1072.3978,2.9086,0.0
65,68,1049.5999,2.9086,0.0
65,69,1029.0199,2.9086,0.0
65,70,1017.0572,2.9086,0.0
65,71,855.9031,2.9086,0.0
65,72,840.3884,2.9086,0.0
65,73,766.1883,2.9086,0.0
65,74,646.4749,2.9086,0.0
65,75,657.4249,2.9086,0.0
65,76,595.3271,2.9086,0.0
65,77,544.8458,2.9086,0.0
65,78,452.3075,2.9086,0.0
65,79,422.4876,2.9086,0.0
65,80,434.4639,2.9086,0.0
65,81,635.4277,2.9086,0.0
65,82,620.4877,2.9086,0.0
65,83,569.2956,2.9086,0.0
65,84,542.4756,2.9086,0.0
65,85,500.1207,2.9086,0.0
65,86,457.9588,2.9086,0.0
65,87,1546.3042,2.9086,0.0
65,88,1484.2932,2.9086,0.0
65,89,1310.2595,2.9086,0.0
65,90,1175.552,2.9086,0.0
65,91,1168.1093,2.9086,0.0
65,92,1131.0127,2.9086,0.0
65,93,1165.7289,2.9086,0.0
65,94,1128.685,2.9086,0.0
65,1,62.7971,2.9086,0.0
65,3,204.5514,2.9086,0.9865
65,4,260.7245,2.9086,0.9808
65,5,198.6025,2.9086,0.9706
65,6,149.3811,2.9086,0.9868
65,7,103.7034,2.9086,0.9944
65,8,75.4465,2.9086,0.9925
65,9,51.8414,2.9086,0.9982
65,11,299.2468,2.9086,0.9684
65,12,462.8827,2.9086,0.9628
65,13,468.0868,2.9086,0.9648
65,14,375.2459,2.9086,0.9507
65,15,306.7678,2.9086,0.9947
65,16,259.1043,2.9086,0.9948
65,17,211.5547,2.9086,0.9972
65,19,412.0655,2.9086,0.9767
65,20,790.5227,2.9086,0.9831
65,21,411.3969,2.9086,1.8627
65,22,397.119,2.9086,1.8299
65,23,389.208,2.9086,1.9138
65,24,385.7107,2.9086,1.8269
65,25,354.494,2.9086,1.6406
65,26,327.9705,2.9086,1.6483
65,27,312.8735,2.9086,1.7149
65,28,305.9112,2.9086,1.7937
65,29,302.5447,2.9086,0.9576
65,30,283.3765,2.9086,1.9419
65,31,464.3202,2.9086,0.9601
65,32,407.0718,2.9086,0.9434
65,33,364.3169,2.9086,0.9889
65,34,332.3519,2.9086,0.9901
65,35,292.4564,2.9086,0.9974
65,37,491.4621,2.9086,0.9738
65,38,962.0972,2.9086,0.9801
65,39,733.2622,2.9086,1.9153
65,40,544.1619,2.9086,1.9355
65,41,549.595,2.9086,1.9545
65,42,512.2607,2.9086,1.942
65,43,575.3515,2.9086,1.6682
65,44,446.041,2.9086,1.8584
65,45,417.252,2.9086,1.9003
65,46,387.3909,2.9086,1.863
65,47,374.8322,2.9086,0.9679
65,48,370.4592,2.9086,1.9539
65,49,589.83,2.9086,0.9633
65,50,532.6855,2.9086,0.9514
65,51,498.263,2.9086,0.9749
65,52,470.9435,2.9086,0.9811
65,53,429.6945,2.9086,0.9968
65,55,580.3841,2.9086,0.9909
65,56,1248.0182,2.9086,0.9797
65,57,928.2705,2.9086,1.9373
65,59,582.7773,2.9086,2.9425
65,60,570.7175,2.9086,2.9455
65,61,552.5843,2.9086,2.9413
65,62,555.4295,2.9086,2.93
65,63,535.876,2.9086,1.8286
65,64,558.9762,2.9086,2.8732
65,65,524.9195,2.9086,2.9086
66,1,39.3967,2.8965,0.9118
66,2,25.8658,2.8965,0.0
66,3,638.485,2.8965,0.0
66,4,361.1822,2.8965,0.0
66,5,240.7836,2.8965,0.0
66,6,161.5691,2.8965,0.0
66,7,112.4836,2.8965,0.0
66,8,84.9288,2.8965,0.0
66,9,64.2056,2.8965,0.0
66,10,49.3166,2.8965,0.0
66,11,762.5439,2.8965,0.0
66,12,577.4805,2.8965,0.0
66,13,529.4209,2.8965,0.0
66,14,414.1717,2.8965,0.0
66,15,321.1363,2.8965,0.0
66,16,265.6124,2.8965,0.0
66,17,216.294,2.8965,0.0
66,18,176.5117,2.8965,0.0
66,19,1255.3434,2.8965,0.0
66,20,1021.3342,2.8965,0.0
66,21,841.3784,2.8965,0.0
66,22,810.5712,2.8965,0.0
66,23,741.1995,2.8965,0.0
66,24,583.8816,2.8965,0.0
66,25,636.8428,2.8965,0.0
66,26,499.7029,2.8965,0.0
66,27,527.9435,2.8965,0.0
66,28,544.6244,2.8965,0.0
66,29,417.6349,2.8965,0.0
66,30,426.7546,2.8965,0.0
66,31,506.1315,2.8965,0.0
66,32,443.8226,2.8965,0.0
66,33,376.7249,2.8965,0.0
66,34,337.0758,2.8965,0.0
66,35,294.151,2.8965,0.0
66,36,255.1809,2.8965,0.0
66,37,1405.6043,2.8965,0.0
66,38,1217.6072,2.8965,0.0
66,39,1061.3052,2.8965,0.0
66,40,950.9922,2.8965,0.0
66,41,865.5324,2.8965,0.0
66,42,666.0895,2.8965,0.0
66,43,744.0872,2.8965,0.0
66,44,564.8984,2.8965,0.0
66,45,617.3535,2.8965,0.0
66,46,571.8202,2.8965,0.0
66,47,477.2912,2.8965,0.0
66,48,503.1205,2.8965,0.0
66,49,633.7493,2.8965,0.0
66,50,583.213,2.8965,0.0
66,51,517.4288,2.8965,0.0
66,52,478.8244,2.8965,0.0
66,53,431.7667,2.8965,0.0
66,54,387.2187,2.8965,0.0
66,55,1712.883,2.8965,0.0
66,56,1555.212,2.8965,0.0
66,57,1359.3802,2.8965,0.0
66,58,611.8361,2.8965,2.7991
66,59,1375.8472,2.8965,0.0
66,60,1319.7747,2.8965,0.0
66,61,1286.3433,2.8965,0.0
66,62,1255.6329,2.8965,0.0
66,63,1228.3897,2.8965,0.0
66,64,960.8995,2.8965,0.0
66,65,1091.3776,2.8965,0.0
66,66,1051.8609,2.8965,0.0
66,67,1106.474,2.8965,0.0
66,68,1082.8259,2.8965,0.0
66,69,1061.4329,2.8965,0.0
66,70,1049.244,2.8965,0.0
66,71,881.0613,2.8965,0.0
66,72,861.9439,2.8965,0.0
66,73,784.3347,2.8965,0.0
66,74,660.9578,2.8965,0.0
66,75,671.6274,2.8965,0.0
66,76,607.2319,2.8965,0.0
66,77,555.0584,2.8965,0.0
66,78,460.2517,2.8965,0.0
66,79,429.7027,2.8965,0.0
66,80,441.5957,2.8965,0.0
66,81,650.0913,2.8965,0.0
66,82,633.1471,2.8965,0.0
66,83,579.4185,2.8965,0.0
66,84,551.3547,2.8965,0.0
66,85,507.4938,2.8965,0.0
66,86,464.0615,2.8965,0.0
66,87,1609.9709,2.8965,0.0
66,88,1533.8391,2.8965,0.0
66,89,1349.4846,2.8965,0.0
66,90,1206.5102,2.8965,0.0
66,91,1201.1049,2.8965,0.0
66,92,1162.8261,2.8965,0.0
66,93,1201.0327,2.8965,0.0
66,94,1162.3643,2.8965,0.0
66,1,63.7816,2.8965,0.0
66,3,209.6685,2.8965,0.9865
66,4,266.9922,2.8965,0.9808
66,5,202.1595,2.8965,0.9706
66,6,151.5963,2.8965,0.9868
66,7,104.8991,2.8965,0.9944
66,8,76.1209,2.8965,0.9925
66,9,52.1454,2.8965,0.9982
66,11,307.1464,2.8965,0.9684
66,12,475.4827,2.8965,0.9628
66,13,479.1923,2.8965,0.9648
66,14,382.4286,2.8965,0.9507
66,15,311.6696,2.8965,0.9947
66,16,262.7163,2.8965,0.9948
66,17,214.0702,2.8965,0.9972
66,19,422.0535,2.8965,0.9767
66,20,817.4261,2.8965,0.9831
66,21,419.5774,2.8965,1.8627
66,22,405.0758,2.8965,1.8299
66,23,397.018,2.8965,1.9138
66,24,393.6386,2.8965,1.8269
66,25,360.9437,2.8965,1.6406
66,26,333.7444,2.8965,1.6483
66,27,318.401,2.8965,1.7149
66,28,311.3689,2.8965,1.7937
66,29,308.4467,2.8965,0.9576
66,30,288.0409,2.8965,1.9419
66,31,474.6781,2.8965,0.9601
66,32,414.6873,2.8965,0.9434
66,33,370.2368,2.8965,0.9889
66,34,337.2239,2.8965,0.9901
66,35,296.2434,2.8965,0.9974
66,37,503.0095,2.8965,0.9738
66,38,995.6332,2.8965,0.9801
66,39,753.6872,2.8965,1.9153
66,40,555.3166,2.8965,1.9355
66,41,560.7912,2.8965,1.9545
66,42,522.4406,2.8965,1.942
66,43,588.6854,2.8965,1.6682
66,44,453.9296,2.8965,1.8584
66,45,424.5778,2.8965,1.9003
66,46,394.0563,2.8965,1.863
66,47,381.3842,2.8965,0.9679
66,48,376.3121,2.8965,1.9539
66,49,603.0805,2.8965,0.9633
66,50,542.9404,2.8965,0.9514
66,51,506.8159,2.8965,0.9749
66,52,478.3961,2.8965,0.9811
66,53,435.8349,2.8965,0.9968
66,55,592.5973,2.8965,0.9909
66,56,1294.3501,2.8965,0.9797
66,57,954.9829,2.8965,1.9373
66,59,593.2406,2.8965,2.9425
66,60,580.9422,2.8965,2.9455
66,61,562.4103,2.8965,2.9413
66,62,565.5841,2.8965,2.93
66,63,546.4196,2.8965,1.8286
66,64,569.2318,2.8965,2.8732
66,65,534.348,2.8965,2.9086
66,66,544.4356,2.8965,2.8965
67,1,37.0295,2.9242,0.9118
67,2,24.4806,2.9242,0.0
67,3,575.7499,2.9242,0.0
67,4,332.8646,2.9242,0.0
67,5,224.0856,2.9242,0.0
67,6,151.3607,2.9242,0.0
67,7,105.8582,2.9242,0.0
67,8,80.1704,2.9242,0.0
67,9,60.7598,2.9242,0.0
67,10,46.7595,2.9242,0.0
67,11,688.591,2.9242,0.0
67,12,530.387,2.9242,0.0
67,13,488.8472,2.9242,0.0
67,14,385.0952,2.9242,0.0
67,15,300.1974,2.9242,0.0
67,16,249.0984,2.9242,0.0
67,17,203.4529,2.9242,0.0
67,18,166.4466,2.9242,0.0
67,19,1127.948,2.9242,0.0
67,20,931.7443,2.9242,0.0
67,21,769.8336,2.9242,0.0
67,22,743.4069,2.9242,0.0
67,23,680.7697,2.9242,0.0
67,24,536.2731,2.9242,0.0
67,25,586.1315,2.9242,0.0
67,26,460.0415,2.9242,0.0
67,27,487.6202,2.9242,0.0
67,28,502.3206,2.9242,0.0
67,29,385.1327,2.9242,0.0
67,30,395.3654,2.9242,0.0
67,31,468.2277,2.9242,0.0
67,32,412.8162,2.9242,0.0
67,33,351.9875,2.9242,0.0
67,34,315.7701,2.9242,0.0
67,35,276.2768,2.9242,0.0
67,36,240.2275,2.9242,0.0
67,37,1264.1518,2.9242,0.0
67,38,1110.0442,2.9242,0.0
67,39,972.3864,2.9242,0.0
67,40,873.8994,2.9242,0.0
67,41,796.8327,2.9242,0.0
67,42,615.1052,2.9242,0.0
67,43,686.3381,2.9242,0.0
67,44,522.8164,2.9242,0.0
67,45,571.4828,2.9242,0.0
67,46,529.9388,2.9242,0.0
67,47,441.8976,2.9242,0.0
67,48,466.9433,2.9242,0.0
67,49,586.0395,2.9242,0.0
67,50,541.791,2.9242,0.0
67,51,482.6582,2.9242,0.0
67,52,447.696,2.9242,0.0
67,53,404.6813,2.9242,0.0
67,54,363.736,2.9242,0.0
67,55,1539.8453,2.9242,0.0
67,56,1414.9943,2.9242,0.0
67,57,1243.1883,2.9242,0.0
67,58,570.2451,2.9242,2.7991
67,59,1253.7691,2.9242,0.0
67,60,1203.9727,2.9242,0.0
67,61,1173.7842,2.9242,0.0
67,62,1146.0194,2.9242,0.0
67,63,1121.3978,2.9242,0.0
67,64,881.7549,2.9242,0.0
67,65,992.6267,2.9242,0.0
67,66,957.3153,2.9242,0.0
67,67,1011.4677,2.9242,0.0
67,68,990.007,2.9242,0.0
67,69,970.6528,2.9242,0.0
67,70,959.3058,2.9242,0.0
67,71,808.1903,2.9242,0.0
67,72,794.7163,2.9242,0.0
67,73,725.1773,2.9242,0.0
67,74,612.264,2.9242,0.0
67,75,622.8462,2.9242,0.0
67,76,564.422,2.9242,0.0
67,77,516.8575,2.9242,0.0
67,78,429.317,2.9242,0.0
67,79,401.1039,2.9242,0.0
67,80,412.5907,2.9242,0.0
67,81,601.6516,2.9242,0.0
67,82,588.1615,2.9242,0.0
67,83,540.2841,2.9242,0.0
67,84,515.1762,2.9242,0.0
67,85,475.3226,2.9242,0.0
67,86,435.5489,2.9242,0.0
67,87,1454.1544,2.9242,0.0
67,88,1399.2062,2.9242,0.0
67,89,1236.8406,2.9242,0.0
67,90,1111.3608,2.9242,0.0
67,91,1103.4821,2.9242,0.0
67,92,1068.4783,2.9242,0.0
67,93,1100.2364,2.9242,0.0
67,94,1065.4625,2.9242,0.0
67,1,59.6586,2.9242,0.0
67,3,193.4738,2.9242,0.9865
67,4,246.7464,2.9242,0.9808
67,5,188.4765,2.9242,0.9706
67,6,141.9797,2.9242,0.9868
67,7,98.7212,2.9242,0.9944
67,8,71.9104,2.9242,0.9925
67,9,49.4793,2.9242,0.9982
67,11,282.8651,2.9242,0.9684
67,12,437.4255,2.9242,0.9628
67,13,443.0078,2.9242,0.9648
67,14,355.8982,2.9242,0.9507
67,15,291.3907,2.9242,0.9947
67,16,246.3593,2.9242,0.9948
67,17,201.3478,2.9242,0.9972
67,19,389.9518,2.9242,0.9767
67,20,745.1781,2.9242,0.9831
67,21,390.0277,2.9242,1.8627
67,22,376.5089,2.9242,1.8299
67,23,368.9941,2.9242,1.9138
67,24,365.5972,2.9242,1.8269
67,25,336.3582,2.9242,1.6406
67,26,311.2798,2.9242,1.6483
67,27,296.9473,2.9242,1.7149
67,28,290.3139,2.9242,1.7937
67,29,286.8927,2.9242,0.9576
67,30,269.0965,2.9242,1.9419
67,31,439.7399,2.9242,0.9601
67,32,386.1634,2.9242,0.9434
67,33,346.0085,2.9242,0.9889
67,34,315.8929,2.9242,0.9901
67,35,278.2032,2.9242,0.9974
67,37,465.2606,2.9242,0.9738
67,38,906.7106,2.9242,0.9801
67,39,693.0607,2.9242,1.9153
67,40,515.8086,2.9242,1.9355
67,41,520.938,2.9242,1.9545
67,42,485.7214,2.9242,1.942
67,43,544.7906,2.9242,1.6682
67,44,423.3418,2.9242,1.8584
67,45,396.0475,2.9242,1.9003
67,46,367.7646,2.9242,1.863
67,47,355.7893,2.9242,0.9679
67,48,351.9076,2.9242,1.9539
67,49,558.5785,2.9242,0.9633
67,50,505.1927,2.9242,0.9514
67,51,473.0076,2.9242,0.9749
67,52,447.3606,2.9242,0.9811
67,53,408.4793,2.9242,0.9968
67,55,550.0548,2.9242,0.9909
67,56,1175.4332,2.9242,0.9797
67,57,877.1478,2.9242,1.9373
67,59,553.0414,2.9242,2.9425
67,60,541.6048,2.9242,2.9455
67,61,524.431,2.9242,2.9413
67,62,527.0243,2.9242,2.93
67,63,508.1297,2.9242,1.8286
67,64,530.3616,2.9242,2.8732
67,65,498.1319,2.9242,2.9086
67,66,506.8895,2.9242,2.8965
67,67,472.795,2.9242,2.9242
68,1,36.0084,2.9282,0.9118
68,2,23.8289,2.9282,0.0
68,3,557.2454,2.9282,0.0
68,4,322.884,2.9282,0.0
68,5,217.6279,2.9282,0.0
68,6,147.1244,2.9282,0.0
68,7,102.9588,2.9282,0.0
68,8,78.0079,2.9282,0.0
68,9,59.1423,2.9282,0.0
68,10,45.5279,2.9282,0.0
68,11,666.5534,2.9282,0.0
68,12,514.2872,2.9282,0.0
68,13,474.3095,2.9282,0.0
68,14,373.954,2.9282,0.0
68,15,291.71,2.9282,0.0
68,16,242.1588,2.9282,0.0
68,17,197.8642,2.9282,0.0
68,18,161.93,2.9282,0.0
68,19,1091.5091,2.9282,0.0
68,20,902.8445,2.9282,0.0
68,21,746.181,2.9282,0.0
68,22,720.7667,2.9282,0.0
68,23,660.1463,2.9282,0.0
68,24,520.0492,2.9282,0.0
68,25,568.5111,2.9282,0.0
68,26,446.2432,2.9282,0.0
68,27,473.1486,2.9282,0.0
68,28,487.3312,2.9282,0.0
68,29,373.6528,2.9282,0.0
68,30,383.7696,2.9282,0.0
68,31,454.4189,2.9282,0.0
68,32,400.8971,2.9282,0.0
68,33,342.017,2.9282,0.0
68,34,306.93,2.9282,0.0
68,35,268.6347,2.9282,0.0
68,36,233.6551,2.9282,0.0
68,37,1223.4668,2.9282,0.0
68,38,1075.5659,2.9282,0.0
68,39,942.6854,2.9282,0.0
68,40,847.4869,2.9282,0.0
68,41,772.9187,2.9282,0.0
68,42,596.8707,2.9282,0.0
68,43,665.8997,2.9282,0.0
68,44,507.4568,2.9282,0.0
68,45,554.6882,2.9282,0.0
68,46,514.4346,2.9282,0.0
68,47,428.9424,2.9282,0.0
68,48,453.3608,2.9282,0.0
68,49,568.7508,2.9282,0.0
68,50,526.0806,2.9282,0.0
68,51,468.8968,2.9282,0.0
68,52,435.0603,2.9282,0.0
68,53,393.3829,2.9282,0.0
68,54,353.6841,2.9282,0.0
68,55,1490.3329,2.9282,0.0
68,56,1370.812,2.9282,0.0
68,57,1205.0073,2.9282,0.0
68,58,553.9356,2.9282,2.7991
68,59,1214.841,2.9282,0.0
68,60,1166.6903,2.9282,0.0
68,61,1137.4645,2.9282,0.0
68,62,1110.5819,2.9282,0.0
68,63,1086.7437,2.9282,0.0
68,64,855.0138,2.9282,0.0
68,65,961.7148,2.9282,0.0
68,66,927.6008,2.9282,0.0
68,67,980.3403,2.9282,0.0
68,68,959.5536,2.9282,0.0
68,69,940.814,2.9282,0.0
68,70,929.7929,2.9282,0.0
68,71,783.6461,2.9282,0.0
68,72,770.9874,2.9282,0.0
68,73,703.7521,2.9282,0.0
68,74,594.328,2.9282,0.0
68,75,604.6739,2.9282,0.0
68,76,548.1047,2.9282,0.0
68,77,502.0262,2.9282,0.0
68,78,417.0965,2.9282,0.0
68,79,389.7237,2.9282,0.0
68,80,400.9238,2.9282,0.0
68,81,583.9861,2.9282,0.0
68,82,571.1195,2.9282,0.0
68,83,524.8641,2.9282,0.0
68,84,500.6005,2.9282,0.0
68,85,462.0138,2.9282,0.0
68,86,423.4681,2.9282,0.0
68,87,1407.9944,2.9282,0.0
68,88,1355.8908,2.9282,0.0
68,89,1199.1383,2.9282,0.0
68,90,1078.0836,2.9282,0.0
68,91,1070.154,2.9282,0.0
68,92,1036.2222,2.9282,0.0
68,93,1066.656,2.9282,0.0
68,94,1033.009,2.9282,0.0
68,1,57.976,2.9282,0.0
68,3,187.705,2.9282,0.9865
68,4,239.4431,2.9282,0.9808
68,5,183.0885,2.9282,0.9706
68,6,138.0041,2.9282,0.9868
68,7,96.0193,2.9282,0.9944
68,8,69.9791,2.9282,0.9925
68,9,48.1805,2.9282,0.9982
68,11,274.3732,2.9282,0.9684
68,12,424.2493,2.9282,0.9628
68,13,429.8982,2.9282,0.9648
68,14,345.6425,2.9282,0.9507
68,15,283.1587,2.9282,0.9947
68,16,239.4936,2.9282,0.9948
68,17,195.8155,2.9282,0.9972
68,19,378.4205,2.9282,0.9767
68,20,722.1111,2.9282,0.9831
68,21,378.7408,2.9282,1.8627
68,22,365.6231,2.9282,1.8299
68,23,358.3213,2.9282,1.9138
68,24,354.9945,2.9282,1.8269
68,25,326.7279,2.9282,1.6406
68,26,302.4017,2.9282,1.6483
68,27,288.4783,2.9282,1.7149
68,28,282.0254,2.9282,1.7937
68,29,278.6211,2.9282,0.9576
68,30,261.4745,2.9282,1.9419
68,31,426.8411,2.9282,0.9601
68,32,375.0691,2.9282,0.9434
68,33,336.2183,2.9282,0.9889
68,34,307.0478,2.9282,0.9901
68,35,270.503,2.9282,0.9974
68,37,451.5684,2.9282,0.9738
68,38,878.5837,2.9282,0.9801
68,39,672.2671,2.9282,1.9153
68,40,500.8568,2.9282,1.9355
68,41,505.8297,2.9282,1.9545
68,42,471.7011,2.9282,1.942
68,43,528.8006,2.9282,1.6682
68,44,411.2731,2.9282,1.8584
68,45,384.7714,2.9282,1.9003
68,46,357.3192,2.9282,1.863
68,47,345.6658,2.9282,0.9679
68,48,341.9894,2.9282,1.9539
68,49,542.1999,2.9282,0.9633
68,50,490.6416,2.9282,0.9514
68,51,459.5521,2.9282,0.9749
68,52,434.7424,2.9282,0.9811
68,53,397.0728,2.9282,0.9968
68,55,534.0818,2.9282,0.9909
68,56,1138.7329,2.9282,0.9797
68,57,850.7547,2.9282,1.9373
68,59,537.2399,2.9282,2.9425
68,60,526.1331,2.9282,2.9455
68,61,509.4631,2.9282,2.9413
68,62,511.9439,2.9282,2.93
68,63,493.4684,2.9282,1.8286
68,64,515.1733,2.9282,2.8732
68,65,483.8982,2.9282,2.9086
68,66,492.338,2.9282,2.8965
68,67,459.3155,2.9282,2.9242
68,68,446.2314,2.9282,2.9282
69,1,35.748,2.9246,0.9118
69,2,23.6297,2.9246,0.0
69,3,555.2598,2.9246,0.0
69,4,321.2393,2.9246,0.0
69,5,216.3099,2.9246,0.0
69,6,146.1173,2.9246,0.0
69,7,102.1888,2.9246,0.0
69,8,77.3874,2.9246,0.0
69,9,58.6465,2.9246,0.0
69,10,45.1298,2.9246,0.0
69,11,664.0994,2.9246,0.0
69,12,511.8009,2.9246,0.0
69,13,471.7945,2.9246,0.0
69,14,371.7271,2.9246,0.0
69,15,289.8009,2.9246,0.0
69,16,240.474,2.9246,0.0
69,17,196.4062,2.9246,0.0
69,18,160.6761,2.9246,0.0
69,19,1087.697,2.9246,0.0
69,20,898.8634,2.9246,0.0
69,21,742.739,2.9246,0.0
69,22,717.2897,2.9246,0.0
69,23,656.8806,2.9246,0.0
69,24,517.4322,2.9246,0.0
69,25,565.5959,2.9246,0.0
69,26,443.9051,2.9246,0.0
69,27,470.582,2.9246,0.0
69,28,484.7511,2.9246,0.0
69,29,371.6376,2.9246,0.0
69,30,381.5809,2.9246,0.0
69,31,451.9002,2.9246,0.0
69,32,398.4787,2.9246,0.0
69,33,339.7906,2.9246,0.0
69,34,304.8342,2.9246,0.0
69,35,266.7093,2.9246,0.0
69,36,231.9047,2.9246,0.0
69,37,1219.0706,2.9246,0.0
69,38,1070.8351,2.9246,0.0
69,39,938.1873,2.9246,0.0
69,40,843.2361,2.9246,0.0
69,41,768.9101,2.9246,0.0
69,42,593.5778,2.9246,0.0
69,43,662.3109,2.9246,0.0
69,44,504.5373,2.9246,0.0
69,45,551.5239,2.9246,0.0
69,46,511.4434,2.9246,0.0
69,47,426.4375,2.9246,0.0
69,48,450.6589,2.9246,0.0
69,49,565.5647,2.9246,0.0
69,50,522.9356,2.9246,0.0
69,51,465.9059,2.9246,0.0
69,52,432.1732,2.9246,0.0
69,53,390.6589,2.9246,0.0
69,54,351.1344,2.9246,0.0
69,55,1484.9661,2.9246,0.0
69,56,1364.924,2.9246,0.0
69,57,1199.3874,2.9246,0.0
69,58,550.4264,2.9246,2.7991
69,59,1209.4663,2.9246,0.0
69,60,1161.4494,2.9246,0.0
69,61,1132.3365,2.9246,0.0
69,62,1105.5604,2.9246,0.0
69,63,1081.816,2.9246,0.0
69,64,850.7546,2.9246,0.0
69,65,957.4948,2.9246,0.0
69,66,923.4785,2.9246,0.0
69,67,975.8085,2.9246,0.0
69,68,955.1104,2.9246,0.0
69,69,936.4457,2.9246,0.0
69,70,925.4944,2.9246,0.0
69,71,779.7959,2.9246,0.0
69,72,766.9085,2.9246,0.0
69,73,699.8511,2.9246,0.0
69,74,590.889,2.9246,0.0
69,75,601.126,2.9246,0.0
69,76,544.7646,2.9246,0.0
69,77,498.8724,2.9246,0.0
69,78,414.3742,2.9246,0.0
69,79,387.1422,2.9246,0.0
69,80,398.2465,2.9246,0.0
69,81,580.6167,2.9246,0.0
69,82,567.6688,2.9246,0.0
69,83,521.5117,2.9246,0.0
69,84,497.2973,2.9246,0.0
69,85,458.8425,2.9246,0.0
69,86,420.4539,2.9246,0.0
69,87,1402.4613,2.9246,0.0
69,88,1349.7931,2.9246,0.0
69,89,1193.3412,2.9246,0.0
69,90,1072.4182,2.9246,0.0
69,91,1064.7199,2.9246,0.0
69,92,1030.9456,2.9246,0.0
69,93,1061.486,2.9246,0.0
69,94,1027.9565,2.9246,0.0
69,1,57.5937,2.9246,0.0
69,3,186.721,2.9246,0.9865
69,4,238.142,2.9246,0.9808
69,5,181.9383,2.9246,0.9706
69,6,137.0581,2.9246,0.9868
69,7,95.2979,2.9246,0.9944
69,8,69.4137,2.9246,0.9925
69,9,47.7551,2.9246,0.9982
69,11,272.9668,2.9246,0.9684
69,12,422.1177,2.9246,0.9628
69,13,427.5655,2.9246,0.9648
69,14,343.5475,2.9246,0.9507
69,15,281.2978,2.9246,0.9947
69,16,237.8283,2.9246,0.9948
69,17,194.3732,2.9246,0.9972
69,19,376.3047,2.9246,0.9767
69,20,718.8719,2.9246,0.9831
69,21,376.4552,2.9246,1.8627
69,22,363.4076,2.9246,1.8299
69,23,356.1503,2.9246,1.9138
69,24,352.8632,2.9246,1.8269
69,25,324.6761,2.9246,1.6406
69,26,300.4715,2.9246,1.6483
69,27,286.6332,2.9246,1.7149
69,28,280.2274,2.9246,1.7937
69,29,276.9038,2.9246,0.9576
69,30,259.7613,2.9246,1.9419
69,31,424.4203,2.9246,0.9601
69,32,372.7595,2.9246,0.9434
69,33,334.019,2.9246,0.9889
69,34,304.952,2.9246,0.9901
69,35,268.5684,2.9246,0.9974
69,37,448.984,2.9246,0.9738
69,38,874.6707,2.9246,0.9801
69,39,668.7656,2.9246,1.9153
69,40,497.8395,2.9246,1.9355
69,41,502.7808,2.9246,1.9545
69,42,468.8041,2.9246,1.942
69,43,525.7481,2.9246,1.6682
69,44,408.6237,2.9246,1.8584
69,45,382.2739,2.9246,1.9003
69,46,354.9728,2.9246,1.863
69,47,343.4086,2.9246,0.9679
69,48,339.6919,2.9246,1.9539
69,49,539.0868,2.9246,0.9633
69,50,487.6285,2.9246,0.9514
69,51,456.5948,2.9246,0.9749
69,52,431.8507,2.9246,0.9811
69,53,394.3257,2.9246,0.9968
69,55,530.8706,2.9246,0.9909
69,56,1133.8329,2.9246,0.9797
69,57,846.3794,2.9246,1.9373
69,59,533.8225,2.9246,2.9425
69,60,522.7836,2.9246,2.9455
69,61,506.2081,2.9246,2.9413
69,62,508.7048,2.9246,2.93
69,63,490.4334,2.9246,1.8286
69,64,511.9281,2.9246,2.8732
69,65,480.8218,2.9246,2.9086
69,66,489.2608,2.9246,2.8965
69,67,456.3728,2.9246,2.9242
69,68,443.3639,2.9246,2.9282
69,69,440.5228,2.9246,2.9246
70,1,37.3986,2.8482,0.9118
70,2,24.5435,2.8482,0.0
70,3,592.3651,2.8482,0.0
70,4,340.2385,2.8482,0.0
70,5,227.8802,2.8482,0.0
70,6,153.2146,2.8482,0.0
70,7,106.734,2.8482,0.0
70,8,80.5863,2.8482,0.0
70,9,60.9031,2.8482,0.0
70,10,46.7569,2.8482,0.0
70,11,708.0629,2.8482,0.0
70,12,542.7763,2.8482,0.0
70,13,499.1071,2.8482,0.0
70,14,391.8451,2.8482,0.0
70,15,304.446,2.8482,0.0
70,16,251.9975,2.8482,0.0
70,17,205.2969,2.8482,0.0
70,18,167.5526,2.8482,0.0
70,19,1160.0767,2.8482,0.0
70,20,955.0787,2.8482,0.0
70,21,788.4325,2.8482,0.0
70,22,760.5639,2.8482,0.0
70,23,696.0633,2.8482,0.0
70,24,547.9588,2.8482,0.0
70,25,598.7622,2.8482,0.0
70,26,469.5788,2.8482,0.0
70,27,497.4063,2.8482,0.0
70,28,512.7473,2.8482,0.0
70,29,392.8083,2.8482,0.0
70,30,402.7269,2.8482,0.0
70,31,477.3755,2.8482,0.0
70,32,419.8297,2.8482,0.0
70,33,357.0217,2.8482,0.0
70,34,319.6852,2.8482,0.0
70,35,279.1274,2.8482,0.0
70,36,242.2147,2.8482,0.0
70,37,1299.4482,2.8482,0.0
70,38,1137.7525,2.8482,0.0
70,39,994.9869,2.8482,0.0
70,40,893.1595,2.8482,0.0
70,41,813.6798,2.8482,0.0
70,42,626.9602,2.8482,0.0
70,43,700.0676,2.8482,0.0
70,44,532.1955,2.8482,0.0
70,45,581.9866,2.8482,0.0
70,46,539.3652,2.8482,0.0
70,47,449.5606,2.8482,0.0
70,48,474.8773,2.8482,0.0
70,49,597.1466,2.8482,0.0
70,50,551.0566,2.8482,0.0
70,51,489.8686,2.8482,0.0
70,52,453.7243,2.8482,0.0
70,53,409.4407,2.8482,0.0
70,54,367.3841,2.8482,0.0
70,55,1582.55,2.8482,0.0
70,56,1450.7794,2.8482,0.0
70,57,1272.5822,2.8482,0.0
70,58,578.834,2.8482,2.7991
70,59,1284.6682,2.8482,0.0
70,60,1233.3365,2.8482,0.0
70,61,1202.3371,2.8482,0.0
70,62,1173.8392,2.8482,0.0
70,63,1148.5655,2.8482,0.0
70,64,901.121,2.8482,0.0
70,65,1016.9049,2.8482,0.0
70,66,980.4326,2.8482,0.0
70,67,1035.6,2.8482,0.0
70,68,1013.6038,2.8482,0.0
70,69,993.7415,2.8482,0.0
70,70,982.2266,2.8482,0.0
70,71,826.2851,2.8482,0.0
70,72,811.1571,2.8482,0.0
70,73,739.2221,2.8482,0.0
70,74,623.225,2.8482,0.0
70,75,633.7679,2.8482,0.0
70,76,573.6203,2.8482,0.0
70,77,524.734,2.8482,0.0
70,78,435.2009,2.8482,0.0
70,79,406.3595,2.8482,0.0
70,80,417.9202,2.8482,0.0
70,81,612.3722,2.8482,0.0
70,82,597.9109,2.8482,0.0
70,83,548.2614,2.8482,0.0
70,84,522.1794,2.8482,0.0
70,85,481.057,2.8482,0.0
70,86,440.142,2.8482,0.0
70,87,1492.467,2.8482,0.0
70,88,1433.264,2.8482,0.0
70,89,1265.0809,2.8482,0.0
70,90,1134.4175,2.8482,0.0
70,91,1127.2049,2.8482,0.0
70,92,1091.3656,2.8482,0.0
70,93,1125.1094,2.8482,0.0
70,94,1089.337,2.8482,0.0
70,1,60.4871,2.8482,0.0
70,3,197.5946,2.8482,0.9865
70,4,251.7223,2.8482,0.9808
70,5,191.4109,2.8482,0.9706
70,6,143.693,2.8482,0.9868
70,7,99.5059,2.8482,0.9944
70,8,72.2182,2.8482,0.9925
70,9,49.4502,2.8482,0.9982
70,11,289.0123,2.8482,0.9684
70,12,447.1652,2.8482,0.9628
70,13,452.0055,2.8482,0.9648
70,14,361.914,2.8482,0.9507
70,15,295.4611,2.8482,0.9947
70,16,249.2287,2.8482,0.9948
70,17,203.174,2.8482,0.9972
70,19,397.2856,2.8482,0.9767
70,20,763.2645,2.8482,0.9831
70,21,396.5845,2.8482,1.8627
70,22,382.7505,2.8482,1.8299
70,23,375.1083,2.8482,1.9138
70,24,371.7528,2.8482,1.8269
70,25,341.5632,2.8482,1.6406
70,26,315.9092,2.8482,1.6483
70,27,301.3273,2.8482,1.7149
70,28,294.6262,2.8482,1.7937
70,29,291.4639,2.8482,0.9576
70,30,272.8496,2.8482,1.9419
70,31,448.0328,2.8482,0.9601
70,32,392.4501,2.8482,0.9434
70,33,350.8906,2.8482,0.9889
70,34,319.8129,2.8482,0.9901
70,35,281.099,2.8482,0.9974
70,37,473.6474,2.8482,0.9738
70,38,928.7123,2.8482,0.9801
70,39,707.391,2.8482,1.9153
70,40,524.4245,2.8482,1.9355
70,41,529.6376,2.8482,1.9545
70,42,493.4814,2.8482,1.942
70,43,554.4782,2.8482,1.6682
70,44,429.4167,2.8482,1.8584
70,45,401.5942,2.8482,1.9003
70,46,372.7391,2.8482,1.863
70,47,360.6692,2.8482,0.9679
70,48,356.4206,2.8482,1.9539
70,49,568.7674,2.8482,0.9633
70,50,513.3804,2.8482,0.9514
70,51,479.9224,2.8482,0.9749
70,52,453.3459,2.8482,0.9811
70,53,413.3002,2.8482,0.9968
70,55,559.1868,2.8482,0.9909
70,56,1204.5119,2.8482,0.9797
70,57,895.4741,2.8482,1.9373
70,59,561.2873,2.8482,2.9425
70,60,549.6643,2.8482,2.9455
70,61,532.1653,2.8482,2.9413
70,62,534.9658,2.8482,2.93
70,63,516.2412,2.8482,1.8286
70,64,538.456,2.8482,2.8732
70,65,505.569,2.8482,2.9086
70,66,514.7303,2.8482,2.8965
70,67,479.732,2.8482,2.9242
70,68,466.0069,2.8482,2.9282
70,69,463.0696,2.8482,2.9246
70,70,487.0753,2.8482,2.8482
71,1,34.6012,2.9219,0.9118
71,2,22.8926,2.9219,0.0
71,3,533.4581,2.9219,0.0
71,4,309.8245,2.9219,0.0
71,5,209.0059,2.9219,0.0
71,6,141.3458,2.9219,0.0
71,7,98.9223,2.9219,0.0
71,8,74.9451,2.9219,0.0
71,9,56.8124,2.9219,0.0
71,10,43.7263,2.9219,0.0
71,11,638.1634,2.9219,0.0
71,12,493.2883,2.9219,0.0
71,13,455.196,2.9219,0.0
71,14,359.1141,2.9219,0.0
71,15,280.2406,2.9219,0.0
71,16,232.6687,2.9219,0.0
71,17,190.1219,2.9219,0.0
71,18,155.5916,2.9219,0.0
71,19,1044.4701,2.9219,0.0
71,20,865.2829,2.9219,0.0
71,21,715.3652,2.9219,0.0
71,22,691.1573,2.9219,0.0
71,23,633.1163,2.9219,0.0
71,24,498.7053,2.9219,0.0
71,25,545.3391,2.9219,0.0
71,26,428.0177,2.9219,0.0
71,27,454.0159,2.9219,0.0
71,28,467.5642,2.9219,0.0
71,29,358.4393,2.9219,0.0
71,30,368.352,2.9219,0.0
71,31,436.1455,2.9219,0.0
71,32,384.974,2.9219,0.0
71,33,328.5454,2.9219,0.0
71,34,294.8812,2.9219,0.0
71,35,258.1129,2.9219,0.0
71,36,224.511,2.9219,0.0
71,37,1170.84,2.9219,0.0
71,38,1030.7165,2.9219,0.0
71,39,903.8521,2.9219,0.0
71,40,812.8125,2.9219,0.0
71,41,741.4183,2.9219,0.0
71,42,572.6625,2.9219,0.0
71,43,638.8488,2.9219,0.0
71,44,486.9465,2.9219,0.0
71,45,532.3185,2.9219,0.0
71,46,493.7318,2.9219,0.0
71,47,411.5822,2.9219,0.0
71,48,435.1594,2.9219,0.0
71,49,545.7749,2.9219,0.0
71,50,505.0671,2.9219,0.0
71,51,450.3294,2.9219,0.0
71,52,417.9025,2.9219,0.0
71,53,377.9207,2.9219,0.0
71,54,339.8125,2.9219,0.0
71,55,1426.237,2.9219,0.0
71,56,1313.3618,2.9219,0.0
71,57,1155.1299,2.9219,0.0
71,58,531.9325,2.9219,2.7991
71,59,1164.0997,2.9219,0.0
71,60,1118.0647,2.9219,0.0
71,61,1090.0872,2.9219,0.0
71,62,1064.3505,2.9219,0.0
71,63,1041.5296,2.9219,0.0
71,64,819.8468,2.9219,0.0
71,65,921.3341,2.9219,0.0
71,66,888.7453,2.9219,0.0
71,67,939.6888,2.9219,0.0
71,68,919.7818,2.9219,0.0
71,69,901.8411,2.9219,0.0
71,70,891.2608,2.9219,0.0
71,71,751.4308,2.9219,0.0
71,72,739.6916,2.9219,0.0
71,73,675.3532,2.9219,0.0
71,74,570.3969,2.9219,0.0
71,75,580.3983,2.9219,0.0
71,76,526.1934,2.9219,0.0
71,77,482.0174,2.9219,0.0
71,78,400.4829,2.9219,0.0
71,79,374.2039,2.9219,0.0
71,80,385.0072,2.9219,0.0
71,81,560.376,2.9219,0.0
71,82,548.2519,2.9219,0.0
71,83,504.0254,2.9219,0.0
71,84,480.8059,2.9219,0.0
71,85,443.8157,2.9219,0.0
71,86,406.8304,2.9219,0.0
71,87,1348.0198,2.9219,0.0
71,88,1299.4057,2.9219,0.0
71,89,1149.7484,2.9219,0.0
71,90,1034.1669,2.9219,0.0
71,91,1026.2543,2.9219,0.0
71,92,993.7192,2.9219,0.0
71,93,1022.5738,2.9219,0.0
71,94,990.38,2.9219,0.0
71,1,55.7008,2.9219,0.0
71,3,180.1292,2.9219,0.9865
71,4,229.8095,2.9219,0.9808
71,5,175.8502,2.9219,0.9706
71,6,132.5755,2.9219,0.9868
71,7,92.2512,2.9219,0.9944
71,8,67.2308,2.9219,0.9925
71,9,46.2772,2.9219,0.9982
71,11,263.2219,2.9219,0.9684
71,12,406.9926,2.9219,0.9628
71,13,412.617,2.9219,0.9648
71,14,331.9451,2.9219,0.9507
71,15,272.0239,2.9219,0.9947
71,16,230.104,2.9219,0.9948
71,17,188.1509,2.9219,0.9972
71,19,363.0799,2.9219,0.9767
71,20,692.0083,2.9219,0.9831
71,21,363.6319,2.9219,1.8627
71,22,351.0309,2.9219,1.8299
71,23,344.0112,2.9219,1.9138
71,24,340.7898,2.9219,1.8269
71,25,313.7616,2.9219,1.6406
71,26,290.4145,2.9219,1.6483
71,27,277.0338,2.9219,1.7149
71,28,270.8278,2.9219,1.7937
71,29,267.4892,2.9219,0.9576
71,30,251.1407,2.9219,1.9419
71,31,409.7279,2.9219,0.9601
71,32,360.2034,2.9219,0.9434
71,33,322.9784,2.9219,0.9889
71,34,294.992,2.9219,0.9901
71,35,259.9055,2.9219,0.9974
71,37,433.2923,2.9219,0.9738
71,38,841.8543,2.9219,0.9801
71,39,644.8013,2.9219,1.9153
71,40,480.8236,2.9219,1.9355
71,41,485.5842,2.9219,1.9545
71,42,452.849,2.9219,1.942
71,43,507.4383,2.9219,1.6682
71,44,394.9305,2.9219,1.8584
71,45,369.4718,2.9219,1.9003
71,46,343.1104,2.9219,1.863
71,47,331.9016,2.9219,0.9679
71,48,328.4628,2.9219,1.9539
71,49,520.3763,2.9219,0.9633
71,50,471.1069,2.9219,0.9514
71,51,441.3725,2.9219,0.9749
71,52,417.6022,2.9219,0.9811
71,53,381.4663,2.9219,0.9968
71,55,512.6658,2.9219,0.9909
71,56,1090.8422,2.9219,0.9797
71,57,815.9104,2.9219,1.9373
71,59,515.9075,2.9219,2.9425
71,60,505.2428,2.9219,2.9455
71,61,489.2407,2.9219,2.9413
71,62,491.5959,2.9219,2.93
71,63,473.7482,2.9219,1.8286
71,64,494.7008,2.9219,2.8732
71,65,464.6828,2.9219,2.9086
71,66,472.7345,2.9219,2.8965
71,67,441.0999,2.9219,2.9242
71,68,428.5425,2.9219,2.9282
71,69,425.7852,2.9219,2.9246
71,70,447.5158,2.9219,2.8482
71,71,411.5665,2.9219,2.9219
72,1,45.3466,1.9254,0.9118
72,2,28.9986,1.9254,0.0
72,3,833.4475,1.9254,0.0
72,4,442.5636,1.9254,0.0
72,5,286.2831,1.9254,0.0
72,6,187.9882,1.9254,0.0
72,7,128.7982,1.9254,0.0
72,8,96.1424,1.9254,0.0
72,9,71.9597,1.9254,0.0
72,10,54.8167,1.9254,0.0
72,11,991.3402,1.9254,0.0
72,12,714.7572,1.9254,0.0
72,13,644.9282,1.9254,0.0
72,14,493.848,1.9254,0.0
72,15,376.4065,1.9254,0.0
72,16,307.9813,1.9254,0.0
72,17,248.2122,1.9254,0.0
72,18,200.7343,1.9254,0.0
72,19,1653.9476,1.9254,0.0
72,20,1289.465,1.9254,0.0
72,21,1053.0789,1.9254,0.0
72,22,1007.3778,1.9254,0.0
72,23,917.1452,1.9254,0.0
72,24,722.3849,1.9254,0.0
72,25,783.0802,1.9254,0.0
72,26,613.7862,1.9254,0.0
72,27,642.1929,1.9254,0.0
72,28,665.3265,1.9254,0.0
72,29,510.2862,1.9254,0.0
72,30,514.1902,1.9254,0.0
72,31,612.8702,1.9254,0.0
72,32,528.4721,1.9254,0.0
72,33,442.187,1.9254,0.0
72,34,392.2456,1.9254,0.0
72,35,339.2853,1.9254,0.0
72,36,291.9645,1.9254,0.0
72,37,1846.9699,1.9254,0.0
72,38,1540.3424,1.9254,0.0
72,39,1323.0311,1.9254,0.0
72,40,1175.0345,1.9254,0.0
72,41,1063.4756,1.9254,0.0
72,42,810.6552,1.9254,0.0
72,43,908.8421,1.9254,0.0
72,44,682.6807,1.9254,0.0
72,45,745.655,1.9254,0.0
72,46,688.1448,1.9254,0.0
72,47,575.955,1.9254,0.0
72,48,602.6451,1.9254,0.0
72,49,768.0103,1.9254,0.0
72,50,696.8105,1.9254,0.0
72,51,610.2527,1.9254,0.0
72,52,560.4812,1.9254,0.0
72,53,501.3621,1.9254,0.0
72,54,446.2641,1.9254,0.0
72,55,2252.8586,1.9254,0.0
72,56,1978.9909,1.9254,0.0
72,57,1704.027,1.9254,0.0
72,58,723.4456,1.9254,2.7991
72,59,1742.0729,1.9254,0.0
72,60,1666.1615,1.9254,0.0
72,61,1622.6978,1.9254,0.0
72,62,1582.9071,1.9254,0.0
72,63,1547.575,1.9254,0.0
72,64,1192.0226,1.9254,0.0
72,65,1389.4684,1.9254,0.0
72,66,1336.0613,1.9254,0.0
72,67,1388.4173,1.9254,0.0
72,68,1358.1065,1.9254,0.0
72,69,1330.4473,1.9254,0.0
72,70,1315.9859,1.9254,0.0
72,71,1093.9351,1.9254,0.0
72,72,1054.3108,1.9254,0.0
72,73,951.1851,1.9254,0.0
72,74,796.7662,1.9254,0.0
72,75,806.7999,1.9254,0.0
72,76,724.1296,1.9254,0.0
72,77,658.0616,1.9254,0.0
72,78,542.4547,1.9254,0.0
72,79,505.2037,1.9254,0.0
72,80,517.671,1.9254,0.0
72,81,785.6204,1.9254,0.0
72,82,756.3377,1.9254,0.0
72,83,683.9723,1.9254,0.0
72,84,646.5746,1.9254,0.0
72,85,590.5386,1.9254,0.0
72,86,536.2567,1.9254,0.0
72,87,2090.8542,1.9254,0.0
72,88,1937.0166,1.9254,0.0
72,89,1680.4201,1.9254,0.0
72,90,1479.7956,1.9254,0.0
72,91,1484.7146,1.9254,0.0
72,92,1436.6817,1.9254,0.0
72,93,1497.3302,1.9254,0.0
72,94,1446.4901,1.9254,0.0
72,1,74.6292,1.9254,0.0
72,3,255.9208,1.9254,0.9865
72,4,324.4323,1.9254,0.9808
72,5,238.9767,1.9254,0.9706
72,6,176.5408,1.9254,0.9868
72,7,120.1068,1.9254,0.9944
72,8,85.937,1.9254,0.9925
72,9,57.8272,1.9254,0.9982
72,11,376.9954,1.9254,0.9684
72,12,585.7053,1.9254,0.9628
72,13,581.5718,1.9254,0.9648
72,14,454.7127,1.9254,0.9507
72,15,365.1235,1.9254,0.9947
72,16,304.7056,1.9254,0.9948
72,17,245.7048,1.9254,0.9972
72,19,512.8153,1.9254,0.9767
72,20,1034.1456,1.9254,0.9831
72,21,500.4528,1.9254,1.8627
72,22,483.1691,1.9254,1.8299
72,23,473.6414,1.9254,1.9138
72,24,470.6076,1.9254,1.8269
72,25,426.9978,1.9254,1.6406
72,26,393.7053,1.9254,1.6483
72,27,375.6522,1.9254,1.7149
72,28,367.6414,1.9254,1.7937
72,29,366.9348,1.9254,0.9576
72,30,337.9629,1.9254,1.9419
72,31,572.3227,1.9254,0.9601
72,32,491.9738,1.9254,0.9434
72,33,434.2287,1.9254,0.9889
72,34,392.4775,1.9254,0.9901
72,35,341.8557,1.9254,0.9974
72,37,609.1048,1.9254,0.9738
72,38,1263.2459,1.9254,0.9801
72,39,929.1165,1.9254,1.9153
72,40,664.0037,1.9254,1.9355
72,41,670.4019,1.9254,1.9545
72,42,622.6203,1.9254,1.942
72,43,711.7424,1.9254,1.6682
72,44,535.5402,1.9254,1.8584
72,45,500.5042,1.9254,1.9003
72,46,463.6824,1.9254,1.863
72,47,449.3082,1.9254,0.9679
72,48,439.9774,1.9254,1.9539
72,49,727.2164,1.9254,0.9633
72,50,645.4042,1.9254,0.9514
72,51,596.7311,1.9254,0.9749
72,52,559.7227,1.9254,0.9811
72,53,506.1568,1.9254,0.9968
72,55,710.0379,1.9254,0.9909
72,56,1655.1217,1.9254,0.9797
72,57,1181.113,1.9254,1.9373
72,59,700.9255,1.9254,2.9425
72,60,686.2763,1.9254,2.9455
72,61,663.9586,1.9254,2.9413
72,62,669.1728,1.9254,2.93
72,63,650.5999,1.9254,1.8286
72,64,673.8022,1.9254,2.8732
72,65,631.3597,1.9254,2.9086
72,66,645.8704,1.9254,2.8965
72,67,597.8735,1.9254,2.9242
72,68,580.3335,1.9254,2.9282
72,69,577.0039,1.9254,2.9246
72,70,608.7142,1.9254,2.8482
72,71,556.9572,1.9254,2.9219
72,72,780.3872,1.9254,1.9254
73,1,42.5991,1.9459,0.9118
73,2,27.6208,1.9459,0.0
73,3,738.8089,1.9459,0.0
73,4,403.2239,1.9459,0.0
73,5,264.5808,1.9459,0.0
73,6,175.6268,1.9459,0.0
73,7,121.3232,1.9459,0.0
73,8,91.1025,1.9459,0.0
73,9,68.5425,1.9459,0.0
73,10,52.4358,1.9459,0.0
73,11,880.3532,1.9459,0.0
73,12,648.2981,1.9459,0.0
73,13,589.2301,1.9459,0.0
73,14,455.7565,1.9459,0.0
73,15,350.3154,1.9459,0.0
73,16,288.2197,1.9459,0.0
73,17,233.536,1.9459,0.0
73,18,189.7641,1.9459,0.0
73,19,1460.4707,1.9459,0.0
73,20,1159.7504,1.9459,0.0
73,21,950.6862,1.9459,0.0
73,22,912.3291,1.9459,0.0
73,23,832.2331,1.9459,0.0
73,24,655.7091,1.9459,0.0
73,25,712.5928,1.9459,0.0
73,26,558.9541,1.9459,0.0
73,27,587.2474,1.9459,0.0
73,28,607.1928,1.9459,0.0
73,29,465.8069,1.9459,0.0
73,30,472.2547,1.9459,0.0
73,31,561.6079,1.9459,0.0
73,32,488.079,1.9459,0.0
73,33,411.2565,1.9459,0.0
73,34,366.4067,1.9459,0.0
73,35,318.3752,1.9459,0.0
73,36,275.1274,1.9459,0.0
73,37,1632.8526,1.9459,0.0
73,38,1384.3496,1.9459,0.0
73,39,1196.7064,1.9459,0.0
73,40,1067.0698,1.9459,0.0
73,41,968.2344,1.9459,0.0
73,42,741.4202,1.9459,0.0
73,43,829.7617,1.9459,0.0
73,44,626.4527,1.9459,0.0
73,45,684.2653,1.9459,0.0
73,46,632.5574,1.9459,0.0
73,47,528.9288,1.9459,0.0
73,48,555.1674,1.9459,0.0
73,49,703.656,1.9459,0.0
73,50,642.5725,1.9459,0.0
73,51,566.2395,1.9459,0.0
73,52,521.9983,1.9459,0.0
73,53,468.8257,1.9459,0.0
73,54,418.9139,1.9459,0.0
73,55,1990.6514,1.9459,0.0
73,56,1774.2433,1.9459,0.0
73,57,1537.7374,1.9459,0.0
73,58,670.5445,1.9459,2.7991
73,59,1565.0227,1.9459,0.0
73,60,1498.8909,1.9459,0.0
73,61,1460.274,1.9459,0.0
73,62,1424.8668,1.9459,0.0
73,63,1393.4393,1.9459,0.0
73,64,1080.7361,1.9459,0.0
73,65,1245.4654,1.9459,0.0
73,66,1198.5562,1.9459,0.0
73,67,1252.2798,1.9459,0.0
73,68,1225.178,1.9459,0.0
73,69,1200.5428,1.9459,0.0
73,70,1187.1547,1.9459,0.0
73,71,991.1575,1.9459,0.0
73,72,961.788,1.9459,0.0
73,73,871.1517,1.9459,0.0
73,74,731.9144,1.9459,0.0
73,75,742.2751,1.9459,0.0
73,76,668.5188,1.9459,0.0
73,77,609.2192,1.9459,0.0
73,78,503.7015,1.9459,0.0
73,79,469.6866,1.9459,0.0
73,80,481.885,1.9459,0.0
73,81,720.9145,1.9459,0.0
73,82,697.6514,1.9459,0.0
73,83,634.4345,1.9459,0.0
73,84,601.6645,1.9459,0.0
73,85,551.6379,1.9459,0.0
73,86,502.6997,1.9459,0.0
73,87,1858.0508,1.9459,0.0
73,88,1742.4506,1.9459,0.0
73,89,1520.8103,1.9459,0.0
73,90,1348.4147,1.9459,0.0
73,91,1348.2588,1.9459,0.0
73,92,1304.9404,1.9459,0.0
73,93,1354.5615,1.9459,0.0
73,94,1309.6099,1.9459,0.0
73,1,69.5172,1.9459,0.0
73,3,233.6075,1.9459,0.9865
73,4,296.8173,1.9459,0.9808
73,5,221.5085,1.9459,0.9706
73,6,164.8922,1.9459,0.9868
73,7,113.16,1.9459,0.9944
73,8,81.561,1.9459,0.9925
73,9,55.3905,1.9459,0.9982
73,11,343.2801,1.9459,0.9684
73,12,532.4766,1.9459,0.9628
73,13,532.2864,1.9459,0.9648
73,14,420.2326,1.9459,0.9507
73,15,339.9122,1.9459,0.9947
73,16,285.1197,1.9459,0.9948
73,17,231.1571,1.9459,0.9972
73,19,469.4105,1.9459,0.9767
73,20,929.4379,1.9459,0.9831
73,21,461.9376,1.9459,1.8627
73,22,445.9579,1.9459,1.8299
73,23,437.1397,1.9459,1.9138
73,24,433.9122,1.9459,1.8269
73,25,395.6116,1.9459,1.6406
73,26,365.2742,1.9459,1.6483
73,27,348.5157,1.9459,1.7149
73,28,340.958,1.9459,1.7937
73,29,339.105,1.9459,0.9576
73,30,314.3617,1.9459,1.9419
73,31,525.504,1.9459,0.9601
73,32,455.1833,1.9459,0.9434
73,33,404.0189,1.9459,0.9889
73,34,366.5983,1.9459,0.9901
73,35,320.713,1.9459,0.9974
73,37,558.4919,1.9459,0.9738
73,38,1133.9963,1.9459,0.9801
73,39,844.7234,1.9459,1.9153
73,40,612.3192,1.9459,1.9355
73,41,618.3328,1.9459,1.9545
73,42,575.0447,1.9459,1.942
73,43,653.0406,1.9459,1.6682
73,44,496.9704,1.9459,1.8584
73,45,464.6638,1.9459,1.9003
73,46,430.8712,1.9459,1.863
73,47,417.2647,1.9459,0.9679
73,48,410.0279,1.9459,1.9539
73,49,667.8087,1.9459,0.9633
73,50,596.615,1.9459,0.9514
73,51,554.1499,1.9459,0.9749
73,52,521.4107,1.9459,0.9811
73,53,473.2751,1.9459,0.9968
73,55,654.2488,1.9459,0.9909
73,56,1480.6088,1.9459,0.9797
73,57,1072.2142,1.9459,1.9373
73,59,649.9097,1.9459,2.9425
73,60,636.3801,1.9459,2.9455
73,61,615.8784,1.9459,2.9413
73,62,620.0622,1.9459,2.93
73,63,601.0845,1.9459,1.8286
73,64,624.2011,1.9459,2.8732
73,65,585.3921,1.9459,2.9086
73,66,597.7144,1.9459,2.8965
73,67,554.7982,1.9459,2.9242
73,68,538.6874,1.9459,2.9282
73,69,535.4599,1.9459,2.9246
73,70,564.1072,1.9459,2.8482
73,71,517.0982,1.9459,2.9219
73,72,716.0992,1.9459,1.9254
73,73,659.7501,1.9459,1.9459
74,1,39.353,1.9292,0.9118
74,2,25.8916,1.9292,0.0
74,3,642.2239,1.9292,0.0
74,4,360.7558,1.9292,0.0
74,5,240.2982,1.9292,0.0
74,6,161.3287,1.9292,0.0
74,7,112.4138,1.9292,0.0
74,8,84.9428,1.9292,0.0
74,9,64.2604,1.9292,0.0
74,10,49.383,1.9292,0.0
74,11,766.7477,1.9292,0.0
74,12,577.3002,1.9292,0.0
74,13,528.7559,1.9292,0.0
74,14,413.3044,1.9292,0.0
74,15,320.4932,1.9292,0.0
74,16,265.2113,1.9292,0.0
74,17,216.1034,1.9292,0.0
74,18,176.4763,1.9292,0.0
74,19,1265.2105,1.9292,0.0
74,20,1023.7513,1.9292,0.0
74,21,842.4987,1.9292,0.0
74,22,811.2804,1.9292,0.0
74,23,741.5955,1.9292,0.0
74,24,584.5767,1.9292,0.0
74,25,636.8972,1.9292,0.0
74,26,500.0445,1.9292,0.0
74,27,527.5583,1.9292,0.0
74,28,544.3315,1.9292,0.0
74,29,417.7679,1.9292,0.0
74,30,426.2047,1.9292,0.0
74,31,505.6085,1.9292,0.0
74,32,442.9999,1.9292,0.0
74,33,375.9984,1.9292,0.0
74,34,336.524,1.9292,0.0
74,35,293.7958,1.9292,0.0
74,36,255.0068,1.9292,0.0
74,37,1416.5256,1.9292,0.0
74,38,1221.1434,1.9292,0.0
74,39,1062.81,1.9292,0.0
74,40,951.6708,1.9292,0.0
74,41,865.8895,1.9292,0.0
74,42,666.2938,1.9292,0.0
74,43,744.2951,1.9292,0.0
74,44,564.9808,1.9292,0.0
74,45,617.0747,1.9292,0.0
74,46,571.4589,1.9292,0.0
74,47,477.4647,1.9292,0.0
74,48,502.6948,1.9292,0.0
74,49,633.5061,1.9292,0.0
74,50,582.3842,1.9292,0.0
74,51,516.4949,1.9292,0.0
74,52,477.9825,1.9292,0.0
74,53,431.0943,1.9292,0.0
74,54,386.744,1.9292,0.0
74,55,1726.4733,1.9292,0.0
74,56,1561.2112,1.9292,0.0
74,57,1362.4276,1.9292,0.0
74,58,610.9907,1.9292,2.7991
74,59,1380.2768,1.9292,0.0
74,60,1323.6943,1.9292,0.0
74,61,1290.0298,1.9292,0.0
74,62,1259.1135,1.9292,0.0
74,63,1231.6839,1.9292,0.0
74,64,962.3975,1.9292,0.0
74,65,1096.2341,1.9292,0.0
74,66,1056.0748,1.9292,0.0
74,67,1108.8832,1.9292,0.0
74,68,1085.0974,1.9292,0.0
74,69,1063.5675,1.9292,0.0
74,70,1051.3822,1.9292,0.0
74,71,882.0688,1.9292,0.0
74,72,861.8734,1.9292,0.0
74,73,783.9075,1.9292,0.0
74,74,660.7636,1.9292,0.0
74,75,671.1764,1.9292,0.0
74,76,606.6699,1.9292,0.0
74,77,554.4722,1.9292,0.0
74,78,459.921,1.9292,0.0
74,79,429.4276,1.9292,0.0
74,80,441.125,1.9292,0.0
74,81,650.2148,1.9292,0.0
74,82,632.5527,1.9292,0.0
74,83,578.5533,1.9292,0.0
74,84,550.4809,1.9292,0.0
74,85,506.7199,1.9292,0.0
74,86,463.4551,1.9292,0.0
74,87,1620.9287,1.9292,0.0
74,88,1538.7012,1.9292,0.0
74,89,1351.5716,1.9292,0.0
74,90,1206.9993,1.9292,0.0
74,91,1202.6346,1.9292,0.0
74,92,1164.2737,1.9292,0.0
74,93,1203.4096,1.9292,0.0
74,94,1164.4393,1.9292,0.0
74,1,63.655,1.9292,0.0
74,3,209.4301,1.9292,0.9865
74,4,266.7623,1.9292,0.9808
74,5,201.8058,1.9292,0.9706
74,6,151.4399,1.9292,0.9868
74,7,104.8796,1.9292,0.9944
74,8,76.1747,1.9292,0.9925
74,9,52.2335,1.9292,0.9982
74,11,306.9894,1.9292,0.9684
74,12,475.3884,1.9292,0.9628
74,13,478.5546,1.9292,0.9648
74,14,381.66,1.9292,0.9507
74,15,311.0737,1.9292,0.9947
74,16,262.3293,1.9292,0.9948
74,17,213.8855,1.9292,0.9972
74,19,422.241,1.9292,0.9767
74,20,820.1982,1.9292,0.9831
74,21,419.0383,1.9292,1.8627
74,22,404.5918,1.9292,1.8299
74,23,396.5636,1.9292,1.9138
74,24,393.2421,1.9292,1.8269
74,25,360.3043,1.9292,1.6406
74,26,333.1637,1.9292,1.6483
74,27,317.8847,1.9292,1.7149
74,28,310.8748,1.9292,1.7937
74,29,308.0717,1.9292,0.9576
74,30,287.4876,1.9292,1.9419
74,31,474.0968,1.9292,0.9601
74,32,413.9172,1.9292,0.9434
74,33,369.5395,1.9292,0.9889
74,34,336.6777,1.9292,0.9901
74,35,295.8832,1.9292,0.9974
74,37,503.2886,1.9292,0.9738
74,38,999.6018,1.9292,0.9801
74,39,754.6966,1.9292,1.9153
74,40,554.9737,1.9292,1.9355
74,41,560.4734,1.9292,1.9545
74,42,522.0897,1.9292,1.942
74,43,588.933,1.9292,1.6682
74,44,453.4263,1.9292,1.8584
74,45,424.1709,1.9292,1.9003
74,46,393.7124,1.9292,1.863
74,47,381.0495,1.9292,0.9679
74,48,375.7548,1.9292,1.9539
74,49,602.6649,1.9292,0.9633
74,50,542.1055,1.9292,0.9514
74,51,505.9003,1.9292,0.9749
74,52,477.5563,1.9292,0.9811
74,53,435.1515,1.9292,0.9968
74,55,592.5618,1.9292,0.9909
74,56,1300.7753,1.9292,0.9797
74,57,956.5997,1.9292,1.9373
74,59,592.419,1.9292,2.9425
74,60,580.1353,1.9292,2.9455
74,61,561.6319,1.9292,2.9413
74,62,564.8524,1.9292,2.93
74,63,545.9102,1.9292,1.8286
74,64,568.4533,1.9292,2.8732
74,65,533.5946,1.9292,2.9086
74,66,543.7951,1.9292,2.8965
74,67,506.1324,1.9292,2.9242
74,68,491.5905,1.9292,2.9282
74,69,488.5154,1.9292,2.9246
74,70,513.8984,1.9292,2.8482
74,71,471.9859,1.9292,2.9219
74,72,645.8228,1.9292,1.9254
74,73,597.4746,1.9292,1.9459
74,74,543.4036,1.9292,1.9292
75,1,39.3902,1.8104,0.9118
75,2,25.6614,1.8104,0.0
75,3,677.9021,1.8104,0.0
75,4,371.1348,1.8104,0.0
75,5,243.9489,1.8104,0.0
75,6,162.2579,1.8104,0.0
75,7,112.3265,1.8104,0.0
75,8,84.5094,1.8104,0.0
75,9,63.7099,1.8104,0.0
75,10,48.8329,1.8104,0.0
75,11,808.1,1.8104,0.0
75,12,596.5347,1.8104,0.0
75,13,542.5411,1.8104,0.0
75,14,420.1303,1.8104,0.0
75,15,323.3397,1.8104,0.0
75,16,266.3253,1.8104,0.0
75,17,216.0769,1.8104,0.0
75,18,175.8214,1.8104,0.0
75,19,1339.3807,1.8104,0.0
75,20,1066.4078,1.8104,0.0
75,21,874.5439,1.8104,0.0
75,22,839.5915,1.8104,0.0
75,23,766.0701,1.8104,0.0
75,24,603.7628,1.8104,0.0
75,25,656.1838,1.8104,0.0
75,26,514.9199,1.8104,0.0
75,27,541.0981,1.8104,0.0
75,28,559.3398,1.8104,0.0
75,29,429.2869,1.8104,0.0
75,30,435.3944,1.8104,0.0
75,31,517.4305,1.8104,0.0
75,32,450.0785,1.8104,0.0
75,33,379.6101,1.8104,0.0
75,34,338.4808,1.8104,0.0
75,35,294.3973,1.8104,0.0
75,36,254.6783,1.8104,0.0
75,37,1497.7174,1.8104,0.0
75,38,1272.8662,1.8104,0.0
75,39,1101.1436,1.8104,0.0
75,40,982.339,1.8104,0.0
75,41,891.6575,1.8104,0.0
75,42,683.3399,1.8104,0.0
75,43,764.5015,1.8104,0.0
75,44,577.7356,1.8104,0.0
75,45,630.9388,1.8104,0.0
75,46,583.4257,1.8104,0.0
75,47,488.0001,1.8104,0.0
75,48,512.2533,1.8104,0.0
75,49,648.6295,1.8104,0.0
75,50,592.7114,1.8104,0.0
75,51,522.697,1.8104,0.0
75,52,482.1223,1.8104,0.0
75,53,433.3183,1.8104,0.0
75,54,387.4941,1.8104,0.0
75,55,1825.3618,1.8104,0.0
75,56,1630.8213,1.8104,0.0
75,57,1414.54,1.8104,0.0
75,58,618.9903,1.8104,2.7991
75,59,1438.9986,1.8104,0.0
75,60,1378.5166,1.8104,0.0
75,61,1343.0628,1.8104,0.0
75,62,1310.5457,1.8104,0.0
75,63,1281.6825,1.8104,0.0
75,64,994.9501,1.8104,0.0
75,65,1144.8282,1.8104,0.0
75,66,1101.7061,1.8104,0.0
75,67,1152.0955,1.8104,0.0
75,68,1127.1846,1.8104,0.0
75,69,1104.5493,1.8104,0.0
75,70,1092.1865,1.8104,0.0
75,71,912.2947,1.8104,0.0
75,72,885.8757,1.8104,0.0
75,73,802.8233,1.8104,0.0
75,74,674.9099,1.8104,0.0
75,75,684.5655,1.8104,0.0
75,76,616.8796,1.8104,0.0
75,77,562.4303,1.8104,0.0
75,78,465.3898,1.8104,0.0
75,79,434.113,1.8104,0.0
75,80,445.3947,1.8104,0.0
75,81,664.8727,1.8104,0.0
75,82,643.7406,1.8104,0.0
75,83,585.7878,1.8104,0.0
75,84,555.7623,1.8104,0.0
75,85,509.8615,1.8104,0.0
75,86,464.9384,1.8104,0.0
75,87,1705.3318,1.8104,0.0
75,88,1602.2866,1.8104,0.0
75,89,1399.5346,1.8104,0.0
75,90,1242.0205,1.8104,0.0
75,91,1241.4957,1.8104,0.0
75,92,1201.6927,1.8104,0.0
75,93,1246.8949,1.8104,0.0
75,94,1205.6353,1.8104,0.0
75,1,64.1643,1.8104,0.0
75,3,215.0782,1.8104,0.9865
75,4,273.3273,1.8104,0.9808
75,5,204.3487,1.8104,0.9706
75,6,152.3577,1.8104,0.9868
75,7,104.7918,1.8104,0.9944
75,8,75.702,1.8104,0.9925
75,9,51.5881,1.8104,0.9982
75,11,316.0786,1.8104,0.9684
75,12,490.0563,1.8104,0.9628
75,13,490.2212,1.8104,0.9648
75,14,387.4693,1.8104,0.9507
75,15,313.7661,1.8104,0.9947
75,16,263.4658,1.8104,0.9948
75,17,213.8802,1.8104,0.9972
75,19,432.7098,1.8104,0.9767
75,20,854.4309,1.8104,0.9831
75,21,426.1339,1.8104,1.8627
75,22,411.3956,1.8104,1.8299
75,23,403.2898,1.8104,1.9138
75,24,400.2879,1.8104,1.8269
75,25,365.1369,1.8104,1.6406
75,26,337.2247,1.8104,1.6483
75,27,321.7792,1.8104,1.7149
75,28,314.7994,1.8104,1.7937
75,29,313.0042,1.8104,0.9576
75,30,290.3345,1.8104,1.9419
75,31,484.2884,1.8104,0.9601
75,32,419.8502,1.8104,0.9434
75,33,372.9591,1.8104,0.9889
75,34,338.6586,1.8104,0.9901
75,35,296.5487,1.8104,0.9974
75,37,514.9747,1.8104,0.9738
75,38,1042.3341,1.8104,0.9801
75,39,777.6237,1.8104,1.9153
75,40,564.8182,1.8104,1.9355
75,41,570.4594,1.8104,1.9545
75,42,530.6415,1.8104,1.942
75,43,602.1357,1.8104,1.6682
75,44,458.9491,1.8104,1.8584
75,45,429.2047,1.8104,1.9003
75,46,398.1044,1.8104,1.863
75,47,385.542,1.8104,0.9679
75,48,378.9425,1.8104,1.9539
75,49,615.7554,1.8104,0.9633
75,50,550.4982,1.8104,0.9514
75,51,511.5956,1.8104,0.9749
75,52,481.5919,1.8104,0.9811
75,53,437.4187,1.8104,0.9968
75,55,603.4693,1.8104,0.9909
75,56,1360.1123,1.8104,0.9797
75,57,986.7987,1.8104,1.9373
75,59,599.9828,1.8104,2.9425
75,60,587.506,1.8104,2.9455
75,61,568.6114,1.8104,2.9413
75,62,572.3836,1.8104,2.93
75,63,554.7553,1.8104,1.8286
75,64,576.157,1.8104,2.8732
75,65,540.433,1.8104,2.9086
75,66,551.6661,1.8104,2.8965
75,67,512.2348,1.8104,2.9242
75,68,497.3797,1.8104,2.9282
75,69,494.375,1.8104,2.9246
75,70,520.6678,1.8104,2.8482
75,71,477.4382,1.8104,2.9219
75,72,660.0846,1.8104,1.9254
75,73,608.5288,1.8104,1.9459
75,74,551.4629,1.8104,1.9292
75,75,561.4338,1.8104,1.8104
76,1,35.4646,1.8858,0.9118
76,2,23.8125,1.8858,0.0
76,3,530.6603,1.8858,0.0
76,4,310.5224,1.8858,0.0
76,5,211.4105,1.8858,0.0
76,6,144.2494,1.8858,0.0
76,7,101.742,1.8858,0.0
76,8,77.5536,1.8858,0.0
76,9,59.1204,1.8858,0.0
76,10,45.7205,1.8858,0.0
76,11,635.3072,1.8858,0.0
76,12,493.5592,1.8858,0.0
76,13,457.2124,1.8858,0.0
76,14,362.8363,1.8858,0.0
76,15,284.917,1.8858,0.0
76,16,237.7045,1.8858,0.0
76,17,195.219,1.8858,0.0
76,18,160.5301,1.8858,0.0
76,19,1042.0654,1.8858,0.0
76,20,864.5271,1.8858,0.0
76,21,715.4332,1.8858,0.0
76,22,692.4339,1.8858,0.0
76,23,634.8838,1.8858,0.0
76,24,500.9367,1.8858,0.0
76,25,547.6522,1.8858,0.0
76,26,430.6457,1.8858,0.0
76,27,456.965,1.8858,0.0
76,28,470.0557,1.8858,0.0
76,29,361.1009,1.8858,0.0
76,30,371.6253,1.8858,0.0
76,31,439.3263,1.8858,0.0
76,32,389.4139,1.8858,0.0
76,33,333.9602,1.8858,0.0
76,34,300.8318,1.8858,0.0
76,35,264.3845,1.8858,0.0
76,36,230.8914,1.8858,0.0
76,37,1169.3798,1.8858,0.0
76,38,1030.3644,1.8858,0.0
76,39,905.5554,1.8858,0.0
76,40,815.8051,1.8858,0.0
76,41,745.2646,1.8858,0.0
76,42,577.5839,1.8858,0.0
76,43,643.4864,1.8858,0.0
76,44,492.3082,1.8858,0.0
76,45,537.5474,1.8858,0.0
76,46,499.0781,1.8858,0.0
76,47,416.6444,1.8858,0.0
76,48,440.4737,1.8858,0.0
76,49,550.6005,1.8858,0.0
76,50,510.9494,1.8858,0.0
76,51,457.2859,1.8858,0.0
76,52,425.5116,1.8858,0.0
76,53,386.041,1.8858,0.0
76,54,348.272,1.8858,0.0
76,55,1425.7528,1.8858,0.0
76,56,1313.0562,1.8858,0.0
76,57,1157.0873,1.8858,0.0
76,58,540.1483,1.8858,2.7991
76,59,1164.9532,1.8858,0.0
76,60,1118.984,1.8858,0.0
76,61,1091.0275,1.8858,0.0
76,62,1065.2955,1.8858,0.0
76,63,1042.4806,1.8858,0.0
76,64,823.5136,1.8858,0.0
76,65,923.3931,1.8858,0.0
76,66,891.296,1.8858,0.0
76,67,940.8581,1.8858,0.0
76,68,920.917,1.8858,0.0
76,69,902.9817,1.8858,0.0
76,70,892.2274,1.8858,0.0
76,71,754.1548,1.8858,0.0
76,72,743.9213,1.8858,0.0
76,73,680.6818,1.8858,0.0
76,74,576.5535,1.8858,0.0
76,75,586.9347,1.8858,0.0
76,76,533.2555,1.8858,0.0
76,77,489.4058,1.8858,0.0
76,78,407.8571,1.8858,0.0
76,79,381.5405,1.8858,0.0
76,80,392.5934,1.8858,0.0
76,81,566.7294,1.8858,0.0
76,82,555.3413,1.8858,0.0
76,83,512.0788,1.8858,0.0
76,84,489.5085,1.8858,0.0
76,85,453.1257,1.8858,0.0
76,86,416.5637,1.8858,0.0
76,87,1349.1716,1.8858,0.0
76,88,1300.7391,1.8858,0.0
76,89,1152.9664,1.8858,0.0
76,90,1040.2935,1.8858,0.0
76,91,1031.5219,1.8858,0.0
76,92,998.9338,1.8858,0.0
76,93,1026.1425,1.8858,0.0
76,94,994.0746,1.8858,0.0
76,1,56.6567,1.8858,0.0
76,3,180.8322,1.8858,0.9865
76,4,231.2409,1.8858,0.9808
76,5,178.3469,1.8858,0.9706
76,6,135.3783,1.8858,0.9868
76,7,94.9612,1.8858,0.9944
76,8,69.708,1.8858,0.9925
76,9,48.4383,1.8858,0.9982
76,11,264.1479,1.8858,0.9684
76,12,408.1131,1.8858,0.9628
76,13,414.9465,1.8858,0.9648
76,14,335.7886,1.8858,0.9507
76,15,276.6705,1.8858,0.9947
76,16,235.086,1.8858,0.9948
76,17,193.1956,1.8858,0.9972
76,19,366.5511,1.8858,0.9767
76,20,693.1742,1.8858,0.9831
76,21,368.0285,1.8858,1.8627
76,22,355.523,1.8858,1.8299
76,23,348.4172,1.8858,1.9138
76,24,345.0165,1.8858,1.8269
76,25,318.3043,1.8858,1.6406
76,26,294.9542,1.8858,1.6483
76,27,281.4541,1.8858,1.7149
76,28,275.1022,1.8858,1.7937
76,29,271.2314,1.8858,0.9576
76,30,255.477,1.8858,1.9419
76,31,413.1839,1.8858,0.9601
76,32,364.8336,1.8858,0.9434
76,33,328.4253,1.8858,0.9889
76,34,300.9422,1.8858,0.9901
76,35,266.1757,1.8858,0.9974
76,37,438.0962,1.8858,0.9738
76,38,843.7177,1.8858,0.9801
76,39,649.4216,1.8858,1.9153
76,40,486.9432,1.8858,1.9355
76,41,491.7044,1.8858,1.9545
76,42,459.265,1.8858,1.942
76,43,513.2993,1.8858,1.6682
76,44,401.6241,1.8858,1.8584
76,45,376.0155,1.8858,1.9003
76,46,349.5179,1.8858,1.863
76,47,337.9858,1.8858,0.9679
76,48,334.9141,1.8858,1.9539
76,49,525.5666,1.8858,0.9633
76,50,477.3501,1.8858,0.9514
76,51,448.4532,1.8858,0.9749
76,52,425.2725,1.8858,0.9811
76,53,389.6303,1.8858,0.9968
76,55,519.4875,1.8858,0.9909
76,56,1093.5492,1.8858,0.9797
76,57,821.7967,1.8858,1.9373
76,59,524.0238,1.8858,2.9425
76,60,513.2159,1.8858,2.9455
76,61,497.0855,1.8858,2.9413
76,62,499.2316,1.8858,2.93
76,63,480.4028,1.8858,1.8286
76,64,502.1659,1.8858,2.8732
76,65,471.9717,1.8858,2.9086
76,66,479.7683,1.8858,2.8965
76,67,448.2099,1.8858,2.9242
76,68,435.528,1.8858,2.9282
76,69,432.642,1.8858,2.9246
76,70,454.17,1.8858,2.8482
76,71,418.2771,1.8858,2.9219
76,72,562.8783,1.8858,1.9254
76,73,523.7538,1.8858,1.9459
76,74,479.2159,1.8858,1.9292
76,75,483.8673,1.8858,1.8104
76,76,426.1903,1.8858,1.8858
77,1,33.5117,1.8648,0.9118
77,2,22.6779,1.8648,0.0
77,3,491.4721,1.8648,0.0
77,4,289.8298,1.8648,0.0
77,5,198.3807,1.8648,0.0
77,6,136.0069,1.8648,0.0
77,7,96.3243,1.8648,0.0
77,8,73.6634,1.8648,0.0
77,9,56.3268,1.8648,0.0
77,10,43.6773,1.8648,0.0
77,11,588.8318,1.8648,0.0
77,12,460.1061,1.8648,0.0
77,13,427.2647,1.8648,0.0
77,14,340.2737,1.8648,0.0
77,15,268.1083,1.8648,0.0
77,16,224.2493,1.8648,0.0
77,17,184.6517,1.8648,0.0
77,18,152.2203,1.8648,0.0
77,19,965.0626,1.8648,0.0
77,20,804.3806,1.8648,0.0
77,21,666.3424,1.8648,0.0
77,22,645.6738,1.8648,0.0
77,23,592.4083,1.8648,0.0
77,24,467.7586,1.8648,0.0
77,25,511.5236,1.8648,0.0
77,26,402.5927,1.8648,0.0
77,27,427.5064,1.8648,0.0
77,28,439.4376,1.8648,0.0
77,29,337.8831,1.8648,0.0
77,30,348.2052,1.8648,0.0
77,31,411.1836,1.8648,0.0
77,32,365.4201,1.8648,0.0
77,33,314.2292,1.8648,0.0
77,34,283.5975,1.8648,0.0
77,35,249.7617,1.8648,0.0
77,36,218.5753,1.8648,0.0
77,37,1083.6129,1.8648,0.0
77,38,958.711,1.8648,0.0
77,39,844.2074,1.8648,0.0
77,40,761.5371,1.8648,0.0
77,41,696.3562,1.8648,0.0
77,42,540.7615,1.8648,0.0
77,43,601.9936,1.8648,0.0
77,44,461.5865,1.8648,0.0
77,45,503.7831,1.8648,0.0
77,46,468.0316,1.8648,0.0
77,47,390.9201,1.8648,0.0
77,48,413.4353,1.8648,0.0
77,49,515.7031,1.8648,0.0
77,50,479.4837,1.8648,0.0
77,51,430.0608,1.8648,0.0
77,52,400.7639,1.8648,0.0
77,53,364.207,1.8648,0.0
77,54,329.1439,1.8648,0.0
77,55,1321.1273,1.8648,0.0
77,56,1221.1564,1.8648,0.0
77,57,1078.1412,1.8648,0.0
77,58,507.9202,1.8648,2.7991
77,59,1084.2087,1.8648,0.0
77,60,1041.8248,1.8648,0.0
77,61,1015.8802,1.8648,0.0
77,62,991.9857,1.8648,0.0
77,63,970.8013,1.8648,0.0
77,64,768.7768,1.8648,0.0
77,65,859.3887,1.8648,0.0
77,66,829.7023,1.8648,0.0
77,67,876.5581,1.8648,0.0
77,68,858.0085,1.8648,0.0
77,69,841.3475,1.8648,0.0
77,70,831.2323,1.8648,0.0
77,71,703.6822,1.8648,0.0
77,72,695.4461,1.8648,0.0
77,73,637.2233,1.8648,0.0
77,74,540.5667,1.8648,0.0
77,75,550.5189,1.8648,0.0
77,76,500.8242,1.8648,0.0
77,77,460.1533,1.8648,0.0
77,78,384.1033,1.8648,0.0
77,79,359.5554,1.8648,0.0
77,80,370.0382,1.8648,0.0
77,81,531.4381,1.8648,0.0
77,82,521.4465,1.8648,0.0
77,83,481.7084,1.8648,0.0
77,84,461.012,1.8648,0.0
77,85,427.3975,1.8648,0.0
77,86,393.5069,1.8648,0.0
77,87,1252.4472,1.8648,0.0
77,88,1210.9999,1.8648,0.0
77,89,1075.3003,1.8648,0.0
77,90,972.4552,1.8648,0.0
77,91,963.4557,1.8648,0.0
77,92,933.1122,1.8648,0.0
77,93,957.3348,1.8648,0.0
77,94,927.6311,1.8648,0.0
77,1,53.3255,1.8648,0.0
77,3,168.9331,1.8648,0.9865
77,4,216.2569,1.8648,0.9808
77,5,167.5869,1.8648,0.9706
77,6,127.6665,1.8648,0.9868
77,7,89.9357,1.8648,0.9944
77,8,66.2743,1.8648,0.9925
77,9,46.2909,1.8648,0.9982
77,11,246.6792,1.8648,0.9684
77,12,380.8614,1.8648,0.9628
77,13,388.0383,1.8648,0.9648
77,14,315.1057,1.8648,0.9507
77,15,260.3972,1.8648,0.9947
77,16,221.7788,1.8648,0.9948
77,17,182.7385,1.8648,0.9972
77,19,343.3431,1.8648,0.9767
77,20,645.3069,1.8648,0.9831
77,21,345.4662,1.8648,1.8627
77,22,333.7845,1.8648,1.8299
77,23,327.1273,1.8648,1.9138
77,24,323.8511,1.8648,1.8269
77,25,299.1994,1.8648,1.6406
77,26,277.4241,1.8648,1.6483
77,27,264.7615,1.8648,1.7149
77,28,258.7633,1.8648,1.7937
77,29,254.8568,1.8648,0.9576
77,30,240.5235,1.8648,1.9419
77,31,386.9891,1.8648,0.9601
77,32,342.5994,1.8648,0.9434
77,33,309.081,1.8648,0.9889
77,34,283.6992,1.8648,0.9901
77,35,251.4316,1.8648,0.9974
77,37,410.685,1.8648,0.9738
77,38,785.3791,1.8648,0.9801
77,39,606.9087,1.8648,1.9153
77,40,457.1062,1.8648,1.9355
77,41,461.6166,1.8648,1.9545
77,42,431.451,1.8648,1.942
77,43,481.2881,1.8648,1.6682
77,44,377.955,1.8648,1.8584
77,45,353.9897,1.8648,1.9003
77,46,329.2175,1.8648,1.863
77,47,318.3105,1.8648,0.9679
77,48,315.6928,1.8648,1.9539
77,49,492.6242,1.8648,0.9633
77,50,448.362,1.8648,0.9514
77,51,421.8885,1.8648,0.9749
77,52,400.5716,1.8648,0.9811
77,53,367.5765,1.8648,0.9968
77,55,487.6486,1.8648,0.9909
77,56,1017.1183,1.8648,0.9797
77,57,767.7182,1.8648,1.9373
77,59,492.8357,1.8648,2.9425
77,60,482.6888,1.8648,2.9455
77,61,467.5827,1.8648,2.9413
77,62,469.4397,1.8648,2.93
77,63,451.3499,1.8648,1.8286
77,64,472.1095,1.8648,2.8732
77,65,443.8826,1.8648,2.9086
77,66,450.9533,1.8648,2.8965
77,67,421.645,1.8648,2.9242
77,68,409.7587,1.8648,2.9282
77,69,406.9985,1.8648,2.9246
77,70,426.9698,1.8648,2.8482
77,71,393.5352,1.8648,2.9219
77,72,527.5531,1.8648,1.9254
77,73,491.598,1.8648,1.9459
77,74,450.48,1.8648,1.9292
77,75,454.3355,1.8648,1.8104
77,76,401.4889,1.8648,1.8858
77,77,378.4939,1.8648,1.8648
78,1,32.0917,1.9188,0.9118
78,2,21.8338,1.9188,0.0
78,3,465.2011,1.9188,0.0
78,4,275.4563,1.9188,0.0
78,5,189.1485,1.9188,0.0
78,6,130.0701,1.9188,0.0
78,7,92.371,1.9188,0.0
78,8,70.7975,1.9188,0.0
78,9,54.2516,1.9188,0.0
78,10,42.1499,1.9188,0.0
78,11,557.6048,1.9188,0.0
78,12,437.0099,1.9188,0.0
78,13,406.3872,1.9188,0.0
78,14,324.3237,1.9188,0.0
78,15,256.0743,1.9188,0.0
78,16,214.5308,1.9188,0.0
78,17,176.9516,1.9188,0.0
78,18,146.1166,1.9188,0.0
78,19,913.8533,1.9188,0.0
78,20,763.2799,1.9188,0.0
78,21,632.6433,1.9188,0.0
78,22,613.4456,1.9188,0.0
78,23,563.0626,1.9188,0.0
78,24,444.8235,1.9188,0.0
78,25,486.4755,1.9188,0.0
78,26,383.1213,1.9188,0.0
78,27,406.9549,1.9188,0.0
78,28,418.1348,1.9188,0.0
78,29,321.7223,1.9188,0.0
78,30,331.7749,1.9188,0.0
78,31,391.4844,1.9188,0.0
78,32,348.4417,1.9188,0.0
78,33,300.1211,1.9188,0.0
78,34,271.1885,1.9188,0.0
78,35,239.1551,1.9188,0.0
78,36,209.5788,1.9188,0.0
78,37,1026.5038,1.9188,0.0
78,38,909.788,1.9188,0.0
78,39,801.9793,1.9188,0.0
78,40,723.9927,1.9188,0.0
78,41,662.409,1.9188,0.0
78,42,515.0442,1.9188,0.0
78,43,573.0904,1.9188,0.0
78,44,440.0378,1.9188,0.0
78,45,480.1081,1.9188,0.0
78,46,446.2157,1.9188,0.0
78,47,372.8639,1.9188,0.0
78,48,394.3855,1.9188,0.0
78,49,491.2916,1.9188,0.0
78,50,457.2796,1.9188,0.0
78,51,410.6777,1.9188,0.0
78,52,383.0432,1.9188,0.0
78,53,348.4721,1.9188,0.0
78,54,315.2717,1.9188,0.0
78,55,1251.6079,1.9188,0.0
78,56,1158.604,1.9188,0.0
78,57,1023.9496,1.9188,0.0
78,58,485.0019,1.9188,2.7991
78,59,1029.172,1.9188,0.0
78,60,989.092,1.9188,0.0
78,61,964.5004,1.9188,0.0
78,62,941.8445,1.9188,0.0
78,63,921.7584,1.9188,0.0
78,64,731.0021,1.9188,0.0
78,65,815.9256,1.9188,0.0
78,66,787.9003,1.9188,0.0
78,67,832.4693,1.9188,0.0
78,68,814.8639,1.9188,0.0
78,69,799.0629,1.9188,0.0
78,70,789.402,1.9188,0.0
78,71,668.9222,1.9188,0.0
78,72,661.7144,1.9188,0.0
78,73,606.8234,1.9188,0.0
78,74,515.2852,1.9188,0.0
78,75,524.8881,1.9188,0.0
78,76,477.8907,1.9188,0.0
78,77,439.3887,1.9188,0.0
78,78,367.1687,1.9188,0.0
78,79,343.8562,1.9188,0.0
78,80,353.907,1.9188,0.0
78,81,506.6933,1.9188,0.0
78,82,497.5175,1.9188,0.0
78,83,460.0986,1.9188,0.0
78,84,440.638,1.9188,0.0
78,85,408.8925,1.9188,0.0
78,86,376.8288,1.9188,0.0
78,87,1187.5608,1.9188,0.0
78,88,1149.6435,1.9188,0.0
78,89,1021.8132,1.9188,0.0
78,90,925.3205,1.9188,0.0
78,91,916.3816,1.9188,0.0
78,92,887.5773,1.9188,0.0
78,93,909.985,1.9188,0.0
78,94,881.862,1.9188,0.0
78,1,50.9366,1.9188,0.0
78,3,160.6472,1.9188,0.9865
78,4,205.7859,1.9188,0.9808
78,5,159.9284,1.9188,0.9706
78,6,122.1108,1.9188,0.9868
78,7,86.2655,1.9188,0.9944
78,8,63.7364,1.9188,0.9925
78,9,44.6792,1.9188,0.9982
78,11,234.5604,1.9188,0.9684
78,12,361.9867,1.9188,0.9628
78,13,369.2333,1.9188,0.9648
78,14,300.4531,1.9188,0.9507
78,15,248.7407,1.9188,0.9947
78,16,212.1692,1.9188,0.9948
78,17,175.1199,1.9188,0.9972
78,19,327.1139,1.9188,0.9767
78,20,612.6615,1.9188,0.9831
78,21,329.505,1.9188,1.8627
78,22,318.4217,1.9188,1.8299
78,23,312.0815,1.9188,1.9138
78,24,308.9151,1.9188,1.8269
78,25,285.6292,1.9188,1.6406
78,26,264.9478,1.9188,1.6483
78,27,252.8828,1.9188,1.7149
78,28,247.1432,1.9188,1.7937
78,29,243.271,1.9188,0.9576
78,30,229.8439,1.9188,1.9419
78,31,368.6028,1.9188,0.9601
78,32,326.8247,1.9188,0.9434
78,33,295.2402,1.9188,0.9889
78,34,271.2851,1.9188,0.9901
78,35,240.7411,1.9188,0.9974
78,37,391.4685,1.9188,0.9738
78,38,745.6637,1.9188,0.9801
78,39,577.4945,1.9188,1.9153
78,40,436.0158,1.9188,1.9355
78,41,440.3304,1.9188,1.9545
78,42,411.7628,1.9188,1.942
78,43,458.8333,1.9188,1.6682
78,44,361.0935,1.9188,1.8584
78,45,338.2908,1.9188,1.9003
78,46,314.7313,1.9188,1.863
78,47,304.2865,1.9188,0.9679
78,48,301.9254,1.9188,1.9539
78,49,469.5087,1.9188,0.9633
78,50,427.8357,1.9188,0.9514
78,51,402.9521,1.9188,0.9749
78,52,382.8777,1.9188,0.9811
78,53,351.6847,1.9188,0.9968
78,55,465.162,1.9188,0.9909
78,56,965.4054,1.9188,0.9797
78,57,730.4054,1.9188,1.9373
78,59,470.6459,1.9188,2.9425
78,60,460.9666,1.9188,2.9455
78,61,446.58,1.9188,2.9413
78,62,448.2662,1.9188,2.93
78,63,430.7861,1.9188,1.8286
78,64,450.7526,1.9188,2.8732
78,65,423.9004,1.9188,2.9086
78,66,430.5125,1.9188,2.8965
78,67,402.7253,1.9188,2.9242
78,68,391.3978,1.9188,2.9282
78,69,388.7344,1.9188,2.9246
78,70,407.6366,1.9188,2.8482
78,71,375.901,1.9188,2.9219
78,72,502.7757,1.9188,1.9254
78,73,468.9124,1.9188,1.9459
78,74,430.0889,1.9188,1.9292
78,75,433.4852,1.9188,1.8104
78,76,383.8231,1.9188,1.8858
78,77,362.0121,1.9188,1.8648
78,78,346.361,1.9188,1.9188
79,1,30.6757,0.9846,0.9118
79,2,20.941,0.9846,0.0
79,3,446.1908,0.9846,0.0
79,4,263.223,0.9846,0.0
79,5,180.6582,0.9846,0.0
79,6,124.3133,0.9846,0.0
79,7,88.3915,0.9846,0.0
79,8,67.8372,0.9846,0.0
79,9,52.061,0.9846,0.0
79,10,40.5092,0.9846,0.0
79,11,534.8076,0.9846,0.0
79,12,417.885,0.9846,0.0
79,13,388.3446,0.9846,0.0
79,14,309.7648,0.9846,0.0
79,15,244.6055,0.9846,0.0
79,16,205.0205,0.9846,0.0
79,17,169.2271,0.9846,0.0
79,18,139.8632,0.9846,0.0
79,19,877.5783,0.9846,0.0
79,20,730.9466,0.9846,0.0
79,21,605.5453,0.9846,0.0
79,22,587.0474,0.9846,0.0
79,23,538.7579,0.9846,0.0
79,24,425.8343,0.9846,0.0
79,25,465.4003,0.9846,0.0
79,26,366.7116,0.9846,0.0
79,27,389.1957,0.9846,0.0
79,28,399.9289,0.9846,0.0
79,29,307.9352,0.9846,0.0
79,30,317.2387,0.9846,0.0
79,31,374.2118,0.9846,0.0
79,32,332.9066,0.9846,0.0
79,33,286.7352,0.9846,0.0
79,34,259.1584,0.9846,0.0
79,35,228.6485,0.9846,0.0
79,36,200.4929,0.9846,0.0
79,37,985.7235,0.9846,0.0
79,38,871.4755,0.9846,0.0
79,39,767.6316,0.9846,0.0
79,40,692.7566,0.9846,0.0
79,41,633.7593,0.9846,0.0
79,42,492.829,0.9846,0.0
79,43,548.3376,0.9846,0.0
79,44,421.1084,0.9846,0.0
79,45,459.2862,0.9846,0.0
79,46,426.8634,0.9846,0.0
79,47,356.9743,0.9846,0.0
79,48,377.3049,0.9846,0.0
79,49,469.9893,0.9846,0.0
79,50,437.1946,0.9846,0.0
79,51,392.5551,0.9846,0.0
79,52,366.1526,0.9846,0.0
79,53,333.1695,0.9846,0.0
79,54,301.5272,0.9846,0.0
79,55,1201.8793,0.9846,0.0
79,56,1110.2792,0.9846,0.0
79,57,980.4416,0.9846,0.0
79,58,463.7125,0.9846,2.7991
79,59,986.1407,0.9846,0.0
79,60,947.598,0.9846,0.0
79,61,923.9968,0.9846,0.0
79,62,902.2547,0.9846,0.0
79,63,882.9759,0.9846,0.0
79,64,699.9058,0.9846,0.0
79,65,782.3247,0.9846,0.0
79,66,755.333,0.9846,0.0
79,67,797.2622,0.9846,0.0
79,68,780.372,0.9846,0.0
79,69,765.2056,0.9846,0.0
79,70,755.9627,0.9846,0.0
79,71,640.3593,0.9846,0.0
79,72,632.9202,0.9846,0.0
79,73,580.3136,0.9846,0.0
79,74,492.9048,0.9846,0.0
79,75,502.0034,0.9846,0.0
79,76,457.0488,0.9846,0.0
79,77,420.2519,0.9846,0.0
79,78,351.3507,0.9846,0.0
79,79,329.1138,0.9846,0.0
79,80,338.6457,0.9846,0.0
79,81,484.9543,0.9846,0.0
79,82,475.8852,0.9846,0.0
79,83,439.9646,0.9846,0.0
79,84,421.3317,0.9846,0.0
79,85,391.0097,0.9846,0.0
79,86,360.4289,0.9846,0.0
79,87,1139.6407,0.9846,0.0
79,88,1101.298,0.9846,0.0
79,89,978.171,0.9846,0.0
79,90,885.3866,0.9846,0.0
79,91,877.2848,0.9846,0.0
79,92,849.7283,0.9846,0.0
79,93,871.5724,0.9846,0.0
79,94,844.5639,0.9846,0.0
79,1,48.6478,0.9846,0.0
79,3,153.5237,0.9846,0.9865
79,4,196.657,0.9846,0.9808
79,5,152.7829,0.9846,0.9706
79,6,116.7335,0.9846,0.9868
79,7,82.5698,0.9846,0.9944
79,8,61.0971,0.9846,0.9925
79,9,42.9339,0.9846,0.9982
79,11,224.3164,0.9846,0.9684
79,12,346.1262,0.9846,0.9628
79,13,352.8244,0.9846,0.9648
79,14,286.9806,0.9846,0.9507
79,15,237.6179,0.9846,0.9947
79,16,202.7728,0.9846,0.9948
79,17,167.4819,0.9846,0.9972
79,19,313.0324,0.9846,0.9767
79,20,586.9804,0.9846,0.9831
79,21,315.0011,0.9846,1.8627
79,22,304.4479,0.9846,1.8299
79,23,298.4115,0.9846,1.9138
79,24,295.4222,0.9846,1.8269
79,25,273.0455,0.9846,1.6406
79,26,253.2986,0.9846,1.6483
79,27,241.797,0.9846,1.7149
79,28,236.3233,0.9846,1.7937
79,29,232.6981,0.9846,0.9576
79,30,219.7411,0.9846,1.9419
79,31,352.3067,0.9846,0.9601
79,32,312.2554,0.9846,0.9434
79,33,282.0818,0.9846,0.9889
79,34,259.2551,0.9846,0.9901
79,35,230.1639,0.9846,0.9974
79,37,374.6446,0.9846,0.9738
79,38,714.617,0.9846,0.9801
79,39,552.7272,0.9846,1.9153
79,40,416.9363,0.9846,1.9355
79,41,421.0958,0.9846,1.9545
79,42,393.8195,0.9846,1.942
79,43,439.072,0.9846,1.6682
79,44,345.3564,0.9846,1.8584
79,45,323.6165,0.9846,1.9003
79,46,301.1391,0.9846,1.863
79,47,291.181,0.9846,0.9679
79,48,288.8038,0.9846,1.9539
79,49,449.0836,0.9846,0.9633
79,50,409.0265,0.9846,0.9514
79,51,385.1704,0.9846,0.9749
79,52,365.992,0.9846,0.9811
79,53,336.2337,0.9846,0.9968
79,55,444.8947,0.9846,0.9909
79,56,925.6464,0.9846,0.9797
79,57,699.1904,0.9846,1.9373
79,59,449.9954,0.9846,2.9425
79,60,440.7449,0.9846,2.9455
79,61,426.9974,0.9846,2.9413
79,62,428.6243,0.9846,2.93
79,63,412.0345,0.9846,1.8286
79,64,430.9649,0.9846,2.8732
79,65,405.3113,0.9846,2.9086
79,66,411.6745,0.9846,2.8965
79,67,385.0469,0.9846,2.9242
79,68,374.2138,0.9846,2.9282
79,69,371.6619,0.9846,2.9246
79,70,389.6824,0.9846,2.8482
79,71,359.3743,0.9846,2.9219
79,72,480.9034,0.9846,1.9254
79,73,448.4784,0.9846,1.9459
79,74,411.3373,0.9846,1.9292
79,75,414.6705,0.9846,1.8104
79,76,367.0954,0.9846,1.8858
79,77,346.3075,0.9846,1.8648
79,78,331.3946,0.9846,1.9188
79,79,317.1561,0.9846,0.9846
80,1,29.9203,1.9896,0.9118
80,2,20.5852,1.9896,0.0
80,3,413.1061,1.9896,0.0
80,4,250.3021,1.9896,0.0
80,5,174.0294,1.9896,0.0
80,6,120.7605,1.9896,0.0
80,7,86.3382,1.9896,0.0
80,8,66.4937,1.9896,0.0
80,9,51.1702,1.9896,0.0
80,10,39.8974,1.9896,0.0
80,11,496.0003,1.9896,0.0
80,12,395.6174,1.9896,0.0
80,13,370.2981,1.9896,0.0
80,14,298.0483,1.9896,0.0
80,15,236.9831,1.9896,0.0
80,16,199.435,1.9896,0.0
80,17,165.2099,1.9896,0.0
80,18,136.9373,1.9896,0.0
80,19,810.504,1.9896,0.0
80,20,686.3343,1.9896,0.0
80,21,570.6352,1.9896,0.0
80,22,554.9678,1.9896,0.0
80,23,510.28,1.9896,0.0
80,24,403.445,1.9896,0.0
80,25,441.9908,1.9896,0.0
80,26,348.4756,1.9896,0.0
80,27,371.2655,1.9896,0.0
80,28,380.8039,1.9896,0.0
80,29,293.2422,1.9896,0.0
80,30,303.8144,1.9896,0.0
80,31,357.7557,1.9896,0.0
80,32,320.4732,1.9896,0.0
80,33,277.6226,1.9896,0.0
80,34,251.752,1.9896,0.0
80,35,222.8236,1.9896,0.0
80,36,195.9211,1.9896,0.0
80,37,911.7498,1.9896,0.0
80,38,817.7856,1.9896,0.0
80,39,724.8642,1.9896,0.0
80,40,656.642,1.9896,0.0
80,41,602.1863,1.9896,0.0
80,42,470.1749,1.9896,0.0
80,43,522.3659,1.9896,0.0
80,44,402.9111,1.9896,0.0
80,45,439.4643,1.9896,0.0
80,46,409.028,1.9896,0.0
80,47,341.7312,1.9896,0.0
80,48,362.1982,1.9896,0.0
80,49,449.151,1.9896,0.0
80,50,420.2043,1.9896,0.0
80,51,379.2822,1.9896,0.0
80,52,354.8294,1.9896,0.0
80,53,323.851,1.9896,0.0
80,54,293.8935,1.9896,0.0
80,55,1112.0309,1.9896,0.0
80,56,1039.6919,1.9896,0.0
80,57,923.8952,1.9896,0.0
80,58,447.5622,1.9896,2.7991
80,59,925.4171,1.9896,0.0
80,60,890.1694,1.9896,0.0
80,61,868.2533,1.9896,0.0
80,62,848.0353,1.9896,0.0
80,63,830.1171,1.9896,0.0
80,64,662.4939,1.9896,0.0
80,65,733.148,1.9896,0.0
80,66,708.724,1.9896,0.0
80,67,750.7154,1.9896,0.0
80,68,734.9381,1.9896,0.0
80,69,720.831,1.9896,0.0
80,70,711.924,1.9896,0.0
80,71,605.868,1.9896,0.0
80,72,602.4838,1.9896,0.0
80,73,554.3723,1.9896,0.0
80,74,472.1102,1.9896,0.0
80,75,481.4776,1.9896,0.0
80,76,439.6238,1.9896,0.0
80,77,405.1454,1.9896,0.0
80,78,339.4738,1.9896,0.0
80,79,318.2699,1.9896,0.0
80,80,327.8549,1.9896,0.0
80,81,464.0666,1.9896,0.0
80,82,457.4132,1.9896,0.0
80,83,424.8925,1.9896,0.0
80,84,407.9616,1.9896,0.0
80,85,379.7328,1.9896,0.0
80,86,350.9349,1.9896,0.0
80,87,1059.9693,1.9896,0.0
80,88,1034.6573,1.9896,0.0
80,89,924.2938,1.9896,0.0
80,90,841.9253,1.9896,0.0
80,91,831.6182,1.9896,0.0
80,92,805.6197,1.9896,0.0
80,93,823.0829,1.9896,0.0
80,94,798.1652,1.9896,0.0
80,1,47.1662,1.9896,0.0
80,3,146.2575,1.9896,0.9865
80,4,187.7979,1.9896,0.9808
80,5,147.524,1.9896,0.9706
80,6,113.3605,1.9896,0.9868
80,7,80.6471,1.9896,0.9944
80,8,59.9313,1.9896,0.9925
80,9,42.3195,1.9896,0.9982
80,11,213.1668,1.9896,0.9684
80,12,328.5343,1.9896,0.9628
80,13,336.9822,1.9896,0.9648
80,14,276.4586,1.9896,0.9507
80,15,230.2585,1.9896,0.9947
80,16,197.2252,1.9896,0.9948
80,17,163.4921,1.9896,0.9972
80,19,298.8719,1.9896,0.9767
80,20,551.422,1.9896,0.9831
80,21,302.9513,1.9896,1.8627
80,22,292.8646,1.9896,1.8299
80,23,287.0169,1.9896,1.9138
80,24,283.8953,1.9896,1.8269
80,25,263.4745,1.9896,1.6406
80,26,244.6952,1.9896,1.6483
80,27,233.5761,1.9896,1.7149
80,28,228.2128,1.9896,1.7937
80,29,224.0178,1.9896,0.9576
80,30,212.7224,1.9896,1.9419
80,31,337.4141,1.9896,0.9601
80,32,301.0502,1.9896,0.9434
80,33,273.2027,1.9896,0.9889
80,34,251.8306,1.9896,0.9901
80,35,224.262,1.9896,0.9974
80,37,358.2372,1.9896,0.9738
80,38,670.7266,1.9896,0.9801
80,39,525.1179,1.9896,1.9153
80,40,400.717,1.9896,1.9355
80,41,404.6484,1.9896,1.9545
80,42,378.9707,1.9896,1.942
80,43,420.2161,1.9896,1.6682
80,44,333.5982,1.9896,1.8584
80,45,312.6922,1.9896,1.9003
80,46,291.1622,1.9896,1.863
80,47,281.3753,1.9896,0.9679
80,48,279.9099,1.9896,1.9539
80,49,430.0395,1.9896,0.9633
80,50,393.9527,1.9896,0.9514
80,51,372.3997,1.9896,0.9749
80,52,354.7399,1.9896,0.9811
80,53,326.8151,1.9896,0.9968
80,55,427.3067,1.9896,0.9909
80,56,866.5517,1.9896,0.9797
80,57,663.5595,1.9896,1.9373
80,59,434.4508,1.9896,2.9425
80,60,425.5424,1.9896,2.9455
80,61,412.3737,1.9896,2.9413
80,62,413.618,1.9896,2.93
80,63,396.5565,1.9896,1.8286
80,64,415.7879,1.9896,2.8732
80,65,391.2942,1.9896,2.9086
80,66,396.8572,1.9896,2.8965
80,67,371.9846,1.9896,2.9242
80,68,361.6111,1.9896,2.9282
80,69,359.0755,1.9896,2.9246
80,70,376.0903,1.9896,2.8482
80,71,347.3425,1.9896,2.9219
80,72,460.3936,1.9896,1.9254
80,73,430.7588,1.9896,1.9459
80,74,396.3937,1.9896,1.9292
80,75,398.4304,1.9896,1.8104
80,76,355.3847,1.9896,1.8858
80,77,335.5948,1.9896,1.8648
80,78,321.3306,1.9896,1.9188
80,79,307.471,1.9896,0.9846
80,80,298.8616,1.9896,1.9896
81,1,45.6578,0.9267,0.9118
81,2,29.5289,0.9267,0.0
81,3,818.9371,0.9267,0.0
81,4,440.3147,0.9267,0.0
81,5,286.2525,0.9267,0.0
81,6,188.8968,0.9267,0.0
81,7,130.0791,0.9267,0.0
81,8,97.551,0.9267,0.0
81,9,73.3784,0.9267,0.0
81,10,56.1746,0.9267,0.0
81,11,975.3275,0.9267,0.0
81,12,710.2404,0.9267,0.0
81,13,642.2899,0.9267,0.0
81,14,493.5629,0.9267,0.0
81,15,377.4089,0.9267,0.0
81,16,309.6161,0.9267,0.0
81,17,250.2872,0.9267,0.0
81,18,203.0702,0.9267,0.0
81,19,1619.9398,0.9267,0.0
81,20,1276.8842,0.9267,0.0
81,21,1044.6215,0.9267,0.0
81,22,1000.559,0.9267,0.0
81,23,911.7,0.9267,0.0
81,24,718.3558,0.9267,0.0
81,25,779.3852,0.9267,0.0
81,26,611.3115,0.9267,0.0
81,27,640.53,0.9267,0.0
81,28,663.1102,0.9267,0.0
81,29,508.8879,0.9267,0.0
81,30,513.812,0.9267,0.0
81,31,611.2503,0.9267,0.0
81,32,528.5509,0.9267,0.0
81,33,443.4125,0.9267,0.0
81,34,394.08,0.9267,0.0
81,35,341.6552,0.9267,0.0
81,36,294.7351,0.9267,0.0
81,37,1809.686,0.9267,0.0
81,38,1524.5549,0.9267,0.0
81,39,1313.1378,0.9267,0.0
81,40,1168.2143,0.9267,0.0
81,41,1058.4151,0.9267,0.0
81,42,808.5578,0.9267,0.0
81,43,905.6928,0.9267,0.0
81,44,682.0711,0.9267,0.0
81,45,744.9376,0.9267,0.0
81,46,688.0703,0.9267,0.0
81,47,575.9928,0.9267,0.0
81,48,603.3005,0.9267,0.0
81,49,766.6573,0.9267,0.0
81,50,697.2453,0.9267,0.0
81,51,611.9984,0.9267,0.0
81,52,562.88,0.9267,0.0
81,53,504.3841,0.9267,0.0
81,54,449.801,0.9267,0.0
81,55,2204.6359,0.9267,0.0
81,56,1955.749,0.9267,0.0
81,57,1689.1285,0.9267,0.0
81,58,725.3191,0.9267,2.7991
81,59,1723.5094,0.9267,0.0
81,60,1649.9797,0.9267,0.0
81,61,1607.2448,0.9267,0.0
81,62,1568.0817,0.9267,0.0
81,63,1533.3057,0.9267,0.0
81,64,1184.4744,0.9267,0.0
81,65,1372.1977,0.9267,0.0
81,66,1319.3709,0.9267,0.0
81,67,1376.8441,0.9267,0.0
81,68,1346.9267,0.9267,0.0
81,69,1319.6608,0.9267,0.0
81,70,1305.1597,0.9267,0.0
81,71,1086.5229,0.9267,0.0
81,72,1050.105,0.9267,0.0
81,73,948.9833,0.9267,0.0
81,74,796.0121,0.9267,0.0
81,75,806.5417,0.9267,0.0
81,76,725.0493,0.9267,0.0
81,77,659.7822,0.9267,0.0
81,78,544.8994,0.9267,0.0
81,79,507.921,0.9267,0.0
81,80,520.6273,0.9267,0.0
81,81,784.9496,0.9267,0.0
81,82,757.2566,0.9267,0.0
81,83,686.2168,0.9267,0.0
81,84,649.4501,0.9267,0.0
81,85,594.0956,0.9267,0.0
81,86,540.3621,0.9267,0.0
81,87,2053.0994,0.9267,0.0
81,88,1917.2106,0.9267,0.0
81,89,1668.137,0.9267,0.0
81,90,1473.5523,0.9267,0.0
81,91,1476.4021,0.9267,0.0
81,92,1428.94,0.9267,0.0
81,93,1487.1204,0.9267,0.0
81,94,1437.1768,0.9267,0.0
81,1,74.8265,0.9267,0.0
81,3,254.7991,0.9267,0.9865
81,4,323.0933,0.9267,0.9808
81,5,239.2545,0.9267,0.9706
81,6,177.3933,0.9267,0.9868
81,7,121.3356,0.9267,0.9944
81,8,87.2983,0.9267,0.9925
81,9,59.255,0.9267,0.9982
81,11,375.2846,0.9267,0.9684
81,12,582.2068,0.9267,0.9628
81,13,579.56,0.9267,0.9648
81,14,454.6872,0.9267,0.9507
81,15,366.1607,0.9267,0.9947
81,16,306.3303,0.9267,0.9948
81,17,247.7688,0.9267,0.9972
81,19,511.646,0.9267,0.9767
81,20,1022.4025,0.9267,0.9831
81,21,500.9073,0.9267,1.8627
81,22,483.4915,0.9267,1.8299
81,23,474.0521,0.9267,1.9138
81,24,470.8995,0.9267,1.8269
81,25,428.0435,0.9267,1.6406
81,26,394.9339,0.9267,1.6483
81,27,376.869,0.9267,1.7149
81,28,368.8212,0.9267,1.7937
81,29,367.7662,0.9267,0.9576
81,30,339.4098,0.9267,1.9419
81,31,571.254,0.9267,0.9601
81,32,492.3727,0.9267,0.9434
81,33,435.51,0.9267,0.9889
81,34,394.3108,0.9267,0.9901
81,35,344.2133,0.9267,0.9974
81,37,608.117,0.9267,0.9738
81,38,1247.8398,0.9267,0.9801
81,39,922.8166,0.9267,1.9153
81,40,664.1554,0.9267,1.9355
81,41,670.9256,0.9267,1.9545
81,42,623.3449,0.9267,1.942
81,43,710.5561,0.9267,1.6682
81,44,537.4115,0.9267,1.8584
81,45,502.4772,0.9267,1.9003
81,46,465.8349,0.9267,1.863
81,47,451.4298,0.9267,0.9679
81,48,442.5069,0.9267,1.9539
81,49,726.603,0.9267,0.9633
81,50,646.4014,0.9267,0.9514
81,51,598.6193,0.9267,0.9749
81,52,562.1551,0.9267,0.9811
81,53,509.1742,0.9267,0.9968
81,55,709.7641,0.9267,0.9909
81,56,1630.7553,0.9267,0.9797
81,57,1171.8156,0.9267,1.9373
81,59,702.8645,0.9267,2.9425
81,60,688.2219,0.9267,2.9455
81,61,665.9391,0.9267,2.9413
81,62,670.8247,0.9267,2.93
81,63,651.7394,0.9267,1.8286
81,64,675.3785,0.9267,2.8732
81,65,633.1582,0.9267,2.9086
81,66,647.1351,0.9267,2.8965
81,67,599.7511,0.9267,2.9242
81,68,582.2268,0.9267,2.9282
81,69,578.8104,0.9267,2.9246
81,70,610.1764,0.9267,2.8482
81,71,558.7749,0.9267,2.9219
81,72,778.7039,0.9267,1.9254
81,73,715.9335,0.9267,1.9459
81,74,646.9731,0.9267,1.9292
81,75,660.3926,0.9267,1.8104
81,76,565.4035,0.9267,1.8858
81,77,530.4405,0.9267,1.8648
81,78,505.8634,0.9267,1.9188
81,79,484.0395,0.9267,0.9846
81,80,463.9553,0.9267,1.9896
81,81,778.6188,0.9267,0.9267
82,1,42.434,0.9383,0.9118
82,2,27.9073,0.9383,0.0
82,3,688.0756,0.9383,0.0
82,4,389.4357,0.9383,0.0
82,5,259.4598,0.9383,0.0
82,6,174.0789,0.9383,0.0
82,7,121.2408,0.9383,0.0
82,8,91.6035,0.9383,0.0
82,9,69.3207,0.9383,0.0
82,10,53.3105,0.9383,0.0
82,11,821.9796,0.9383,0.0
82,12,622.8471,0.9383,0.0
82,13,570.7867,0.9383,0.0
82,14,446.3476,0.9383,0.0
82,15,345.9762,0.9383,0.0
82,16,286.1418,0.9383,0.0
82,17,233.0385,0.9383,0.0
82,18,190.2365,0.9383,0.0
82,19,1351.4635,0.9383,0.0
82,20,1101.5257,0.9383,0.0
82,21,907.5192,0.9383,0.0
82,22,874.2469,0.9383,0.0
82,23,799.4271,0.9383,0.0
82,24,629.782,0.9383,0.0
82,25,686.8786,0.9383,0.0
82,26,539.019,0.9383,0.0
82,27,569.4339,0.9383,0.0
82,28,587.4631,0.9383,0.0
82,29,450.5486,0.9383,0.0
82,30,460.2861,0.9383,0.0
82,31,545.6804,0.9383,0.0
82,32,478.3664,0.9383,0.0
82,33,405.9374,0.9383,0.0
82,34,363.1743,0.9383,0.0
82,35,316.9271,0.9383,0.0
82,36,274.9747,0.9383,0.0
82,37,1513.1,0.9383,0.0
82,38,1313.0553,0.9383,0.0
82,39,1144.5456,0.9383,0.0
82,40,1025.5674,0.9383,0.0
82,41,933.3741,0.9383,0.0
82,42,718.3231,0.9383,0.0
82,43,802.4242,0.9383,0.0
82,44,609.2472,0.9383,0.0
82,45,665.8346,0.9383,0.0
82,46,616.7552,0.9383,0.0
82,47,514.893,0.9383,0.0
82,48,542.7164,0.9383,0.0
82,49,683.5217,0.9383,0.0
82,50,628.9089,0.9383,0.0
82,51,557.8416,0.9383,0.0
82,52,516.1475,0.9383,0.0
82,53,465.3787,0.9383,0.0
82,54,417.3555,0.9383,0.0
82,55,1842.7711,0.9383,0.0
82,56,1676.7003,0.9383,0.0
82,57,1465.7704,0.9383,0.0
82,58,659.6273,0.9383,2.7991
82,59,1483.4234,0.9383,0.0
82,60,1423.2913,0.9383,0.0
82,61,1387.2742,0.9383,0.0
82,62,1354.1823,0.9383,0.0
82,63,1324.8237,0.9383,0.0
82,64,1036.2745,0.9383,0.0
82,65,1176.1635,0.9383,0.0
82,66,1133.2571,0.9383,0.0
82,67,1193.4379,0.9383,0.0
82,68,1167.9468,0.9383,0.0
82,69,1144.8817,0.9383,0.0
82,70,1131.7397,0.9383,0.0
82,71,950.0808,0.9383,0.0
82,72,929.488,0.9383,0.0
82,73,845.7714,0.9383,0.0
82,74,712.708,0.9383,0.0
82,75,724.21,0.9383,0.0
82,76,654.7815,0.9383,0.0
82,77,598.5406,0.9383,0.0
82,78,496.3904,0.9383,0.0
82,79,463.4993,0.9383,0.0
82,80,476.2993,0.9383,0.0
82,81,701.1621,0.9383,0.0
82,82,682.8545,0.9383,0.0
82,83,624.8006,0.9383,0.0
82,84,594.4628,0.9383,0.0
82,85,547.1156,0.9383,0.0
82,86,500.2711,0.9383,0.0
82,87,1733.1333,0.9383,0.0
82,88,1653.7357,0.9383,0.0
82,89,1455.2479,0.9383,0.0
82,90,1301.187,0.9383,0.0
82,91,1295.3664,0.9383,0.0
82,92,1254.1422,0.9383,0.0
82,93,1295.5258,0.9383,0.0
82,94,1253.8462,0.9383,0.0
82,1,68.7009,0.9383,0.0
82,3,226.0586,0.9383,0.9865
82,4,287.7587,0.9383,0.9808
82,5,217.8236,0.9383,0.9706
82,6,163.3324,0.9383,0.9868
82,7,113.0674,0.9383,0.9944
82,8,82.1115,0.9383,0.9925
82,9,56.3445,0.9383,0.9982
82,11,331.2846,0.9383,0.9684
82,12,512.6793,0.9383,0.9628
82,13,516.5979,0.9383,0.9648
82,14,412.1123,0.9383,0.9507
82,15,335.7795,0.9383,0.9947
82,16,283.0298,0.9383,0.9948
82,17,230.6495,0.9383,0.9972
82,19,455.1207,0.9383,0.9767
82,20,880.9955,0.9383,0.9831
82,21,452.4223,0.9383,1.8627
82,22,436.7178,0.9383,1.8299
82,23,428.0767,0.9383,1.9138
82,24,424.4677,0.9383,1.8269
82,25,389.1761,0.9383,1.6406
82,26,359.8544,0.9383,1.6483
82,27,343.3252,0.9383,1.7149
82,28,335.7634,0.9383,1.7937
82,29,332.6986,0.9383,0.9576
82,30,310.5826,0.9383,1.9419
82,31,511.7453,0.9383,0.9601
82,32,446.9327,0.9383,0.9434
82,33,398.9425,0.9383,0.9889
82,34,363.337,0.9383,0.9901
82,35,319.1845,0.9383,0.9974
82,37,542.3817,0.9383,0.9738
82,38,1072.824,0.9383,0.9801
82,39,812.1311,0.9383,1.9153
82,40,598.6852,0.9383,1.9355
82,41,604.7275,0.9383,1.9545
82,42,563.2632,0.9383,1.942
82,43,634.6944,0.9383,1.6682
82,44,489.4453,0.9383,1.8584
82,45,457.8376,0.9383,1.9003
82,46,424.9729,0.9383,1.863
82,47,411.3726,0.9383,0.9679
82,48,405.8302,0.9383,1.9539
82,49,650.422,0.9383,0.9633
82,50,585.4379,0.9383,0.9514
82,51,546.3819,0.9383,0.9749
82,52,515.6769,0.9383,0.9811
82,53,469.7578,0.9383,0.9968
82,55,638.7185,0.9383,0.9909
82,56,1393.8082,0.9383,0.9797
82,57,1028.7291,0.9383,1.9373
82,59,639.5798,0.9383,2.9425
82,60,626.3297,0.9383,2.9455
82,61,606.3508,0.9383,2.9413
82,62,609.7571,0.9383,2.93
82,63,589.2403,0.9383,1.8286
82,64,613.6978,0.9383,2.8732
82,65,576.1155,0.9383,2.9086
82,66,586.9703,0.9383,2.8965
82,67,546.4944,0.9383,2.9242
82,68,530.8034,0.9383,2.9282
82,69,527.4833,0.9383,2.9246
82,70,554.9319,0.9383,2.8482
82,71,509.6521,0.9383,2.9219
82,72,696.2111,0.9383,1.9254
82,73,644.3437,0.9383,1.9459
82,74,586.2507,0.9383,1.9292
82,75,594.8032,0.9383,1.8104
82,76,517.2394,0.9383,1.8858
82,77,486.235,0.9383,1.8648
82,78,464.2443,0.9383,1.9188
82,79,444.0034,0.9383,0.9846
82,80,427.9859,0.9383,1.9896
82,81,697.957,0.9383,0.9267
82,82,632.9991,0.9383,0.9383
83,1,41.5964,0.982,0.9118
83,2,27.6093,0.982,0.0
83,3,639.1391,0.982,0.0
83,4,371.4051,0.982,0.0
83,5,250.8181,0.982,0.0
83,6,169.8421,0.982,0.0
83,7,119.0347,0.982,0.0
83,8,90.3052,0.982,0.0
83,9,68.5593,0.982,0.0
83,10,52.8501,0.982,0.0
83,11,764.7264,0.982,0.0
83,12,591.3242,0.982,0.0
83,13,545.8655,0.982,0.0
83,14,430.9272,0.982,0.0
83,15,336.5482,0.982,0.0
83,16,279.615,0.982,0.0
83,17,228.6709,0.982,0.0
83,18,187.3061,0.982,0.0
83,19,1251.9864,0.982,0.0
83,20,1037.1898,0.982,0.0
83,21,857.5695,0.982,0.0
83,22,828.7352,0.982,0.0
83,23,759.2415,0.982,0.0
83,24,598.2583,0.982,0.0
83,25,654.1216,0.982,0.0
83,26,513.5941,0.982,0.0
83,27,544.7508,0.982,0.0
83,28,560.9353,0.982,0.0
83,29,430.216,0.982,0.0
83,30,442.1285,0.982,0.0
83,31,523.2478,0.982,0.0
83,32,462.0716,0.982,0.0
83,33,394.5852,0.982,0.0
83,34,354.3291,0.982,0.0
83,35,310.3386,0.982,0.0
83,36,270.12,0.982,0.0
83,37,1403.6411,0.982,0.0
83,38,1235.5778,0.982,0.0
83,39,1083.7333,0.982,0.0
83,40,974.7789,0.982,0.0
83,41,889.3363,0.982,0.0
83,42,687.2609,0.982,0.0
83,43,766.5586,0.982,0.0
83,44,584.6336,0.982,0.0
83,45,638.9836,0.982,0.0
83,46,592.769,0.982,0.0
83,47,494.3345,0.982,0.0
83,48,522.596,0.982,0.0
83,49,655.0919,0.982,0.0
83,50,606.4077,0.982,0.0
83,51,540.9395,0.982,0.0
83,52,502.165,0.982,0.0
83,53,454.3277,0.982,0.0
83,54,408.7212,0.982,0.0
83,55,1709.8764,0.982,0.0
83,56,1574.4445,0.982,0.0
83,57,1384.9862,0.982,0.0
83,58,638.9321,0.982,2.7991
83,59,1395.804,0.982,0.0
83,60,1340.6235,0.982,0.0
83,61,1307.081,0.982,0.0
83,62,1276.222,0.982,0.0
83,63,1248.8582,0.982,0.0
83,64,983.4716,0.982,0.0
83,65,1105.0192,0.982,0.0
83,66,1065.979,0.982,0.0
83,67,1126.7767,0.982,0.0
83,68,1102.9019,0.982,0.0
83,69,1081.388,0.982,0.0
83,70,1068.6785,0.982,0.0
83,71,901.2822,0.982,0.0
83,72,887.2966,0.982,0.0
83,73,810.3456,0.982,0.0
83,74,684.7157,0.982,0.0
83,75,696.7607,0.982,0.0
83,76,631.8903,0.982,0.0
83,77,579.0168,0.982,0.0
83,78,481.3486,0.982,0.0
83,79,449.8803,0.982,0.0
83,80,462.8708,0.982,0.0
83,81,672.9015,0.982,0.0
83,82,658.4391,0.982,0.0
83,83,605.5499,0.982,0.0
83,84,577.8074,0.982,0.0
83,85,533.5647,0.982,0.0
83,86,489.3116,0.982,0.0
83,87,1616.2977,0.982,0.0
83,88,1557.8929,0.982,0.0
83,89,1378.7984,0.982,0.0
83,90,1240.7328,0.982,0.0
83,91,1231.2018,0.982,0.0
83,92,1192.2019,0.982,0.0
83,93,1226.6358,0.982,0.0
83,94,1188.0528,0.982,0.0
83,1,66.8857,0.982,0.0
83,3,215.9908,0.982,0.9865
83,4,275.6211,0.982,0.9808
83,5,211.1078,0.982,0.9706
83,6,159.3045,0.982,0.9868
83,7,111.0078,0.982,0.9944
83,8,81.0238,0.982,0.9925
83,9,55.9216,0.982,0.9982
83,11,315.6947,0.982,0.9684
83,12,487.9884,0.982,0.9628
83,13,494.8807,0.982,0.9648
83,14,398.3895,0.982,0.9507
83,15,326.7015,0.982,0.9947
83,16,276.5367,0.982,0.9948
83,17,226.3038,0.982,0.9972
83,19,435.7852,0.982,0.9767
83,20,829.7866,0.982,0.9831
83,21,436.5563,0.982,1.8627
83,22,421.4858,0.982,1.8299
83,23,413.0794,0.982,1.9138
83,24,409.2113,0.982,1.8269
83,25,376.8524,0.982,1.6406
83,26,348.8825,0.982,1.6483
83,27,332.8405,0.982,1.7149
83,28,325.3891,0.982,1.7937
83,29,321.3335,0.982,0.9576
83,30,301.7975,0.982,1.9419
83,31,491.6232,0.982,0.9601
83,32,432.4153,0.982,0.9434
83,33,387.921,0.982,0.9889
83,34,354.4637,0.982,0.9901
83,35,312.4875,0.982,0.9974
83,37,520.1567,0.982,0.9738
83,38,1009.5291,0.982,0.9801
83,39,773.6203,0.982,1.9153
83,40,577.2776,0.982,1.9355
83,41,583.0094,0.982,1.9545
83,42,543.8367,0.982,1.942
83,43,609.232,0.982,1.6682
83,44,474.4987,0.982,1.8584
83,45,443.9926,0.982,1.9003
83,46,412.4056,0.982,1.863
83,47,398.9498,0.982,0.9679
83,48,394.8667,0.982,1.9539
83,49,624.691,0.982,0.9633
83,50,565.7546,0.982,0.9514
83,51,530.2215,0.982,0.9749
83,52,501.8122,0.982,0.9811
83,53,458.5808,0.982,0.9968
83,55,615.4853,0.982,0.9909
83,56,1308.1372,0.982,0.9797
83,57,978.8763,0.982,1.9373
83,59,619.7104,0.982,2.9425
83,60,606.9059,0.982,2.9455
83,61,587.7074,0.982,2.9413
83,62,590.4967,0.982,2.93
83,63,568.9883,0.982,1.8286
83,64,594.1781,0.982,2.8732
83,65,558.1853,0.982,2.9086
83,66,567.7973,0.982,2.8965
83,67,529.8806,0.982,2.9242
83,68,514.8088,0.982,2.9282
83,69,511.4801,0.982,2.9246
83,70,537.4797,0.982,2.8482
83,71,494.406,0.982,2.9219
83,72,668.5211,0.982,1.9254
83,73,620.8701,0.982,1.9459
83,74,566.9046,0.982,1.9292
83,75,573.345,0.982,1.8104
83,76,502.6732,0.982,1.8858
83,77,473.0598,0.982,1.8648
83,78,451.9506,0.982,1.9188
83,79,432.1513,0.982,0.9846
83,80,417.7789,0.982,1.9896
83,81,671.0011,0.982,0.9267
83,82,612.2366,0.982,0.9383
83,83,594.0457,0.982,0.982
84,1,40.784,0.9815,0.9118
84,2,27.2927,0.9815,0.0
84,3,603.7828,0.9815,0.0
84,4,356.6773,0.9815,0.0
84,5,243.2553,0.9815,0.0
84,6,165.918,0.9815,0.0
84,7,116.8921,0.9815,0.0
84,8,88.996,0.9815,0.0
84,9,67.7625,0.9815,0.0
84,10,52.352,0.9815,0.0
84,11,723.1832,0.9815,0.0
84,12,566.1891,0.9815,0.0
84,13,525.3265,0.9815,0.0
84,14,417.5182,0.9815,0.0
84,15,327.942,0.9815,0.0
84,16,273.4676,0.9815,0.0
84,17,224.4164,0.9815,0.0
84,18,184.3601,0.9815,0.0
84,19,1181.9863,0.9815,0.0
84,20,988.2709,0.9815,0.0
84,21,818.916,0.9815,0.0
84,22,793.127,0.9815,0.0
84,23,727.5491,0.9815,0.0
84,24,573.6157,0.9815,0.0
84,25,627.9828,0.9815,0.0
84,26,493.4612,0.9815,0.0
84,27,524.5809,0.9815,0.0
84,28,539.441,0.9815,0.0
84,29,413.9597,0.9815,0.0
84,30,426.9611,0.9815,0.0
84,31,504.6627,0.9815,0.0
84,32,447.9342,0.9815,0.0
84,33,384.3087,0.9815,0.0
84,34,346.1124,0.9815,0.0
84,35,304.0401,0.9815,0.0
84,36,265.3465,0.9815,0.0
84,37,1326.5708,0.9815,0.0
84,38,1177.0902,0.9815,0.0
84,39,1036.566,0.9815,0.0
84,40,934.7359,0.9815,0.0
84,41,854.2884,0.9815,0.0
84,42,662.2437,0.9815,0.0
84,43,737.7893,0.9815,0.0
84,44,564.5986,0.9815,0.0
84,45,616.9108,0.9815,0.0
84,46,572.8955,0.9815,0.0
84,47,477.6572,0.9815,0.0
84,48,505.7567,0.9815,0.0
84,49,631.8602,0.9815,0.0
84,50,587.2526,0.9815,0.0
84,51,525.9823,0.9815,0.0
84,52,489.5004,0.9815,0.0
84,53,444.0535,0.9815,0.0
84,54,400.4827,0.9815,0.0
84,55,1616.6889,0.9815,0.0
84,56,1498.306,0.9815,0.0
84,57,1323.1799,0.9815,0.0
84,58,620.8891,0.9815,2.7991
84,59,1330.0657,0.9815,0.0
84,60,1278.2459,0.9815,0.0
84,61,1246.4709,0.9815,0.0
84,62,1217.2125,0.9815,0.0
84,63,1191.2765,0.9815,0.0
84,64,942.4892,0.9815,0.0
84,65,1052.6025,0.9815,0.0
84,66,1016.2272,0.9815,0.0
84,67,1075.8235,0.9815,0.0
84,68,1053.1221,0.9815,0.0
84,69,1032.7245,0.9815,0.0
84,70,1020.3815,0.9815,0.0
84,71,863.2925,0.9815,0.0
84,72,853.3159,0.9815,0.0
84,73,781.3051,0.9815,0.0
84,74,661.6565,0.9815,0.0
84,75,673.8893,0.9815,0.0
84,76,612.4862,0.9815,0.0
84,77,562.2334,0.9815,0.0
84,78,468.3459,0.9815,0.0
84,79,438.0702,0.9815,0.0
84,80,451.0299,0.9815,0.0
84,81,649.9322,0.9815,0.0
84,82,637.841,0.9815,0.0
84,83,588.6922,0.9815,0.0
84,84,562.9049,0.9815,0.0
84,85,521.1177,0.9815,0.0
84,86,478.9983,0.9815,0.0
84,87,1533.0137,0.9815,0.0
84,88,1485.6837,0.9815,0.0
84,89,1319.5792,0.9815,0.0
84,90,1192.5537,0.9815,0.0
84,91,1181.0674,0.9815,0.0
84,92,1143.7723,0.9815,0.0
84,93,1173.67,0.9815,0.0
84,94,1137.2796,0.9815,0.0
84,1,65.2146,0.9815,0.0
84,3,207.7296,0.9815,0.9865
84,4,265.6196,0.9815,0.9808
84,5,205.1682,0.9815,0.9706
84,6,155.6188,0.9815,0.9868
84,7,109.0287,0.9815,0.9944
84,8,79.923,0.9815,0.9925
84,9,55.445,0.9815,0.9982
84,11,303.1305,0.9815,0.9684
84,12,468.2106,0.9815,0.9628
84,13,476.859,0.9815,0.9648
84,14,386.3885,0.9815,0.9507
84,15,318.4162,0.9815,0.9947
84,16,270.4365,0.9815,0.9948
84,17,222.08,0.9815,0.9972
84,19,420.2116,0.9815,0.9767
84,20,791.4164,0.9815,0.9831
84,21,422.9969,0.9815,1.8627
84,22,408.51,0.9815,1.8299
84,23,400.3242,0.9815,1.9138
84,24,396.3285,0.9815,1.8269
84,25,366.054,0.9815,1.6406
84,26,339.2062,0.9815,1.6483
84,27,323.6247,0.9815,1.7149
84,28,316.3002,0.9815,1.7937
84,29,311.6355,0.9815,0.9576
84,30,293.9063,0.9815,1.9419
84,31,474.7845,0.9815,0.9601
84,32,419.7026,0.9815,0.9434
84,33,377.9262,0.9815,0.9889
84,34,346.2301,0.9815,0.9901
84,35,306.0997,0.9815,0.9974
84,37,502.2018,0.9815,0.9738
84,38,962.5205,0.9815,0.9801
84,39,743.4991,0.9815,1.9153
84,40,559.2512,0.9815,1.9355
84,41,564.726,0.9815,1.9545
84,42,527.3975,0.9815,1.942
84,43,588.5768,0.9815,1.6682
84,44,461.4745,0.9815,1.8584
84,45,431.9526,0.9815,1.9003
84,46,401.4589,0.9815,1.863
84,47,388.1797,0.9815,0.9679
84,48,385.019,0.9815,1.9539
84,49,603.4075,0.9815,0.9633
84,50,548.7765,0.9815,0.9514
84,51,515.8479,0.9815,0.9749
84,52,489.2328,0.9815,0.9811
84,53,448.1906,0.9815,0.9968
84,55,596.1669,0.9815,0.9909
84,56,1245.574,0.9815,0.9797
84,57,940.2295,0.9815,1.9373
84,59,602.355,0.9815,2.9425
84,60,589.9322,0.9815,2.9455
84,61,571.3908,0.9815,2.9413
84,62,573.7638,0.9815,2.93
84,63,551.7791,0.9815,1.8286
84,64,577.2075,0.9815,2.8732
84,65,542.5231,0.9815,2.9086
84,66,551.2842,0.9815,2.8965
84,67,515.2756,0.9815,2.9242
84,68,500.7166,0.9815,2.9282
84,69,497.3978,0.9815,2.9246
84,70,522.2,0.9815,2.8482
84,71,480.9331,0.9815,2.9219
84,72,645.8443,0.9815,1.9254
84,73,601.2747,0.9815,1.9459
84,74,550.3934,0.9815,1.9292
84,75,555.4235,0.9815,1.8104
84,76,489.7675,0.9815,1.8858
84,77,461.3238,0.9815,1.8648
84,78,440.9723,0.9815,1.9188
84,79,421.6354,0.9815,0.9846
84,80,408.4221,0.9815,1.9896
84,81,648.796,0.9815,0.9267
84,82,594.364,0.9815,0.9383
84,83,577.9736,0.9815,0.982
84,84,563.2463,0.9815,0.9815
85,1,38.5121,0.9954,0.9118
85,2,26.1111,0.9954,0.0
85,3,541.7823,0.9954,0.0
85,4,327.046,0.9954,0.0
85,5,226.1285,0.9954,0.0
85,6,155.8682,0.9954,0.0
85,7,110.682,0.9954,0.0
85,8,84.7401,0.9954,0.0
85,9,64.8287,0.9954,0.0
85,10,50.2741,0.9954,0.0
85,11,649.9141,0.9954,0.0
85,12,517.1372,0.9954,0.0
85,13,483.1435,0.9954,0.0
85,14,387.5689,0.9954,0.0
85,15,306.8904,0.9954,0.0
85,16,257.3,0.9954,0.0
85,17,212.2457,0.9954,0.0
85,18,175.1529,0.9954,0.0
85,19,1060.5365,0.9954,0.0
85,20,897.1564,0.9954,0.0
85,21,745.545,0.9954,0.0
85,22,724.2805,0.9954,0.0
85,23,665.56,0.9954,0.0
85,24,525.3466,0.9954,0.0
85,25,575.9477,0.9954,0.0
85,26,453.2353,0.9954,0.0
85,27,483.1101,0.9954,0.0
85,28,495.8721,0.9954,0.0
85,29,380.9995,0.9954,0.0
85,30,394.736,0.9954,0.0
85,31,465.6773,0.9954,0.0
85,32,416.1967,0.9954,0.0
85,33,359.4322,0.9954,0.0
85,34,325.0832,0.9954,0.0
85,35,286.8165,0.9954,0.0
85,36,251.3275,0.9954,0.0
85,37,1192.1368,0.9954,0.0
85,38,1068.4888,0.9954,0.0
85,39,945.947,0.9954,0.0
85,40,855.9848,0.9954,0.0
85,41,784.2171,0.9954,0.0
85,42,610.6965,0.9954,0.0
85,43,679.1913,0.9954,0.0
85,44,522.32,0.9954,0.0
85,45,570.3414,0.9954,0.0
85,46,530.4326,0.9954,0.0
85,47,442.3361,0.9954,0.0
85,48,469.1694,0.9954,0.0
85,49,583.3654,0.9954,0.0
85,50,545.0623,0.9954,0.0
85,51,490.9194,0.9954,0.0
85,52,458.4777,0.9954,0.0
85,53,417.507,0.9954,0.0
85,54,377.9266,0.9954,0.0
85,55,1453.8408,0.9954,0.0
85,56,1358.3391,0.9954,0.0
85,57,1205.7906,0.9954,0.0
85,58,579.1142,0.9954,2.7991
85,59,1208.0329,0.9954,0.0
85,60,1161.8576,0.9954,0.0
85,61,1133.214,0.9954,0.0
85,62,1106.8065,0.9954,0.0
85,63,1083.4069,0.9954,0.0
85,64,862.6601,0.9954,0.0
85,65,955.9642,0.9954,0.0
85,66,923.9161,0.9954,0.0
85,67,979.5788,0.9954,0.0
85,68,959.0071,0.9954,0.0
85,69,940.5964,0.9954,0.0
85,70,929.088,0.9954,0.0
85,71,789.5044,0.9954,0.0
85,72,784.482,0.9954,0.0
85,73,720.8197,0.9954,0.0
85,74,612.4829,0.9954,0.0
85,75,624.5088,0.9954,0.0
85,76,569.3474,0.9954,0.0
85,77,523.952,0.9954,0.0
85,78,437.8261,0.9954,0.0
85,79,410.0181,0.9954,0.0
85,80,422.4769,0.9954,0.0
85,81,601.4113,0.9954,0.0
85,82,592.4491,0.9954,0.0
85,83,549.4248,0.9954,0.0
85,84,526.8857,0.9954,0.0
85,85,489.5133,0.9954,0.0
85,86,451.4455,0.9954,0.0
85,87,1384.4068,0.9954,0.0
85,88,1350.7426,0.9954,0.0
85,89,1205.3587,0.9954,0.0
85,90,1095.7307,0.9954,0.0
85,91,1082.4781,0.9954,0.0
85,92,1048.4614,0.9954,0.0
85,93,1072.0311,0.9954,0.0
85,94,1039.4256,0.9954,0.0
85,1,61.0757,0.9954,0.0
85,3,190.8807,0.9954,0.9865
85,4,244.794,0.9954,0.9808
85,5,191.3087,0.9954,0.9706
85,6,146.2118,0.9954,0.9868
85,7,103.2804,0.9954,0.9944
85,8,76.2186,0.9954,0.9925
85,9,53.3092,0.9954,0.9982
85,11,278.0094,0.9954,0.9684
85,12,428.9192,0.9954,0.9628
85,13,439.3457,0.9954,0.9648
85,14,359.2039,0.9954,0.9507
85,15,298.0806,0.9954,0.9947
85,16,254.4284,0.9954,0.9948
85,17,210.0233,0.9954,0.9972
85,19,387.9111,0.9954,0.9767
85,20,719.7141,0.9954,0.9831
85,21,392.8995,0.9954,1.8627
85,22,379.6269,0.9954,1.8299
85,23,371.9863,0.9954,1.9138
85,24,367.9773,0.9954,1.8269
85,25,341.1725,0.9954,1.6406
85,26,316.5839,0.9954,1.6483
85,27,302.0858,0.9954,1.7149
85,28,295.1541,0.9954,1.7937
85,29,289.9157,0.9954,0.9576
85,30,274.926,0.9954,1.9419
85,31,438.9,0.9954,0.9601
85,32,390.6452,0.9954,0.9434
85,33,353.6122,0.9954,0.9889
85,34,325.1791,0.9954,0.9901
85,35,288.6991,0.9954,0.9974
85,37,464.4598,0.9954,0.9738
85,38,875.0712,0.9954,0.9801
85,39,683.1977,0.9954,1.9153
85,40,519.4398,0.9954,1.9355
85,41,524.4449,0.9954,1.9545
85,42,490.6173,0.9954,1.942
85,43,544.793,0.9954,1.6682
85,44,431.0011,0.9954,1.8584
85,45,403.6693,0.9954,1.9003
85,46,375.5218,0.9954,1.863
85,47,362.8851,0.9954,0.9679
85,48,360.8931,0.9954,1.9539
85,49,558.1846,0.9954,0.9633
85,50,510.5057,0.9954,0.9514
85,51,481.8362,0.9954,0.9749
85,52,458.3253,0.9954,0.9811
85,53,421.366,0.9954,0.9968
85,55,553.6997,0.9954,0.9909
85,56,1130.6124,0.9954,0.9797
85,57,863.3805,0.9954,1.9373
85,59,562.0223,0.9954,2.9425
85,60,550.4639,0.9954,2.9455
85,61,533.3252,0.9954,2.9413
85,62,535.1107,0.9954,2.93
85,63,513.2832,0.9954,1.8286
85,64,538.1196,0.9954,2.8732
85,65,506.1617,0.9954,2.9086
85,66,513.613,0.9954,2.8965
85,67,481.0697,0.9954,2.9242
85,68,467.6013,0.9954,2.9282
85,69,464.392,0.9954,2.9246
85,70,486.8802,0.9954,2.8482
85,71,449.1881,0.9954,2.9219
85,72,597.6183,0.9954,1.9254
85,73,558.2674,0.9954,1.9459
85,74,512.8204,0.9954,1.9292
85,75,515.9741,0.9954,1.8104
85,76,458.5923,0.9954,1.8858
85,77,432.5432,0.9954,1.8648
85,78,413.8059,0.9954,1.9188
85,79,395.6923,0.9954,0.9846
85,80,384.2979,0.9954,1.9896
85,81,601.1796,0.9954,0.9267
85,82,553.6959,0.9954,0.9383
85,83,540.0116,0.9954,0.982
85,84,527.4278,0.9954,0.9815
85,85,495.4474,0.9954,0.9954
87,1,47.7016,0.9705,0.9118
87,2,30.9827,0.9705,0.0
87,3,821.2898,0.9705,0.0
87,4,449.0776,0.9705,0.0
87,5,295.2992,0.9705,0.0
87,6,196.4082,0.9705,0.0
87,7,135.8619,0.9705,0.0
87,8,102.0913,0.9705,0.0
87,9,76.8281,0.9705,0.0
87,10,58.7599,0.9705,0.0
87,11,978.7272,0.9705,0.0
87,12,721.6286,0.9705,0.0
87,13,656.4658,0.9705,0.0
87,14,508.4877,0.9705,0.0
87,15,391.4528,0.9705,0.0
87,16,322.4346,0.9705,0.0
87,17,261.5363,0.9705,0.0
87,18,212.691,0.9705,0.0
87,19,1623.5241,0.9705,0.0
87,20,1290.6007,0.9705,0.0
87,21,1058.1233,0.9705,0.0
87,22,1015.7559,0.9705,0.0
87,23,926.717,0.9705,0.0
87,24,730.3469,0.9705,0.0
87,25,793.6663,0.9705,0.0
87,26,622.739,0.9705,0.0
87,27,654.3215,0.9705,0.0
87,28,676.3693,0.9705,0.0
87,29,519.0234,0.9705,0.0
87,30,526.3991,0.9705,0.0
87,31,626.0266,0.9705,0.0
87,32,544.6178,0.9705,0.0
87,33,459.4511,0.9705,0.0
87,34,409.7155,0.9705,0.0
87,35,356.3324,0.9705,0.0
87,36,308.1805,0.9705,0.0
87,37,1815.4672,0.9705,0.0
87,38,1540.7355,0.9705,0.0
87,39,1332.5023,0.9705,0.0
87,40,1188.5781,0.9705,0.0
87,41,1078.7813,0.9705,0.0
87,42,826.6191,0.9705,0.0
87,43,924.7992,0.9705,0.0
87,44,698.6886,0.9705,0.0
87,45,762.9614,0.9705,0.0
87,46,705.4029,0.9705,0.0
87,47,589.9223,0.9705,0.0
87,48,619.1778,0.9705,0.0
87,49,784.3364,0.9705,0.0
87,50,716.7123,0.9705,0.0
87,51,632.1327,0.9705,0.0
87,52,583.1447,0.9705,0.0
87,53,524.153,0.9705,0.0
87,54,468.7123,0.9705,0.0
87,55,2213.3513,0.9705,0.0
87,56,1974.6939,0.9705,0.0
87,57,1712.2469,0.9705,0.0
87,58,748.6587,0.9705,2.7991
87,59,1741.7523,0.9705,0.0
87,60,1668.3774,0.9705,0.0
87,61,1625.4063,0.9705,0.0
87,62,1586.002,0.9705,0.0
87,63,1551.0288,0.9705,0.0
87,64,1203.7458,0.9705,0.0
87,65,1386.1364,0.9705,0.0
87,66,1333.8527,0.9705,0.0
87,67,1393.9911,0.9705,0.0
87,68,1363.8159,0.9705,0.0
87,69,1336.4029,0.9705,0.0
87,70,1321.4462,0.9705,0.0
87,71,1103.6008,0.9705,0.0
87,72,1071.7256,0.9705,0.0
87,73,971.1579,0.9705,0.0
87,74,816.3979,0.9705,0.0
87,75,827.9983,0.9705,0.0
87,76,746.0231,0.9705,0.0
87,77,680.0703,0.9705,0.0
87,78,562.5519,0.9705,0.0
87,79,524.6217,0.9705,0.0
87,80,538.2454,0.9705,0.0
87,81,803.9335,0.9705,0.0
87,82,778.2756,0.9705,0.0
87,83,708.2327,0.9705,0.0
87,84,671.9977,0.9705,0.0
87,85,616.5395,0.9705,0.0
87,86,562.2218,0.9705,0.0
87,87,2067.1766,0.9705,0.0
87,88,1939.9392,0.9705,0.0
87,89,1693.5702,0.9705,0.0
87,90,1502.464,0.9705,0.0
87,91,1501.9252,0.9705,0.0
87,92,1453.6878,0.9705,0.0
87,93,1508.3332,0.9705,0.0
87,94,1458.3342,0.9705,0.0
87,1,77.7055,0.9705,0.0
87,3,260.2443,0.9705,0.9865
87,4,330.8667,0.9705,0.9808
87,5,247.3831,0.9705,0.9706
87,6,184.4431,0.9705,0.9868
87,7,126.7534,0.9705,0.9944
87,8,91.4388,0.9705,0.9925
87,9,62.1219,0.9705,0.9982
87,11,382.2708,0.9705,0.9684
87,12,592.9795,0.9705,0.9628
87,13,593.1905,0.9705,0.9648
87,14,468.9906,0.9705,0.9507
87,15,379.8612,0.9705,0.9947
87,16,318.9608,0.9705,0.9948
87,17,258.8652,0.9705,0.9972
87,19,523.469,0.9705,0.9767
87,20,1034.5424,0.9705,0.9831
87,21,515.4409,0.9705,1.8627
87,22,497.5952,0.9705,1.8299
87,23,487.7415,0.9705,1.9138
87,24,484.068,0.9705,1.8269
87,25,441.5259,0.9705,1.6406
87,26,407.7462,0.9705,1.6483
87,27,389.0394,0.9705,1.7149
87,28,380.5722,0.9705,1.7937
87,29,378.3131,0.9705,0.9576
87,30,350.9982,0.9705,1.9419
87,31,585.9332,0.9705,0.9601
87,32,508.0674,0.9705,0.9434
87,33,451.4064,0.9705,0.9889
87,34,409.927,0.9705,0.9901
87,35,358.9324,0.9705,0.9974
87,37,623.0285,0.9705,0.9738
87,38,1262.3248,0.9705,0.9801
87,39,941.3182,0.9705,1.9153
87,40,683.3907,0.9705,1.9355
87,41,690.1339,0.9705,1.9545
87,42,641.8884,0.9705,1.942
87,43,728.4795,0.9705,1.6682
87,44,554.9802,0.9705,1.8584
87,45,518.9273,0.9705,1.9003
87,46,481.2264,0.9705,1.863
87,47,465.9323,0.9705,0.9679
87,48,457.9909,0.9705,1.9539
87,49,744.5626,0.9705,0.9633
87,50,665.6797,0.9705,0.9514
87,51,618.7237,0.9705,0.9749
87,52,582.5163,0.9705,0.9811
87,53,529.1245,0.9705,0.9968
87,55,730.4486,0.9705,0.9909
87,56,1647.8674,0.9705,0.9797
87,57,1194.7861,0.9705,1.9373
87,59,725.6535,0.9705,2.9425
87,60,710.5489,0.9705,2.9455
87,61,687.6857,0.9705,2.9413
87,62,692.2622,0.9705,2.93
87,63,670.8149,0.9705,1.8286
87,64,696.8443,0.9705,2.8732
87,65,653.5744,0.9705,2.9086
87,66,667.1962,0.9705,2.8965
87,67,619.476,0.9705,2.9242
87,68,601.5062,0.9705,2.9282
87,69,597.8777,0.9705,2.9246
87,70,629.7088,0.9705,2.8482
87,71,577.4083,0.9705,2.9219
87,72,798.7345,0.9705,1.9254
87,73,736.2614,0.9705,1.9459
87,74,667.1004,0.9705,1.9292
87,75,679.1219,0.9705,1.8104
87,76,585.1502,0.9705,1.8858
87,77,549.3298,0.9705,1.8648
87,78,524.0171,0.9705,1.9188
87,79,501.1487,0.9705,0.9846
87,80,481.5099,0.9705,1.9896
87,81,798.4879,0.9705,0.9267
87,82,719.0994,0.9705,0.9383
87,83,693.2115,0.9705,0.982
87,84,671.6167,0.9705,0.9815
87,85,623.9602,0.9705,0.9954
87,87,822.0482,0.9705,0.9705
88,1,83.609,0.9662,0.9118
88,2,50.7965,0.9662,0.0
88,3,2063.7836,0.9662,0.0
88,4,940.4274,0.9662,0.0
88,5,567.8107,0.9662,0.0
88,6,355.486,0.9662,0.0
88,7,235.516,0.9662,0.0
88,8,171.8472,0.9662,0.0
88,9,126.1953,0.9662,0.0
88,10,94.7035,0.9662,0.0
88,11,2433.4034,0.9662,0.0
88,12,1557.0501,0.9662,0.0
88,13,1354.4541,0.9662,0.0
88,14,985.8045,0.9662,0.0
88,15,722.4419,0.9662,0.0
88,16,577.4268,0.9662,0.0
88,17,455.2593,0.9662,0.0
88,18,361.4493,0.9662,0.0
88,19,4218.9528,0.9662,0.0
88,20,2955.5781,0.9662,0.0
88,21,2362.8855,0.9662,0.0
88,22,2225.6317,0.9662,0.0
88,23,2006.0593,0.9662,0.0
88,24,1585.0984,0.9662,0.0
88,25,1688.3164,0.9662,0.0
88,26,1324.5409,0.9662,0.0
88,27,1348.7863,0.9662,0.0
88,28,1411.1951,0.9662,0.0
88,29,1087.8878,0.9662,0.0
88,30,1055.845,0.9662,0.0
88,31,1272.6682,0.9662,0.0
88,32,1053.2146,0.9662,0.0
88,33,852.1795,0.9662,0.0
88,34,741.5511,0.9662,0.0
88,35,629.2099,0.9662,0.0
88,36,532.289,0.9662,0.0
88,37,4692.0594,0.9662,0.0
88,38,3553.3992,0.9662,0.0
88,39,2947.7908,0.9662,0.0
88,40,2564.329,0.9662,0.0
88,41,2292.2709,0.9662,0.0
88,42,1712.6002,0.9662,0.0
88,43,1934.9917,0.9662,0.0
88,44,1420.5909,0.9662,0.0
88,45,1544.9801,0.9662,0.0
88,46,1413.6504,0.9662,0.0
88,47,1196.8365,0.9662,0.0
88,48,1224.7085,0.9662,0.0
88,49,1604.205,0.9662,0.0
88,50,1403.7977,0.9662,0.0
88,51,1191.5335,0.9662,0.0
88,52,1075.3755,0.9662,0.0
88,53,944.5951,0.9662,0.0
88,54,826.9272,0.9662,0.0
88,55,5752.8877,0.9662,0.0
88,56,4638.3134,0.9662,0.0
88,57,3853.2093,0.9662,0.0
88,58,1423.5132,0.9662,2.7991
88,59,4040.7923,0.9662,0.0
88,60,3832.7972,0.9662,0.0
88,61,3725.3298,0.9662,0.0
88,62,3627.6787,0.9662,0.0
88,63,3540.7934,0.9662,0.0
88,64,2635.9841,0.9662,0.0
88,65,3283.0964,0.9662,0.0
88,66,3145.7261,0.9662,0.0
88,67,3144.6702,0.9662,0.0
88,68,3072.0386,0.9662,0.0
88,69,3004.5907,0.9662,0.0
88,70,2975.8018,0.9662,0.0
88,71,2422.3257,0.9662,0.0
88,72,2246.0574,0.9662,0.0
88,73,1985.8562,0.9662,0.0
88,74,1644.9966,0.9662,0.0
88,75,1650.2454,0.9662,0.0
88,76,1455.7663,0.9662,0.0
88,77,1305.1372,0.9662,0.0
88,78,1063.8806,0.9662,0.0
88,79,986.0081,0.9662,0.0
88,80,1001.4312,0.9662,0.0
88,81,1636.7789,0.9662,0.0
88,82,1527.2655,0.9662,0.0
88,83,1340.8219,0.9662,0.0
88,84,1247.6338,0.9662,0.0
88,85,1119.026,0.9662,0.0
88,86,1000.3262,0.9662,0.0
88,87,5185.1636,0.9662,0.0
88,88,4461.3947,0.9662,0.0
88,89,3741.1085,0.9662,0.0
88,90,3178.8167,0.9662,0.0
88,91,3255.3913,0.9662,0.0
88,92,3146.1615,0.9662,0.0
88,93,3348.3818,0.9662,0.0
88,94,3220.2388,0.9662,0.0
88,1,142.5589,0.9662,0.0
88,3,539.8661,0.9662,0.9865
88,4,679.2931,0.9662,0.9808
88,5,468.4069,0.9662,0.9706
88,6,335.1671,0.9662,0.9868
88,7,219.9373,0.9662,0.9944
88,8,152.8448,0.9662,0.9925
88,9,99.2802,0.9662,0.9982
88,11,807.4609,0.9662,0.9684
88,12,1265.5466,0.9662,0.9628
88,13,1211.4303,0.9662,0.9648
88,14,902.3443,0.9662,0.9507
88,15,700.2807,0.9662,0.9947
88,16,571.8025,0.9662,0.9948
88,17,450.9431,0.9662,0.9972
88,19,1080.6042,0.9662,0.9767
88,20,2400.4019,0.9662,0.9831
88,21,1003.1278,0.9662,1.8627
88,22,971.1709,0.9662,1.8299
88,23,952.3807,0.9662,1.9138
88,24,951.584,0.9662,1.8269
88,25,839.8278,0.9662,1.6406
88,26,769.6531,0.9662,1.6483
88,27,735.3257,0.9662,1.7149
88,28,721.1155,0.9662,1.7937
88,29,733.5428,0.9662,0.9576
88,30,652.1404,0.9662,1.9419
88,31,1176.3896,0.9662,0.9601
88,32,972.4069,0.9662,0.9434
88,33,835.4911,0.9662,0.9889
88,34,742.3417,0.9662,0.9901
88,35,634.6807,0.9662,0.9974
88,37,1275.1297,0.9662,0.9738
88,38,2958.5401,0.9662,0.9801
88,39,2035.2098,0.9662,1.9153
88,40,1343.4836,0.9662,1.9355
88,41,1353.9176,0.9662,1.9545
88,42,1251.5281,0.9662,1.942
88,43,1485.8293,0.9662,1.6682
88,44,1050.0362,0.9662,1.8584
88,45,980.7226,0.9662,1.9003
88,46,905.5129,0.9662,1.863
88,47,880.0394,0.9662,0.9679
88,48,843.9803,0.9662,1.9539
88,49,1500.5632,0.9662,0.9633
88,50,1284.9412,0.9662,0.9514
88,51,1160.5961,0.9662,0.9749
88,52,1072.7423,0.9662,0.9811
88,53,953.8631,0.9662,0.9968
88,55,1447.5205,0.9662,0.9909
88,56,3962.7043,0.9662,0.9797
88,57,2613.0493,0.9662,1.9373
88,59,1376.8762,0.9662,2.9425
88,60,1347.4829,0.9662,2.9455
88,61,1301.8447,0.9662,2.9413
88,62,1319.8844,0.9662,2.93
88,63,1303.6758,0.9662,1.8286
88,64,1329.3323,0.9662,2.8732
88,65,1240.184,0.9662,2.9086
88,66,1282.7144,0.9662,2.8965
88,67,1169.1884,0.9662,2.9242
88,68,1133.0697,0.9662,2.9282
88,69,1127.9011,0.9662,2.9246
88,70,1196.8168,0.9662,2.8482
88,71,1085.7933,0.9662,2.9219
88,72,1623.2598,0.9662,1.9254
88,73,1458.9496,0.9662,1.9459
88,74,1287.8783,0.9662,1.9292
88,75,1341.1577,0.9662,1.8104
88,76,1089.6139,0.9662,1.8858
88,77,1014.876,0.9662,1.8648
88,78,963.9239,0.9662,1.9188
88,79,923.7484,0.9662,0.9846
88,80,868.3132,0.9662,1.9896
88,81,1603.6402,0.9662,0.9267
88,82,1381.8325,0.9662,0.9383
88,83,1302.2054,0.9662,0.982
88,84,1243.0479,0.9662,0.9815
88,85,1132.0728,0.9662,0.9954
88,87,1624.5332,0.9662,0.9705
88,88,3787.5943,0.9662,0.9662
89,1,51.1073,2.907,0.9118
89,2,33.6398,2.907,0.0
89,3,806.0243,2.907,0.0
89,4,463.023,2.907,0.0
89,5,310.5859,2.907,0.0
89,6,209.1858,2.907,0.0
89,7,145.9537,2.907,0.0
89,8,110.3333,2.907,0.0
89,9,83.4761,2.907,0.0
89,10,64.1443,2.907,0.0
89,11,963.535,2.907,0.0
89,12,738.5419,2.907,0.0
89,13,679.4726,2.907,0.0
89,14,533.9456,2.907,0.0
89,15,415.3453,2.907,0.0
89,16,344.1377,2.907,0.0
89,17,280.6567,2.907,0.0
89,18,229.2849,2.907,0.0
89,19,1579.6611,2.907,0.0
89,20,1299.8428,2.907,0.0
89,21,1073.0233,2.907,0.0
89,22,1035.3252,2.907,0.0
89,23,947.619,2.907,0.0
89,24,746.302,2.907,0.0
89,25,815.2919,2.907,0.0
89,26,639.6818,2.907,0.0
89,27,677.4555,2.907,0.0
89,28,698.2313,2.907,0.0
89,29,535.1863,2.907,0.0
89,30,548.6812,2.907,0.0
89,31,650.2347,2.907,0.0
89,32,572.2109,2.907,0.0
89,33,487.0472,2.907,0.0
89,34,436.4377,2.907,0.0
89,35,381.387,2.907,0.0
89,36,331.2301,2.907,0.0
89,37,1769.7228,2.907,0.0
89,38,1548.7458,2.907,0.0
89,39,1354.5806,2.907,0.0
89,40,1216.1834,2.907,0.0
89,41,1108.1864,2.907,0.0
89,42,854.3876,2.907,0.0
89,43,953.7682,2.907,0.0
89,44,725.5272,2.907,0.0
89,45,793.1478,2.907,0.0
89,46,735.1655,2.907,0.0
89,47,613.0271,2.907,0.0
89,48,647.3934,2.907,0.0
89,49,813.6674,2.907,0.0
89,50,751.1085,2.907,0.0
89,51,668.1278,2.907,0.0
89,52,619.1592,2.907,0.0
89,53,559.0941,2.907,0.0
89,54,502.015,2.907,0.0
89,55,2155.5972,2.907,0.0
89,56,1975.1996,2.907,0.0
89,57,1732.7032,2.907,0.0
89,58,789.5403,2.907,2.7991
89,59,1749.1123,2.907,0.0
89,60,1679.2118,2.907,0.0
89,61,1636.9858,2.907,0.0
89,62,1598.1651,2.907,0.0
89,63,1563.7364,2.907,0.0
89,64,1227.357,2.907,0.0
89,65,1385.1029,2.907,0.0
89,66,1335.4249,2.907,0.0
89,67,1409.8902,2.907,0.0
89,68,1379.9203,2.907,0.0
89,69,1352.8654,2.907,0.0
89,70,1337.151,2.907,0.0
89,71,1125.135,2.907,0.0
89,72,1104.7547,2.907,0.0
89,73,1007.0882,2.907,0.0
89,74,849.5353,2.907,0.0
89,75,863.9112,2.907,0.0
89,76,782.1842,2.907,0.0
89,77,715.7449,2.907,0.0
89,78,593.9788,2.907,0.0
89,79,554.7341,2.907,0.0
89,80,570.4848,2.907,0.0
89,81,834.8644,2.907,0.0
89,82,815.2221,2.907,0.0
89,83,747.8662,2.907,0.0
89,84,712.56,2.907,0.0
89,85,656.8053,2.907,0.0
89,86,601.2986,2.907,0.0
89,87,2033.0823,2.907,0.0
89,88,1951.5778,2.907,0.0
89,89,1722.6039,2.907,0.0
89,90,1545.2383,2.907,0.0
89,91,1535.4151,2.907,0.0
89,92,1486.6193,2.907,0.0
89,93,1532.2963,2.907,0.0
89,94,1483.5856,2.907,0.0
89,1,82.5273,2.907,0.0
89,3,268.9814,2.907,0.9865
89,4,342.8238,2.907,0.9808
89,5,261.0234,2.907,0.9706
89,6,196.2138,2.907,0.9868
89,7,136.0895,2.907,0.9944
89,8,98.908,2.907,0.9925
89,9,67.8586,2.907,0.9982
89,11,393.4383,2.907,0.9684
89,12,608.6709,2.907,0.9628
89,13,615.4785,2.907,0.9648
89,14,493.2792,2.907,0.9507
89,15,403.124,2.907,0.9947
89,16,340.3586,2.907,0.9948
89,17,277.7545,2.907,0.9972
89,19,541.5052,2.907,0.9767
89,20,1039.3542,2.907,0.9831
89,21,540.6254,2.907,1.8627
89,22,521.8291,2.907,1.8299
89,23,511.4188,2.907,1.9138
89,24,506.8195,2.907,1.8269
89,25,465.769,2.907,1.6406
89,26,430.879,2.907,1.6483
89,27,411.0232,2.907,1.7149
89,28,401.8734,2.907,1.7937
89,29,397.4563,2.907,0.9576
89,30,372.2513,2.907,1.9419
89,31,610.3734,2.907,0.9601
89,32,535.0233,2.907,0.9434
89,33,478.7221,2.907,0.9889
89,34,436.6129,2.907,0.9901
89,35,384.068,2.907,0.9974
89,37,645.7753,2.907,0.9738
89,38,1264.8795,2.907,0.9801
89,39,963.8486,2.907,1.9153
89,40,715.0636,2.907,1.9355
89,41,722.1816,2.907,1.9545
89,42,673.0352,2.907,1.942
89,43,756.0091,2.907,1.6682
89,44,585.8966,2.907,1.8584
89,45,548.0198,2.907,1.9003
89,46,508.7346,2.907,1.863
89,47,492.2252,2.907,0.9679
89,48,486.4884,2.907,1.9539
89,49,775.1141,2.907,0.9633
89,50,699.9415,2.907,0.9514
89,51,654.6342,2.907,0.9749
89,52,618.6624,2.907,0.9811
89,53,564.3552,2.907,0.9968
89,55,762.656,2.907,0.9909
89,56,1640.7829,2.907,0.9797
89,57,1220.1975,2.907,1.9373
89,59,765.6416,2.907,2.9425
89,60,749.7903,2.907,2.9455
89,61,725.9504,2.907,2.9413
89,62,729.71,2.907,2.93
89,63,704.0229,2.907,1.8286
89,64,734.4027,2.907,2.8732
89,65,689.6145,2.907,2.9086
89,66,702.0322,2.907,2.8965
89,67,654.4084,2.907,2.9242
89,68,635.7018,2.907,2.9282
89,69,631.6705,2.907,2.9246
89,70,664.2561,2.907,2.8482
89,71,610.4673,2.907,2.9219
89,72,829.7445,2.907,1.9254
89,73,769.2156,2.907,1.9459
89,74,701.0229,2.907,1.9292
89,75,710.0608,2.907,1.8104
89,76,619.8872,2.907,1.8858
89,77,582.9054,2.907,1.8648
89,78,556.5985,2.907,1.9188
89,79,532.1308,2.907,0.9846
89,80,513.6908,2.907,1.9896
89,81,831.8853,2.907,0.9267
89,82,756.8458,2.907,0.9383
89,83,733.2479,2.907,0.982
89,84,712.6207,2.907,0.9815
89,85,664.7508,2.907,0.9954
89,87,858.844,2.907,0.9705
89,88,1630.4211,2.907,0.9662
89,89,906.0448,2.907,2.907
90,1,58.042,2.8844,0.9118
90,2,37.7171,2.8844,0.0
90,3,1008.8719,2.8844,0.0
90,4,548.4203,2.8844,0.0
90,5,360.0553,2.8844,0.0
90,6,239.212,2.8844,0.0
90,7,165.4117,2.8844,0.0
90,8,124.328,2.8844,0.0
90,9,93.6408,2.8844,0.0
90,10,71.7185,2.8844,0.0
90,11,1201.7562,2.8844,0.0
90,12,881.9628,2.8844,0.0
90,13,801.6846,2.8844,0.0
90,14,620.204,2.8844,0.0
90,15,476.9709,2.8844,0.0
90,16,392.6218,2.8844,0.0
90,17,318.3137,2.8844,0.0
90,18,258.812,2.8844,0.0
90,19,2000.7417,2.8844,0.0
90,20,1579.5049,2.8844,0.0
90,21,1294.1588,2.8844,0.0
90,22,1241.9423,2.8844,0.0
90,23,1132.8667,2.8844,0.0
90,24,892.9693,2.8844,0.0
90,25,969.9993,2.8844,0.0
90,26,761.1526,2.8844,0.0
90,27,799.2515,2.8844,0.0
90,28,826.3855,2.8844,0.0
90,29,634.3124,2.8844,0.0
90,30,642.8013,2.8844,0.0
90,31,764.3388,2.8844,0.0
90,32,664.3007,2.8844,0.0
90,33,559.9626,2.8844,0.0
90,34,499.0729,2.8844,0.0
90,35,433.8409,2.8844,0.0
90,36,375.0874,2.8844,0.0
90,37,2237.2776,2.8844,0.0
90,38,1886.0887,2.8844,0.0
90,39,1629.4376,2.8844,0.0
90,40,1452.6448,2.8844,0.0
90,41,1318.1488,2.8844,0.0
90,42,1009.516,2.8844,0.0
90,43,1129.8359,2.8844,0.0
90,44,853.1336,2.8844,0.0
90,45,931.569,2.8844,0.0
90,46,861.2012,2.8844,0.0
90,47,720.5137,2.8844,0.0
90,48,755.9211,2.8844,0.0
90,49,958.1121,2.8844,0.0
90,50,874.7967,2.8844,0.0
90,51,771.0663,2.8844,0.0
90,52,711.0022,2.8844,0.0
90,53,638.7892,2.8844,0.0
90,54,570.9952,2.8844,0.0
90,55,2730.6836,2.8844,0.0
90,56,2419.1244,2.8844,0.0
90,57,2094.7841,2.8844,0.0
90,58,913.1034,2.8844,2.7991
90,59,2134.1663,2.8844,0.0
90,60,2042.6932,2.8844,0.0
90,61,1989.908,2.8844,0.0
90,62,1941.527,2.8844,0.0
90,63,1898.5844,2.8844,0.0
90,64,1472.3209,2.8844,0.0
90,65,1701.1137,2.8844,0.0
90,66,1637.9975,2.8844,0.0
90,67,1705.7192,2.8844,0.0
90,68,1668.7205,2.8844,0.0
90,69,1635.0831,2.8844,0.0
90,70,1616.853,2.8844,0.0
90,71,1350.5554,2.8844,0.0
90,72,1309.126,2.8844,0.0
90,73,1185.71,2.8844,0.0
90,74,996.5668,2.8844,0.0
90,75,1010.6039,2.8844,0.0
90,76,910.2567,2.8844,0.0
90,77,829.6271,2.8844,0.0
90,78,686.2044,2.8844,0.0
90,79,639.9749,2.8844,0.0
90,80,656.5707,2.8844,0.0
90,81,982.0691,2.8844,0.0
90,82,950.0207,2.8844,0.0
90,83,864.0413,2.8844,0.0
90,84,819.5577,2.8844,0.0
90,85,751.6266,2.8844,0.0
90,86,685.166,2.8844,0.0
90,87,2544.0695,2.8844,0.0
90,88,2374.8028,2.8844,0.0
90,89,2071.3967,2.8844,0.0
90,90,1835.9296,2.8844,0.0
90,91,1836.561,2.8844,0.0
90,92,1777.4636,2.8844,0.0
90,93,1845.3202,2.8844,0.0
90,94,1783.9174,2.8844,0.0
90,1,94.6418,2.8844,0.0
90,3,317.8125,2.8844,0.9865
90,4,403.9969,2.8844,0.9808
90,5,301.5264,2.8844,0.9706
90,6,224.5876,2.8844,0.9868
90,7,154.2679,2.8844,0.9944
90,8,111.3012,2.8844,0.9925
90,9,75.7461,2.8844,0.9982
90,11,467.1567,2.8844,0.9684
90,12,724.7302,2.8844,0.9628
90,13,724.2663,2.8844,0.9648
90,14,571.9434,2.8844,0.9507
90,15,462.8322,2.8844,0.9947
90,16,388.4028,2.8844,0.9948
90,17,315.0738,2.8844,0.9972
90,19,639.2447,2.8844,0.9767
90,20,1268.211,2.8844,0.9831
90,21,628.637,2.8844,1.8627
90,22,607.2695,2.8844,1.8299
90,23,595.2252,2.8844,1.9138
90,24,590.8566,2.8844,1.8269
90,25,538.6686,2.8844,1.6406
90,26,497.4416,2.8844,1.6483
90,27,474.6874,2.8844,1.7149
90,28,464.3949,2.8844,1.7937
90,29,461.8329,2.8844,0.9576
90,30,428.1999,2.8844,1.9419
90,31,715.2085,2.8844,0.9601
90,32,619.6074,2.8844,0.9434
90,33,550.1341,2.8844,0.9889
90,34,499.3363,2.8844,0.9901
90,35,437.0198,2.8844,0.9974
90,37,760.6745,2.8844,0.9738
90,38,1548.2877,2.8844,0.9801
90,39,1152.2222,2.8844,1.9153
90,40,833.6152,2.8844,1.9355
90,41,841.4556,2.8844,1.9545
90,42,783.1123,2.8844,1.942
90,43,889.7324,2.8844,1.6682
90,44,676.8518,2.8844,1.8584
90,45,632.9658,2.8844,1.9003
90,46,587.0236,2.8844,1.863
90,47,568.4774,2.8844,0.9679
90,48,558.6293,2.8844,1.9539
90,49,909.2621,2.8844,0.9633
90,50,812.338,2.8844,0.9514
90,51,754.6476,2.8844,0.9749
90,52,710.212,2.8844,0.9811
90,53,644.843,2.8844,0.9968
90,55,890.9761,2.8844,0.9909
90,56,2024.9316,2.8844,0.9797
90,57,1463.5069,2.8844,1.9373
90,59,885.0331,2.8844,2.9425
90,60,866.5978,2.8844,2.9455
90,61,838.7044,2.8844,2.9413
90,62,844.4774,2.8844,2.93
90,63,818.507,2.8844,1.8286
90,64,849.9827,2.8844,2.8732
90,65,797.1561,2.8844,2.9086
90,66,814.0621,2.8844,2.8965
90,67,755.5025,2.8844,2.9242
90,68,733.5732,2.8844,2.9282
90,69,729.1689,2.8844,2.9246
90,70,768.0874,2.8844,2.8482
90,71,704.1586,2.8844,2.9219
90,72,975.5099,2.8844,1.9254
90,73,898.5956,2.8844,1.9459
90,74,813.7423,2.8844,1.9292
90,75,828.8192,2.8844,1.8104
90,76,713.5078,2.8844,1.8858
90,77,669.7628,2.8844,1.8648
90,78,638.9352,2.8844,1.9188
90,79,611.1656,2.8844,0.9846
90,80,587.0867,2.8844,1.9896
90,81,975.1153,2.8844,0.9267
90,82,877.5231,2.8844,0.9383
90,83,845.6149,2.8844,0.982
90,84,819.0422,2.8844,0.9815
90,85,760.6504,2.8844,0.9954
90,87,1002.6461,2.8844,0.9705
90,88,1992.6647,2.8844,0.9662
90,89,1047.4302,2.8844,2.907
90,90,1224.5933,2.8844,2.8844
91,1,52.2645,2.8738,0.9118
91,2,34.3329,2.8738,0.0
91,3,890.7015,2.8738,0.0
91,4,485.0227,2.8738,0.0
91,5,320.8497,2.8738,0.0
91,6,214.6505,2.8738,0.0
91,7,149.3047,2.8738,0.0
91,8,112.7338,2.8738,0.0
91,9,85.2621,2.8738,0.0
91,10,65.5331,2.8738,0.0
91,11,1060.804,2.8738,0.0
91,12,778.8806,2.8738,0.0
91,13,710.3488,2.8738,0.0
91,14,552.1913,2.8738,0.0
91,15,426.8075,2.8738,0.0
91,16,352.6477,2.8738,0.0
91,17,286.9998,2.8738,0.0
91,18,234.1847,2.8738,0.0
91,19,1778.9468,2.8738,0.0
91,20,1393.9683,2.8738,0.0
91,21,1142.5935,2.8738,0.0
91,22,1097.9705,2.8738,0.0
91,23,1002.2471,2.8738,0.0
91,24,790.9665,2.8738,0.0
91,25,859.1044,2.8738,0.0
91,26,674.9804,2.8738,0.0
91,27,709.0047,2.8738,0.0
91,28,732.4082,2.8738,0.0
91,29,562.9964,2.8738,0.0
91,30,571.315,2.8738,0.0
91,31,678.7016,2.8738,0.0
91,32,591.9079,2.8738,0.0
91,33,500.9407,2.8738,0.0
91,34,447.7438,2.8738,0.0
91,35,390.4314,2.8738,0.0
91,36,338.5833,2.8738,0.0
91,37,1991.3447,2.8738,0.0
91,38,1665.6547,2.8738,0.0
91,39,1440.7783,2.8738,0.0
91,40,1286.0297,2.8738,0.0
91,41,1168.3462,2.8738,0.0
91,42,896.8839,2.8738,0.0
91,43,1003.0323,2.8738,0.0
91,44,759.3194,2.8738,0.0
91,45,828.4128,2.8738,0.0
91,46,766.4086,2.8738,0.0
91,47,641.82,2.8738,0.0
91,48,673.4287,2.8738,0.0
91,49,851.5874,2.8738,0.0
91,50,779.2998,2.8738,0.0
91,51,689.0793,2.8738,0.0
91,52,636.8184,2.8738,0.0
91,53,573.6121,2.8738,0.0
91,54,514.0708,2.8738,0.0
91,55,2438.1558,2.8738,0.0
91,56,2138.2977,2.8738,0.0
91,57,1852.6946,2.8738,0.0
91,58,815.8444,2.8738,2.7991
91,59,1888.9925,2.8738,0.0
91,60,1805.7716,2.8738,0.0
91,61,1759.0005,2.8738,0.0
91,62,1716.1451,2.8738,0.0
91,63,1678.1174,2.8738,0.0
91,64,1304.8651,2.8738,0.0
91,65,1510.4078,2.8738,0.0
91,66,1457.676,2.8738,0.0
91,67,1507.577,2.8738,0.0
91,68,1474.8115,2.8738,0.0
91,69,1445.0628,2.8738,0.0
91,70,1428.7766,2.8738,0.0
91,71,1197.5147,2.8738,0.0
91,72,1160.7498,2.8738,0.0
91,73,1052.9859,2.8738,0.0
91,74,886.9868,2.8738,0.0
91,75,899.8672,2.8738,0.0
91,76,811.8402,2.8738,0.0
91,77,741.0211,2.8738,0.0
91,78,614.2803,2.8738,0.0
91,79,573.394,2.8738,0.0
91,80,588.4205,2.8738,0.0
91,81,874.5378,2.8738,0.0
91,82,846.9884,2.8738,0.0
91,83,772.3273,2.8738,0.0
91,84,733.8642,2.8738,0.0
91,85,674.5988,2.8738,0.0
91,86,616.3626,2.8738,0.0
91,87,2265.5221,2.8738,0.0
91,88,2100.0716,2.8738,0.0
91,89,1833.4406,2.8738,0.0
91,90,1628.0585,2.8738,0.0
91,91,1628.1996,2.8738,0.0
91,92,1575.7649,2.8738,0.0
91,93,1633.6303,2.8738,0.0
91,94,1579.415,2.8738,0.0
91,1,84.7238,2.8738,0.0
91,3,281.4599,2.8738,0.9865
91,4,358.5914,2.8738,0.9808
91,5,269.2438,2.8738,0.9706
91,6,201.5799,2.8738,0.9868
91,7,139.3121,2.8738,0.9944
91,8,101.0579,2.8738,0.9925
91,9,69.2707,2.8738,0.9982
91,11,413.5128,2.8738,0.9684
91,12,641.4675,2.8738,0.9628
91,13,642.3616,2.8738,0.9648
91,14,509.7163,2.8738,0.9507
91,15,414.2703,2.8738,0.9947
91,16,348.8497,2.8738,0.9948
91,17,284.0725,2.8738,0.9972
91,19,568.3831,2.8738,0.9767
91,20,1124.3632,2.8738,0.9831
91,21,559.7347,2.8738,1.8627
91,22,541.6423,2.8738,1.8299
91,23,530.7576,2.8738,1.9138
91,24,526.6765,2.8738,1.8269
91,25,480.9895,2.8738,1.6406
91,26,444.5861,2.8738,1.6483
91,27,424.3835,2.8738,1.7149
91,28,415.0966,2.8738,1.7937
91,29,412.1,2.8738,0.9576
91,30,383.2282,2.8738,1.9419
91,31,635.6287,2.8738,0.9601
91,32,552.6796,2.8738,0.9434
91,33,492.2929,2.8738,0.9889
91,34,447.9718,2.8738,0.9901
91,35,393.2367,2.8738,0.9974
91,37,677.1566,2.8738,0.9738
91,38,1374.3437,2.8738,0.9801
91,39,1026.0397,2.8738,1.9153
91,40,742.7923,2.8738,1.9355
91,41,748.9566,2.8738,1.9545
91,42,698.9235,2.8738,1.942
91,43,792.7535,2.8738,1.6682
91,44,605.3587,2.8738,1.8584
91,45,566.4457,2.8738,1.9003
91,46,525.696,2.8738,1.863
91,47,508.8922,2.8738,0.9679
91,48,500.7569,2.8738,1.9539
91,49,808.854,2.8738,0.9633
91,50,724.6244,2.8738,0.9514
91,51,674.7378,2.8738,0.9749
91,52,636.1967,2.8738,0.9811
91,53,579.0143,2.8738,0.9968
91,55,794.6552,2.8738,0.9909
91,56,1803.1914,2.8738,0.9797
91,57,1305.088,2.8738,1.9373
91,59,790.9568,2.8738,2.9425
91,60,774.4819,2.8738,2.9455
91,61,749.7066,2.8738,2.9413
91,62,754.7334,2.8738,2.93
91,63,730.3412,2.8738,1.8286
91,64,759.2581,2.8738,2.8732
91,65,712.3659,2.8738,2.9086
91,66,727.2306,2.8738,2.8965
91,67,675.3995,2.8738,2.9242
91,68,655.8988,2.8738,2.9282
91,69,651.876,2.8738,2.9246
91,70,686.0502,2.8738,2.8482
91,71,629.6283,2.8738,2.9219
91,72,868.9592,2.8738,1.9254
91,73,801.4334,2.8738,1.9459
91,74,726.952,2.8738,1.9292
91,75,739.3426,2.8738,1.8104
91,76,639.3109,2.8738,1.8858
91,77,600.5754,2.8738,1.8648
91,78,573.2853,2.8738,1.9188
91,79,548.4756,2.8738,0.9846
91,80,527.6731,2.8738,1.9896
91,81,868.6589,2.8738,0.9267
91,82,783.6367,2.8738,0.9383
91,83,756.345,2.8738,0.982
91,84,733.5848,2.8738,0.9815
91,85,682.691,2.8738,0.9954
91,87,894.351,2.8738,0.9705
91,88,1771.6049,2.8738,0.9662
91,89,935.8632,2.8738,2.907
91,90,1093.4914,2.8738,2.8844
91,91,980.3758,2.8738,2.8738
92,1,46.7559,2.8878,0.9118
92,2,31.0746,2.8878,0.0
92,3,731.9805,2.8878,0.0
92,4,419.7564,2.8878,0.0
92,5,282.4312,2.8878,0.0
92,6,191.0223,2.8878,0.0
92,7,133.8723,2.8878,0.0
92,8,101.5996,2.8878,0.0
92,9,77.1764,2.8878,0.0
92,10,59.5271,2.8878,0.0
92,11,875.1861,2.8878,0.0
92,12,669.5851,2.8878,0.0
92,13,616.5426,2.8878,0.0
92,14,485.3372,2.8878,0.0
92,15,378.5025,2.8878,0.0
92,16,314.37,2.8878,0.0
92,17,257.0875,2.8878,0.0
92,18,210.6366,2.8878,0.0
92,19,1438.7994,2.8878,0.0
92,20,1179.8248,2.8878,0.0
92,21,973.7241,2.8878,0.0
92,22,939.9375,2.8878,0.0
92,23,860.4921,2.8878,0.0
92,24,678.5052,2.8878,0.0
92,25,740.6137,2.8878,0.0
92,26,581.8378,2.8878,0.0
92,27,615.699,2.8878,0.0
92,28,634.3664,2.8878,0.0
92,29,487.015,2.8878,0.0
92,30,499.0319,2.8878,0.0
92,31,590.8461,2.8878,0.0
92,32,520.5268,2.8878,0.0
92,33,443.9002,2.8878,0.0
92,34,398.4493,2.8878,0.0
92,35,348.9122,2.8878,0.0
92,36,303.7081,2.8878,0.0
92,37,1612.543,2.8878,0.0
92,38,1406.4978,2.8878,0.0
92,39,1230.1136,2.8878,0.0
92,40,1104.7666,2.8878,0.0
92,41,1007.1282,2.8878,0.0
92,42,777.5767,2.8878,0.0
92,43,867.5508,2.8878,0.0
92,44,661.0039,2.8878,0.0
92,45,721.9817,2.8878,0.0
92,46,669.4583,2.8878,0.0
92,47,559.044,2.8878,0.0
92,48,589.89,2.8878,0.0
92,49,740.4324,2.8878,0.0
92,50,683.8018,2.8878,0.0
92,51,609.0253,2.8878,0.0
92,52,565.0183,2.8878,0.0
92,53,510.9612,2.8878,0.0
92,54,459.5676,2.8878,0.0
92,55,1965.2428,2.8878,0.0
92,56,1794.9059,2.8878,0.0
92,57,1574.0959,2.8878,0.0
92,58,719.8572,2.8878,2.7991
92,59,1589.8595,2.8878,0.0
92,60,1525.9822,2.8878,0.0
92,61,1487.5408,2.8878,0.0
92,62,1452.1965,2.8878,0.0
92,63,1420.8475,2.8878,0.0
92,64,1116.1138,2.8878,0.0
92,65,1260.9766,2.8878,0.0
92,66,1215.9398,2.8878,0.0
92,67,1280.841,2.8878,0.0
92,68,1253.5493,2.8878,0.0
92,69,1228.9183,2.8878,0.0
92,70,1214.5773,2.8878,0.0
92,71,1022.6803,2.8878,0.0
92,72,1003.8975,2.8878,0.0
92,73,915.7176,2.8878,0.0
92,74,773.5594,2.8878,0.0
92,75,786.6437,2.8878,0.0
92,76,712.8037,2.8878,0.0
92,77,652.7832,2.8878,0.0
92,78,542.6655,2.8878,0.0
92,79,507.1677,2.8878,0.0
92,80,521.4539,2.8878,0.0
92,81,760.862,2.8878,0.0
92,82,742.9015,2.8878,0.0
92,83,682.1227,2.8878,0.0
92,84,650.4249,2.8878,0.0
92,85,600.2628,2.8878,0.0
92,86,550.2995,2.8878,0.0
92,87,1852.5059,2.8878,0.0
92,88,1773.4791,2.8878,0.0
92,89,1565.1457,2.8878,0.0
92,90,1404.8813,2.8878,0.0
92,91,1396.379,2.8878,0.0
92,92,1352.0713,2.8878,0.0
92,93,1393.3621,2.8878,0.0
92,94,1349.0495,2.8878,0.0
92,1,75.2066,2.8878,0.0
92,3,244.0301,2.8878,0.9865
92,4,311.3204,2.8878,0.9808
92,5,237.6634,2.8878,0.9706
92,6,179.2561,2.8878,0.9868
92,7,124.8931,2.8878,0.9944
92,8,91.1863,2.8878,0.9925
92,9,62.9867,2.8878,0.9982
92,11,357.1582,2.8878,0.9684
92,12,552.3275,2.8878,0.9628
92,13,558.7128,2.8878,0.9648
92,14,448.6113,2.8878,0.9507
92,15,367.4499,2.8878,0.9947
92,16,310.9334,2.8878,0.9948
92,17,254.4397,2.8878,0.9972
92,19,493.059,2.8878,0.9767
92,20,945.1224,2.8878,0.9831
92,21,492.1797,2.8878,1.8627
92,22,475.3101,2.8878,1.8299
92,23,465.8648,2.8878,1.9138
92,24,461.6686,2.8878,1.8269
92,25,424.4375,2.8878,1.6406
92,26,392.8632,2.8878,1.6483
92,27,374.8659,2.8878,1.7149
92,28,366.5198,2.8878,1.7937
92,29,362.3594,2.8878,0.9576
92,30,339.6385,2.8878,1.9419
92,31,554.8107,2.8878,0.9601
92,32,486.9543,2.8878,0.9434
92,33,436.3941,2.8878,0.9889
92,34,398.6148,2.8878,0.9901
92,35,351.3396,2.8878,0.9974
92,37,588.398,2.8878,0.9738
92,38,1150.9048,2.8878,0.9801
92,39,877.2823,2.8878,1.9153
92,40,651.37,2.8878,1.9355
92,41,657.8233,2.8878,1.9545
92,42,613.5516,2.8878,1.942
92,43,688.9511,2.8878,1.6682
92,44,534.682,2.8878,1.8584
92,45,500.3844,2.8878,1.9003
92,46,464.7906,2.8878,1.863
92,47,449.7034,2.8878,0.9679
92,48,444.5089,2.8878,1.9539
92,49,705.5371,2.8878,0.9633
92,50,637.5954,2.8878,0.9514
92,51,596.8656,2.8878,0.9749
92,52,564.5964,2.8878,0.9811
92,53,515.7402,2.8878,0.9968
92,55,695.0188,2.8878,0.9909
92,56,1494.2771,2.8878,0.9797
92,57,1110.9199,2.8878,1.9373
92,59,698.1614,2.8878,2.9425
92,60,683.725,2.8878,2.9455
92,61,662.0663,2.8878,2.9413
92,62,665.4038,2.8878,2.93
92,63,641.793,2.8878,1.8286
92,64,669.4976,2.8878,2.8732
92,65,628.8409,2.8878,2.9086
92,66,640.0522,2.8878,2.8965
92,67,596.8094,2.8878,2.9242
92,68,579.7867,2.8878,2.9282
92,69,576.0576,2.8878,2.9246
92,70,605.4023,2.8878,2.8482
92,71,556.7361,2.8878,2.9219
92,72,755.5263,2.8878,1.9254
92,73,700.9176,2.8878,1.9459
92,74,639.341,2.8878,1.9292
92,75,647.2708,2.8878,1.8104
92,76,566.1458,2.8878,1.8858
92,77,532.752,2.8878,1.8648
92,78,508.9786,2.8878,1.9188
92,79,486.8177,2.8878,0.9846
92,80,470.1782,2.8878,1.9896
92,81,758.0815,2.8878,0.9267
92,82,690.1433,2.8878,0.9383
92,83,668.9514,2.8878,0.982
92,84,650.5243,2.8878,0.9815
92,85,607.489,2.8878,0.9954
92,87,782.6472,2.8878,0.9705
92,88,1484.263,2.8878,0.9662
92,89,826.0152,2.8878,2.907
92,90,954.7979,2.8878,2.8844
92,91,854.1002,2.8878,2.8738
92,92,753.8617,2.8878,2.8878
93,1,45.1236,2.9095,0.9118
93,2,30.0978,2.9095,0.0
93,3,695.0128,2.9095,0.0
93,4,401.9035,2.9095,0.0
93,5,271.4539,2.9095,0.0
93,6,184.1095,2.9095,0.0
93,7,129.3004,2.9095,0.0
93,8,98.2812,2.9095,0.0
93,9,74.7584,2.9095,0.0
93,10,57.729,2.9095,0.0
93,11,831.4952,2.9095,0.0
93,12,640.3104,2.9095,0.0
93,13,590.7744,2.9095,0.0
93,14,466.3023,2.9095,0.0
93,15,364.4433,2.9095,0.0
93,16,303.115,2.9095,0.0
93,17,248.2186,2.9095,0.0
93,18,203.6156,2.9095,0.0
93,19,1364.3503,2.9095,0.0
93,20,1125.4292,2.9095,0.0
93,21,929.8813,2.9095,0.0
93,22,898.4534,2.9095,0.0
93,23,822.983,2.9095,0.0
93,24,648.9935,2.9095,0.0
93,25,708.9086,2.9095,0.0
93,26,557.0572,2.9095,0.0
93,27,590.1554,2.9095,0.0
93,28,607.715,2.9095,0.0
93,29,466.5966,2.9095,0.0
93,30,478.9052,2.9095,0.0
93,31,566.624,2.9095,0.0
93,32,500.2256,2.9095,0.0
93,33,427.3508,2.9095,0.0
93,34,384.0157,2.9095,0.0
93,35,336.6552,2.9095,0.0
93,36,293.3488,2.9095,0.0
93,37,1529.6978,2.9095,0.0
93,38,1341.3275,2.9095,0.0
93,39,1175.3725,2.9095,0.0
93,40,1056.8235,2.9095,0.0
93,41,964.1266,2.9095,0.0
93,42,745.3354,2.9095,0.0
93,43,831.1709,2.9095,0.0
93,44,634.1896,2.9095,0.0
93,45,692.7026,2.9095,0.0
93,46,642.6115,2.9095,0.0
93,47,536.5037,2.9095,0.0
93,48,566.578,2.9095,0.0
93,49,710.0936,2.9095,0.0
93,50,656.921,2.9095,0.0
93,51,586.0168,2.9095,0.0
93,52,544.1812,2.9095,0.0
93,53,492.6132,2.9095,0.0
93,54,443.4889,2.9095,0.0
93,55,1863.886,2.9095,0.0
93,56,1710.4153,2.9095,0.0
93,57,1502.9787,2.9095,0.0
93,58,692.4695,2.9095,2.7991
93,59,1516.016,2.9095,0.0
93,60,1455.7245,2.9095,0.0
93,61,1419.1992,2.9095,0.0
93,62,1385.5997,2.9095,0.0
93,63,1355.8015,2.9095,0.0
93,64,1067.1944,2.9095,0.0
93,65,1201.553,2.9095,0.0
93,66,1158.9243,2.9095,0.0
93,67,1222.8454,2.9095,0.0
93,68,1196.8607,2.9095,0.0
93,69,1173.4369,2.9095,0.0
93,70,1159.6457,2.9095,0.0
93,71,977.6816,2.9095,0.0
93,72,961.5684,2.9095,0.0
93,73,878.0732,2.9095,0.0
93,74,742.3682,2.9095,0.0
93,75,755.2429,2.9095,0.0
93,76,684.9879,2.9095,0.0
93,77,627.7771,2.9095,0.0
93,78,522.3028,2.9095,0.0
93,79,488.3023,2.9095,0.0
93,80,502.215,2.9095,0.0
93,81,730.0058,2.9095,0.0
93,82,713.7674,2.9095,0.0
93,83,656.3212,2.9095,0.0
93,84,626.3259,2.9095,0.0
93,85,578.5779,2.9095,0.0
93,86,530.8832,2.9095,0.0
93,87,1760.2462,2.9095,0.0
93,88,1691.7254,2.9095,0.0
93,89,1495.7351,2.9095,0.0
93,90,1345.2345,2.9095,0.0
93,91,1335.7938,2.9095,0.0
93,92,1293.5031,2.9095,0.0
93,93,1331.4737,2.9095,0.0
93,94,1289.434,2.9095,0.0
93,1,72.4272,2.9095,0.0
93,3,233.7727,2.9095,0.9865
93,4,298.4076,2.9095,0.9808
93,5,228.5997,2.9095,0.9706
93,6,172.7592,2.9095,0.9868
93,7,120.6357,2.9095,0.9944
93,8,88.2439,2.9095,0.9925
93,9,61.0993,2.9095,0.9982
93,11,341.9302,2.9095,0.9684
93,12,528.5114,2.9095,0.9628
93,13,535.6195,2.9095,0.9648
93,14,431.1741,2.9095,0.9507
93,15,353.8278,2.9095,0.9947
93,16,299.7938,2.9095,0.9948
93,17,245.6584,2.9095,0.9972
93,19,472.7221,2.9095,0.9767
93,20,901.2992,2.9095,0.9831
93,21,472.9397,2.9095,1.8627
93,22,456.7222,2.9095,1.8299
93,23,447.6449,2.9095,1.9138
93,24,443.5018,2.9095,1.8269
93,25,408.2523,2.9095,1.6406
93,26,378.0202,2.9095,1.6483
93,27,360.7035,2.9095,1.7149
93,28,352.6419,2.9095,1.7937
93,29,348.3305,2.9095,0.9576
93,30,327.0234,2.9095,1.9419
93,31,532.3546,2.9095,0.9601
93,32,468.1789,2.9095,0.9434
93,33,420.1677,2.9095,0.9889
93,34,384.1691,2.9095,0.9901
93,35,338.9784,2.9095,0.9974
93,37,564.3865,2.9095,0.9738
93,38,1097.1255,2.9095,0.9801
93,39,839.437,2.9095,1.9153
93,40,625.7334,2.9095,1.9355
93,41,631.9749,2.9095,1.9545
93,42,589.6594,2.9095,1.942
93,43,660.9505,2.9095,1.6682
93,44,514.5121,2.9095,1.8584
93,45,481.572,2.9095,1.9003
93,46,447.4308,2.9095,1.863
93,47,432.8514,2.9095,0.9679
93,48,428.223,2.9095,1.9539
93,49,677.0498,2.9095,0.9633
93,50,612.9205,2.9095,0.9514
93,51,574.4363,2.9095,0.9749
93,52,543.8049,2.9095,0.9811
93,53,497.2105,2.9095,0.9968
93,55,667.5005,2.9095,0.9909
93,56,1422.8735,2.9095,0.9797
93,57,1062.5153,2.9095,1.9373
93,59,671.6646,2.9095,2.9425
93,60,657.7921,2.9095,2.9455
93,61,637.0076,2.9095,2.9413
93,62,640.0432,2.9095,2.93
93,63,616.8768,2.9095,1.8286
93,64,643.9389,2.9095,2.8732
93,65,604.9769,2.9095,2.9086
93,66,615.4573,2.9095,2.8965
93,67,574.2815,2.9095,2.9242
93,68,557.9458,2.9095,2.9282
93,69,554.3201,2.9095,2.9246
93,70,582.3452,2.9095,2.8482
93,71,535.7905,2.9095,2.9219
93,72,724.8207,2.9095,1.9254
93,73,673.1665,2.9095,1.9459
93,74,614.7111,2.9095,1.9292
93,75,621.7658,2.9095,1.8104
93,76,545.1612,2.9095,1.8858
93,77,513.2058,2.9095,1.8648
93,78,490.4213,2.9095,1.9188
93,79,469.0722,2.9095,0.9846
93,80,453.4069,2.9095,1.9896
93,81,727.7134,2.9095,0.9267
93,82,663.6596,2.9095,0.9383
93,83,643.8495,2.9095,0.982
93,84,626.4949,2.9095,0.9815
93,85,585.5441,2.9095,0.9954
93,87,751.7328,2.9095,0.9705
93,88,1415.3925,2.9095,0.9662
93,89,794.6231,2.9095,2.907
93,90,916.9593,2.9095,2.8844
93,91,820.5208,2.9095,2.8738
93,92,725.373,2.9095,2.8878
93,93,698.1644,2.9095,2.9095
94,1,52.3919,1.9209,0.9118
94,2,33.8615,1.9209,0.0
94,3,977.2027,1.9209,0.0
94,4,511.2028,1.9209,0.0
94,5,330.0255,1.9209,0.0
94,6,217.0925,1.9209,0.0
94,7,149.2917,1.9209,0.0
94,8,111.9054,1.9209,0.0
94,9,84.1628,1.9209,0.0
94,10,64.4333,1.9209,0.0
94,11,1161.7208,1.9209,0.0
94,12,827.4875,1.9209,0.0
94,13,745.0109,1.9209,0.0
94,14,569.3203,1.9209,0.0
94,15,433.9874,1.9209,0.0
94,16,355.5941,1.9209,0.0
94,17,287.2061,1.9209,0.0
94,18,232.9196,1.9209,0.0
94,19,1950.982,1.9209,0.0
94,20,1501.0394,1.9209,0.0
94,21,1223.4261,1.9209,0.0
94,22,1169.419,1.9209,0.0
94,23,1064.0685,1.9209,0.0
94,24,839.4969,1.9209,0.0
94,25,907.8874,1.9209,0.0
94,26,712.7577,1.9209,0.0
94,27,743.4455,1.9209,0.0
94,28,770.5407,1.9209,0.0
94,29,592.3705,1.9209,0.0
94,30,594.7593,1.9209,0.0
94,31,708.5363,1.9209,0.0
94,32,609.7912,1.9209,0.0
94,33,510.1117,1.9209,0.0
94,34,452.8313,1.9209,0.0
94,35,392.2224,1.9209,0.0
94,36,338.1547,1.9209,0.0
94,37,2178.7996,1.9209,0.0
94,38,1795.0359,1.9209,0.0
94,39,1537.2794,1.9209,0.0
94,40,1363.485,1.9209,0.0
94,41,1233.4617,1.9209,0.0
94,42,940.3177,1.9209,0.0
94,43,1054.1841,1.9209,0.0
94,44,792.0047,1.9209,0.0
94,45,863.9068,1.9209,0.0
94,46,797.1537,1.9209,0.0
94,47,668.9805,1.9209,0.0
94,48,698.1124,1.9209,0.0
94,49,890.0256,1.9209,0.0
94,50,805.6716,1.9209,0.0
94,51,704.9879,1.9209,0.0
94,52,647.5375,1.9209,0.0
94,53,579.5652,1.9209,0.0
94,54,516.4077,1.9209,0.0
94,55,2660.7475,1.9209,0.0
94,56,2310.7445,1.9209,0.0
94,57,1983.1026,1.9209,0.0
94,58,836.4673,1.9209,2.7991
94,59,2033.3939,1.9209,0.0
94,60,1942.7158,1.9209,0.0
94,61,1891.6327,1.9209,0.0
94,62,1844.8932,1.9209,0.0
94,63,1803.378,1.9209,0.0
94,64,1386.4919,1.9209,0.0
94,65,1627.1471,1.9209,0.0
94,66,1564.8029,1.9209,0.0
94,67,1616.2873,1.9209,0.0
94,68,1580.7484,1.9209,0.0
94,69,1548.2741,1.9209,0.0
94,70,1531.5185,1.9209,0.0
94,71,1272.1137,1.9209,0.0
94,72,1221.5252,1.9209,0.0
94,73,1101.1039,1.9209,0.0
94,74,923.1055,1.9209,0.0
94,75,934.0785,1.9209,0.0
94,76,838.1292,1.9209,0.0
94,77,761.6814,1.9209,0.0
94,78,628.7765,1.9209,0.0
94,79,585.9542,1.9209,0.0
94,80,599.8711,1.9209,0.0
94,81,911.8938,1.9209,0.0
94,82,875.7658,1.9209,0.0
94,83,791.0651,1.9209,0.0
94,84,747.6461,1.9209,0.0
94,85,683.004,1.9209,0.0
94,86,620.6546,1.9209,0.0
94,87,2460.8767,1.9209,0.0
94,88,2258.4201,1.9209,0.0
94,89,1953.6369,1.9209,0.0
94,90,1716.7267,1.9209,0.0
94,91,1725.9338,1.9209,0.0
94,92,1670.062,1.9209,0.0
94,93,1743.2351,1.9209,0.0
94,94,1683.4151,1.9209,0.0
94,1,86.0052,1.9209,0.0
94,3,295.6875,1.9209,0.9865
94,4,374.9686,1.9209,0.9808
94,5,275.6697,1.9209,0.9706
94,6,204.031,1.9209,0.9868
94,7,139.323,1.9209,0.9944
94,8,100.152,1.9209,0.9925
94,9,67.9514,1.9209,0.9982
94,11,436.51,1.9209,0.9684
94,12,678.2067,1.9209,0.9628
94,13,671.6972,1.9209,0.9648
94,14,524.2927,1.9209,0.9507
94,15,421.0798,1.9209,0.9947
94,16,351.8623,1.9209,0.9948
94,17,284.3372,1.9209,0.9972
94,19,595.0456,1.9209,0.9767
94,20,1207.4896,1.9209,0.9831
94,21,578.2929,1.9209,1.8627
94,22,558.8652,1.9209,1.8299
94,23,547.9234,1.9209,1.9138
94,24,544.656,1.9209,1.8269
94,25,493.3911,1.9209,1.6406
94,26,455.0423,1.9209,1.6483
94,27,434.3905,1.9209,1.7149
94,28,425.2003,1.9209,1.7937
94,29,424.8342,1.9209,0.9576
94,30,390.5948,1.9209,1.9419
94,31,661.3852,1.9209,0.9601
94,32,567.6729,1.9209,0.9434
94,33,500.9875,1.9209,0.9889
94,34,453.1242,1.9209,0.9901
94,35,395.1888,1.9209,0.9974
94,37,706.9587,1.9209,0.9738
94,38,1477.1099,1.9209,0.9801
94,39,1080.9253,1.9209,1.9153
94,40,768.2883,1.9209,1.9355
94,41,775.518,1.9209,1.9545
94,42,720.8691,1.9209,1.942
94,43,826.0448,1.9209,1.6682
94,44,619.7862,1.9209,1.8584
94,45,579.6349,1.9209,1.9003
94,46,537.298,1.9209,1.863
94,47,520.7925,1.9209,0.9679
94,48,509.2559,1.9209,1.9539
94,49,842.2184,1.9209,0.9633
94,50,746.0891,1.9209,0.9514
94,51,689.3625,1.9209,0.9749
94,52,646.6499,1.9209,0.9811
94,53,585.0709,1.9209,0.9968
94,55,822.4546,1.9209,0.9909
94,56,1941.1744,1.9209,0.9797
94,57,1375.7929,1.9209,1.9373
94,59,810.4687,1.9209,2.9425
94,60,793.5307,1.9209,2.9455
94,61,767.7628,1.9209,2.9413
94,62,774.0061,1.9209,2.93
94,63,753.187,1.9209,1.8286
94,64,779.079,1.9209,2.8732
94,65,730.0477,1.9209,2.9086
94,66,747.2774,1.9209,2.8965
94,67,691.198,1.9209,2.9242
94,68,670.8947,1.9209,2.9282
94,69,667.0261,1.9209,2.9246
94,70,703.4309,1.9209,2.8482
94,71,643.7358,1.9209,2.9219
94,72,904.5275,1.9209,1.9254
94,73,829.4186,1.9209,1.9459
94,74,747.6661,1.9209,1.9292
94,75,764.8182,1.9209,1.8104
94,76,651.46,1.9209,1.8858
94,77,610.8863,1.9209,1.8648
94,78,582.4859,1.9209,1.9188
94,79,557.5775,1.9209,0.9846
94,80,533.4446,1.9209,1.9896
94,81,902.973,1.9209,0.9267
94,82,805.7264,1.9209,0.9383
94,83,773.0528,1.9209,0.982
94,84,746.7141,1.9209,0.9815
94,85,691.1128,1.9209,0.9954
94,87,924.9725,1.9209,0.9705
94,88,1898.5076,1.9209,0.9662
94,89,959.159,1.9209,2.907
94,90,1130.7742,1.9209,2.8844
94,91,1008.8729,1.9209,2.8738
94,92,874.6149,1.9209,2.8878
94,93,838.9569,1.9209,2.9095
94,94,1051.2468,1.9209,1.9209
4,1,12.5931,1.9697,0.9118
4,2,8.1628,1.9697,0.0
4,3,194.7036,1.9697,0.0
4,4,113.9677,1.9697,0.0
4,5,76.723,1.9697,0.0
4,6,51.5628,1.9697,0.0
4,7,35.7902,1.9697,0.0
4,8,26.8954,1.9697,0.0
4,9,20.2083,1.9697,0.0
4,10,15.4176,1.9697,0.0
4,11,232.806,1.9697,0.0
4,12,181.1653,1.9697,0.0
4,13,167.2929,1.9697,0.0
4,14,131.892,1.9697,0.0
4,15,102.6176,1.9697,0.0
4,16,84.8691,1.9697,0.0
4,17,69.0069,1.9697,0.0
4,18,56.1517,1.9697,0.0
4,19,379.4225,1.9697,0.0
4,20,316.5102,1.9697,0.0
4,21,261.9443,1.9697,0.0
4,22,253.0543,1.9697,0.0
4,23,231.8065,1.9697,0.0
4,24,182.1558,1.9697,0.0
4,25,199.6426,1.9697,0.0
4,26,156.2845,1.9697,0.0
4,27,166.2166,1.9697,0.0
4,28,171.2043,1.9697,0.0
4,29,130.8012,1.9697,0.0
4,30,134.7933,1.9697,0.0
4,31,159.9273,1.9697,0.0
4,32,141.1489,1.9697,0.0
4,33,120.2224,1.9697,0.0
4,34,107.6371,1.9697,0.0
4,35,93.8911,1.9697,0.0
4,36,81.3306,1.9697,0.0
4,37,425.1704,1.9697,0.0
4,38,376.6468,1.9697,0.0
4,39,330.719,1.9697,0.0
4,40,297.475,1.9697,0.0
4,41,271.2606,1.9697,0.0
4,42,209.0959,1.9697,0.0
4,43,233.4606,1.9697,0.0
4,44,177.5174,1.9697,0.0
4,45,194.3984,1.9697,0.0
4,46,180.2178,1.9697,0.0
4,47,149.7198,1.9697,0.0
4,48,158.6937,1.9697,0.0
4,49,199.4111,1.9697,0.0
4,50,184.6849,1.9697,0.0
4,51,164.5348,1.9697,0.0
4,52,152.4956,1.9697,0.0
4,53,137.6192,1.9697,0.0
4,54,123.407,1.9697,0.0
4,55,517.8726,1.9697,0.0
4,56,479.3661,1.9697,0.0
4,57,422.2754,1.9697,0.0
4,58,194.1728,1.9697,2.7991
4,59,424.7883,1.9697,0.0
4,60,408.1203,1.9697,0.0
4,61,397.9479,1.9697,0.0
4,62,388.5925,1.9697,0.0
4,63,380.3011,1.9697,0.0
4,64,299.3233,1.9697,0.0
4,65,335.3665,1.9697,0.0
4,66,323.5941,1.9697,0.0
4,67,343.285,1.9697,0.0
4,68,336.0507,1.9697,0.0
4,69,329.5355,1.9697,0.0
4,70,325.6844,1.9697,0.0
4,71,274.5969,1.9697,0.0
4,72,270.8085,1.9697,0.0
4,73,247.1551,1.9697,0.0
4,74,208.2905,1.9697,0.0
4,75,212.0183,1.9697,0.0
4,76,192.0317,1.9697,0.0
4,77,175.7148,1.9697,0.0
4,78,145.5219,1.9697,0.0
4,79,135.7863,1.9697,0.0
4,80,139.8351,1.9697,0.0
4,81,204.1814,1.9697,0.0
4,82,200.0235,1.9697,0.0
4,83,183.8379,1.9697,0.0
4,84,175.2516,1.9697,0.0
4,85,161.524,1.9697,0.0
4,86,147.7541,1.9697,0.0
4,87,490.0315,1.9697,0.0
4,88,474.51,1.9697,0.0
4,89,420.3679,1.9697,0.0
4,90,378.1169,1.9697,0.0
4,91,374.7279,1.9697,0.0
4,92,362.7869,1.9697,0.0
4,93,373.0473,1.9697,0.0
4,94,361.3553,1.9697,0.0
4,1,20.4039,1.9697,0.0
4,3,66.2009,1.9697,0.9865
4,4,84.4,1.9697,0.9808
4,5,64.4301,1.9697,0.9706
4,6,48.3072,1.9697,0.9868
4,7,33.3274,1.9697,0.9944
4,8,24.0592,1.9697,0.9925
4,9,16.3185,1.9697,0.9982
4,11,96.5125,1.9697,0.9684
4,12,149.3832,1.9697,0.9628
4,13,151.5931,1.9697,0.9648
4,14,121.8333,1.9697,0.9507
4,15,99.5656,1.9697,0.9947
4,16,83.9181,1.9697,0.9948
4,17,68.2806,1.9697,0.9972
4,19,132.4751,1.9697,0.9767
4,20,252.5778,1.9697,0.9831
4,21,132.9868,1.9697,1.8627
4,22,128.2862,1.9697,1.8299
4,23,125.6778,1.9697,1.9138
4,24,124.4645,1.9697,1.8269
4,25,114.6465,1.9697,1.6406
4,26,106.0286,1.9697,1.6483
4,27,101.0801,1.9697,1.7149
4,28,98.8004,1.9697,1.7937
4,29,97.534,1.9697,0.9576
4,30,91.6227,1.9697,1.9419
4,31,150.2148,1.9697,0.9601
4,32,131.9934,1.9697,0.9434
4,33,118.152,1.9697,0.9889
4,34,107.6713,1.9697,0.9901
4,35,94.5515,1.9697,0.9974
4,37,157.9479,1.9697,0.9738
4,38,306.9433,1.9697,0.9801
4,39,235.5232,1.9697,1.9153
4,40,175.6564,1.9697,1.9355
4,41,177.3357,1.9697,1.9545
4,42,165.2066,1.9697,1.942
4,43,185.0244,1.9697,1.6682
4,44,143.8851,1.9697,1.8584
4,45,134.4576,1.9697,1.9003
4,46,124.7151,1.9697,1.863
4,47,120.5975,1.9697,0.9679
4,48,119.4623,1.9697,1.9539
4,49,190.1313,1.9697,0.9633
4,50,172.1767,1.9697,0.9514
4,51,161.2234,1.9697,0.9749
4,52,152.3806,1.9697,0.9811
4,53,138.9273,1.9697,0.9968
4,55,187.1318,1.9697,0.9909
4,56,397.2194,1.9697,0.9797
4,57,297.9018,1.9697,1.9373
4,59,188.2849,1.9697,2.9425
4,60,184.3805,1.9697,2.9455
4,61,178.5085,1.9697,2.9413
4,62,179.39,1.9697,2.93
4,63,172.7866,1.9697,1.8286
4,64,180.6115,1.9697,2.8732
4,65,169.5717,1.9697,2.9086
4,66,172.5188,1.9697,2.8965
4,67,160.9616,1.9697,2.9242
4,68,156.3709,1.9697,2.9282
4,69,155.3867,1.9697,2.9246
4,70,163.4855,1.9697,2.8482
4,71,150.2119,1.9697,2.9219
4,72,203.4999,1.9697,1.9254
4,73,188.7818,1.9697,1.9459
4,74,172.1206,1.9697,1.9292
4,75,174.1266,1.9697,1.8104
4,76,152.2648,1.9697,1.8858
4,77,143.0584,1.9697,1.8648
4,78,136.5,1.9697,1.9188
4,79,130.3449,1.9697,0.9846
4,80,125.971,1.9697,1.9896
4,81,203.7192,1.9697,0.9267
4,82,185.8638,1.9697,0.9383
4,83,180.3069,1.9697,0.982
4,84,175.3047,1.9697,0.9815
4,85,163.5087,1.9697,0.9954
4,87,210.8125,1.9697,0.9705
4,88,395.756,1.9697,0.9662
4,89,222.8978,1.9697,2.907
4,90,256.9426,1.9697,2.8844
4,91,229.3998,1.9697,2.8738
4,92,202.8197,1.9697,2.8878
4,93,195.1232,1.9697,2.9095
4,94,234.4102,1.9697,1.9209
4,4,55.1364,1.9697,1.9697
5,1,12.4952,1.9441,0.9118
5,2,8.2586,1.9441,0.0
5,3,188.7611,1.9441,0.0
5,4,110.4185,1.9441,0.0
5,5,74.9865,1.9441,0.0
5,6,50.909,1.9441,0.0
5,7,35.6778,1.9441,0.0
5,8,27.0247,1.9441,0.0
5,9,20.4592,1.9441,0.0
5,10,15.7127,1.9441,0.0
5,11,225.7843,1.9441,0.0
5,12,175.3914,1.9441,0.0
5,13,162.4473,1.9441,0.0
5,14,128.7459,1.9441,0.0
5,15,100.8432,1.9441,0.0
5,16,83.8847,1.9441,0.0
5,17,68.6331,1.9441,0.0
5,18,56.1926,1.9441,0.0
5,19,370.1535,1.9441,0.0
5,20,306.9078,1.9441,0.0
5,21,253.9534,1.9441,0.0
5,22,245.6647,1.9441,0.0
5,23,225.1783,1.9441,0.0
5,24,177.4,1.9441,0.0
5,25,194.1378,1.9441,0.0
5,26,152.3887,1.9441,0.0
5,27,161.872,1.9441,0.0
5,28,166.5614,1.9441,0.0
5,29,127.6686,1.9441,0.0
5,30,131.5252,1.9441,0.0
5,31,155.808,1.9441,0.0
5,32,137.9956,1.9441,0.0
5,33,118.1354,1.9441,0.0
5,34,106.214,1.9441,0.0
5,35,93.1003,1.9441,0.0
5,36,81.0518,1.9441,0.0
5,37,415.2201,1.9441,0.0
5,38,365.6571,1.9441,0.0
5,39,321.2652,1.9441,0.0
5,40,289.2869,1.9441,0.0
5,41,264.1285,1.9441,0.0
5,42,204.3092,1.9441,0.0
5,43,227.7959,1.9441,0.0
5,44,173.8767,1.9441,0.0
5,45,190.0445,1.9441,0.0
5,46,176.3381,1.9441,0.0
5,47,146.9017,1.9441,0.0
5,48,155.4778,1.9441,0.0
5,49,194.7649,1.9441,0.0
5,50,180.6996,1.9441,0.0
5,51,161.557,1.9441,0.0
5,52,150.1754,1.9441,0.0
5,53,136.0239,1.9441,0.0
5,54,122.4634,1.9441,0.0
5,55,506.5054,1.9441,0.0
5,56,465.9766,1.9441,0.0
5,57,410.5123,1.9441,0.0
5,58,190.7463,1.9441,2.7991
5,59,413.1209,1.9441,0.0
5,60,396.7581,1.9441,0.0
5,61,386.8363,1.9441,0.0
5,62,377.7092,1.9441,0.0
5,63,369.6195,1.9441,0.0
5,64,291.6491,1.9441,0.0
5,65,327.2333,1.9441,0.0
5,66,315.8875,1.9441,0.0
5,67,333.5597,1.9441,0.0
5,68,326.4963,1.9441,0.0
5,69,320.1437,1.9441,0.0
5,70,316.3522,1.9441,0.0
5,71,267.2409,1.9441,0.0
5,72,263.6848,1.9441,0.0
5,73,241.0799,1.9441,0.0
5,74,203.8567,1.9441,0.0
5,75,207.5237,1.9441,0.0
5,76,188.3408,1.9441,0.0
5,77,172.6661,1.9441,0.0
5,78,143.5317,1.9441,0.0
5,79,134.1189,1.9441,0.0
5,80,138.0677,1.9441,0.0
5,81,200.0898,1.9441,0.0
5,82,196.0895,1.9441,0.0
5,83,180.6882,1.9441,0.0
5,84,172.6136,1.9441,0.0
5,85,159.5852,1.9441,0.0
5,86,146.4721,1.9441,0.0
5,87,478.9676,1.9441,0.0
5,88,461.4715,1.9441,0.0
5,89,408.8321,1.9441,0.0
5,90,368.4688,1.9441,0.0
5,91,365.2479,1.9441,0.0
5,92,353.6401,1.9441,0.0
5,93,363.2803,1.9441,0.0
5,94,351.9041,1.9441,0.0
5,1,20.0597,1.9441,0.0
5,3,64.2553,1.9441,0.9865
5,4,82.143,1.9441,0.9808
5,5,63.1685,1.9441,0.9706
5,6,47.7462,1.9441,0.9868
5,7,33.2677,1.9441,0.9944
5,8,24.2416,1.9441,0.9925
5,9,16.6531,1.9441,0.9982
5,11,93.7159,1.9441,0.9684
5,12,144.9783,1.9441,0.9628
5,13,147.3766,1.9441,0.9648
5,14,119.0889,1.9441,0.9507
5,15,97.8947,1.9441,0.9947
5,16,82.9497,1.9441,0.9948
5,17,67.9132,1.9441,0.9972
5,19,129.5963,1.9441,0.9767
5,20,245.9498,1.9441,0.9831
5,21,130.1725,1.9441,1.8627
5,22,125.7017,1.9441,1.8299
5,23,123.1529,1.9441,1.9138
5,24,121.934,1.9441,1.8269
5,25,112.4648,1.9441,1.6406
5,26,104.1437,1.9441,1.6483
5,27,99.3343,1.9441,1.7149
5,28,97.0816,1.9441,1.7937
5,29,95.7007,1.9441,0.9576
5,30,90.1351,1.9441,1.9419
5,31,146.489,1.9441,0.9601
5,32,129.2227,1.9441,0.9434
5,33,116.1535,1.9441,0.9889
5,34,106.2491,1.9441,0.9901
5,35,93.7374,1.9441,0.9974
5,37,154.7827,1.9441,0.9738
5,38,299.2914,1.9441,0.9801
5,39,230.1384,1.9441,1.9153
5,40,172.181,1.9441,1.9355
5,41,173.7946,1.9441,1.9545
5,42,162.1983,1.9441,1.942
5,43,181.3885,1.9441,1.6682
5,44,141.6201,1.9441,1.8584
5,45,132.4776,1.9441,1.9003
5,46,123.0227,1.9441,1.863
5,47,118.9236,1.9441,0.9679
5,48,117.8843,1.9441,1.9539
5,49,185.8576,1.9441,0.9633
5,50,168.7248,1.9441,0.9514
5,51,158.4037,1.9441,0.9749
5,52,150.087,1.9441,0.9811
5,53,137.302,1.9441,0.9968
5,55,183.6568,1.9441,0.9909
5,56,388.0268,1.9441,0.9797
5,57,291.2744,1.9441,1.9373
5,59,185.0194,1.9441,2.9425
5,60,181.1913,1.9441,2.9455
5,61,175.4697,1.9441,2.9413
5,62,176.2659,1.9441,2.93
5,63,169.5824,1.9441,1.8286
5,64,177.3613,1.9441,2.8732
5,65,166.6202,1.9441,2.9086
5,66,169.4228,1.9441,2.8965
5,67,158.217,1.9441,2.9242
5,68,153.7302,1.9441,2.9282
5,69,152.73,1.9441,2.9246
5,70,160.462,1.9441,2.8482
5,71,147.6636,1.9441,2.9219
5,72,199.1929,1.9441,1.9254
5,73,185.1452,1.9441,1.9459
5,74,169.1811,1.9441,1.9292
5,75,170.8918,1.9441,1.8104
5,76,150.1755,1.9441,1.8858
5,77,141.3085,1.9441,1.8648
5,78,134.9708,1.9441,1.9188
5,79,128.9734,1.9441,0.9846
5,80,124.8168,1.9441,1.9896
5,81,199.6443,1.9441,0.9267
5,82,182.527,1.9441,0.9383
5,83,177.34,1.9441,0.982
5,84,172.7071,1.9441,0.9815
5,85,161.5337,1.9441,0.9954
5,87,206.8979,1.9441,0.9705
5,88,386.458,1.9441,0.9662
5,89,218.943,1.9441,2.907
5,90,252.1485,1.9441,2.8844
5,91,225.71,1.9441,2.8738
5,92,199.6277,1.9441,2.8878
5,93,192.1504,1.9441,2.9095
5,94,230.0003,1.9441,1.9209
5,4,53.9919,1.9441,1.9697
5,5,53.1128,1.9441,1.9441
6,1,9.4203,1.9985,0.9118
6,2,6.5027,1.9985,0.0
6,3,123.7707,1.9985,0.0
6,4,76.7552,1.9985,0.0
6,5,54.0854,1.9985,0.0
6,6,37.8419,1.9985,0.0
6,7,27.1704,1.9985,0.0
6,8,20.9597,1.9985,0.0
6,9,16.1312,1.9985,0.0
6,10,12.5629,1.9985,0.0
6,11,148.7618,1.9985,0.0
6,12,120.7386,1.9985,0.0
6,13,113.856,1.9985,0.0
6,14,92.4931,1.9985,0.0
6,15,74.0784,1.9985,0.0
6,16,62.5953,1.9985,0.0
6,17,52.0208,1.9985,0.0
6,18,43.2064,1.9985,0.0
6,19,242.6366,1.9985,0.0
6,20,208.0223,1.9985,0.0
6,21,173.463,1.9985,0.0
6,22,169.2064,1.9985,0.0
6,23,155.8387,1.9985,0.0
6,24,123.2591,1.9985,0.0
6,25,135.2994,1.9985,0.0
6,26,106.7326,1.9985,0.0
6,27,114.0913,1.9985,0.0
6,28,116.8072,1.9985,0.0
6,29,89.9515,1.9985,0.0
6,30,93.687,1.9985,0.0
6,31,110.277,1.9985,0.0
6,32,99.4698,1.9985,0.0
6,33,86.6895,1.9985,0.0
6,34,78.8838,1.9985,0.0
6,35,70.0352,1.9985,0.0
6,36,61.7254,1.9985,0.0
6,37,273.3757,1.9985,0.0
6,38,247.8285,1.9985,0.0
6,39,220.883,1.9985,0.0
6,40,200.7817,1.9985,0.0
6,41,184.5477,1.9985,0.0
6,42,144.6355,1.9985,0.0
6,43,160.452,1.9985,0.0
6,44,124.2389,1.9985,0.0
6,45,135.476,1.9985,0.0
6,46,126.2362,1.9985,0.0
6,47,105.3572,1.9985,0.0
6,48,111.9252,1.9985,0.0
6,49,138.2831,1.9985,0.0
6,50,130.0766,1.9985,0.0
6,51,118.0337,1.9985,0.0
6,52,110.7747,1.9985,0.0
6,53,101.4216,1.9985,0.0
6,54,92.2876,1.9985,0.0
6,55,333.813,1.9985,0.0
6,56,314.6837,1.9985,0.0
6,57,281.1504,1.9985,0.0
6,58,139.1811,1.9985,2.7991
6,59,280.4649,1.9985,0.0
6,60,269.9865,1.9985,0.0
6,61,263.3922,1.9985,0.0
6,62,257.3029,1.9985,0.0
6,63,251.9099,1.9985,0.0
6,64,202.2978,1.9985,0.0
6,65,222.0934,1.9985,0.0
6,66,214.9399,1.9985,0.0
6,67,228.0857,1.9985,0.0
6,68,223.3166,1.9985,0.0
6,69,219.0722,1.9985,0.0
6,70,216.3044,1.9985,0.0
6,71,184.8705,1.9985,0.0
6,72,184.9362,1.9985,0.0
6,73,170.7285,1.9985,0.0
6,74,145.7774,1.9985,0.0
6,75,148.8321,1.9985,0.0
6,76,136.241,1.9985,0.0
6,77,125.8004,1.9985,0.0
6,78,105.592,1.9985,0.0
6,79,99.0454,1.9985,0.0
6,80,102.1266,1.9985,0.0
6,81,143.072,1.9985,0.0
6,82,141.5746,1.9985,0.0
6,83,132.1155,1.9985,0.0
6,84,127.1952,1.9985,0.0
6,85,118.755,1.9985,0.0
6,86,110.0314,1.9985,0.0
6,87,319.5738,1.9985,0.0
6,88,314.0948,1.9985,0.0
6,89,281.8509,1.9985,0.0
6,90,258.1487,1.9985,0.0
6,91,254.2685,1.9985,0.0
6,92,246.3297,1.9985,0.0
6,93,250.6938,1.9985,0.0
6,94,243.2478,1.9985,0.0
6,1,14.7623,1.9985,0.0
6,3,44.932,1.9985,0.9865
6,4,57.8805,1.9985,0.9808
6,5,45.9632,1.9985,0.9706
6,6,35.5219,1.9985,0.9868
6,7,25.3827,1.9985,0.9944
6,8,18.9034,1.9985,0.9925
6,9,13.3529,1.9985,0.9982
6,11,65.2739,1.9985,0.9684
6,12,100.5817,1.9985,0.9628
6,13,103.7907,1.9985,0.9648
6,14,85.9068,1.9985,0.9507
6,15,71.9914,1.9985,0.9947
6,16,61.8916,1.9985,0.9948
6,17,51.4721,1.9985,0.9972
6,19,92.024,1.9985,0.9767
6,20,167.4145,1.9985,0.9831
6,21,93.8911,1.9985,1.8627
6,22,90.7838,1.9985,1.8299
6,23,88.9429,1.9985,1.9138
6,24,87.8889,1.9985,1.8269
6,25,81.8731,1.9985,1.6406
6,26,76.1132,1.9985,1.6483
6,27,72.6443,1.9985,1.7149
6,28,70.9444,1.9985,1.7937
6,29,69.4058,1.9985,0.9576
6,30,66.2838,1.9985,1.9419
6,31,104.1881,1.9985,0.9601
6,32,93.5893,1.9985,0.9434
6,33,85.3379,1.9985,0.9889
6,34,78.9029,1.9985,0.9901
6,35,70.4744,1.9985,0.9974
6,37,110.4856,1.9985,0.9738
6,38,203.5706,1.9985,0.9801
6,39,161.1115,1.9985,1.9153
6,40,124.192,1.9985,1.9355
6,41,125.3625,1.9985,1.9545
6,42,117.5524,1.9985,1.942
6,43,129.7079,1.9985,1.6682
6,44,103.7956,1.9985,1.8584
6,45,97.2961,1.9985,1.9003
6,46,90.6249,1.9985,1.863
6,47,87.4951,1.9985,0.9679
6,48,87.2915,1.9985,1.9539
6,49,132.6505,1.9985,0.9633
6,50,122.203,1.9985,0.9514
6,51,115.9742,1.9985,0.9749
6,52,110.7711,1.9985,0.9811
6,53,102.3489,1.9985,0.9968
6,55,132.4662,1.9985,0.9909
6,56,262.6181,1.9985,0.9797
6,57,203.4829,1.9985,1.9373
6,59,135.138,1.9985,2.9425
6,60,132.3691,1.9985,2.9455
6,61,128.3013,1.9985,2.9413
6,62,128.5963,1.9985,2.93
6,63,122.9404,1.9985,1.8286
6,64,129.2461,1.9985,2.8732
6,65,121.6899,1.9985,2.9086
6,66,123.2619,1.9985,2.8965
6,67,115.7612,1.9985,2.9242
6,68,112.5588,1.9985,2.9282
6,69,111.7498,1.9985,2.9246
6,70,116.9313,1.9985,2.8482
6,71,108.143,1.9985,2.9219
6,72,142.1837,1.9985,1.9254
6,73,133.4248,1.9985,1.9459
6,74,123.1362,1.9985,1.9292
6,75,123.4063,1.9985,1.8104
6,76,110.8275,1.9985,1.8858
6,77,104.7264,1.9985,1.8648
6,78,100.3012,1.9985,1.9188
6,79,95.9227,1.9985,0.9846
6,80,93.4628,1.9985,1.9896
6,81,143.2496,1.9985,0.9267
6,82,132.8283,1.9985,0.9383
6,83,130.0404,1.9985,0.982
6,84,127.3976,1.9985,0.9815
6,85,120.1967,1.9985,0.9954
6,87,149.3279,1.9985,0.9705
6,88,264.0525,1.9985,0.9662
6,89,159.783,1.9985,2.907
6,90,181.8224,1.9985,2.8844
6,91,163.6694,1.9985,2.8738
6,92,146.2506,1.9985,2.8878
6,93,141.1191,1.9985,2.9095
6,94,164.5053,1.9985,1.9209
6,4,39.2814,1.9985,1.9697
6,5,38.9834,1.9985,1.9441
6,6,29.3602,1.9985,1.9985
7,1,7.661,2.0143,0.9118
7,2,5.4559,2.0143,0.0
7,3,94.006,2.0143,0.0
7,4,59.5983,2.0143,0.0
7,5,42.8348,2.0143,0.0
7,6,30.5305,2.0143,0.0
7,7,22.2794,2.0143,0.0
7,8,17.4093,2.0143,0.0
7,9,13.5613,2.0143,0.0
7,10,10.674,2.0143,0.0
7,11,113.3031,2.0143,0.0
7,12,93.413,2.0143,0.0
7,13,88.8407,2.0143,0.0
7,14,73.0858,2.0143,0.0
7,15,59.2859,2.0143,0.0
7,16,50.5946,2.0143,0.0
7,17,42.4816,2.0143,0.0
7,18,35.6334,2.0143,0.0
7,19,185.2181,2.0143,0.0
7,20,160.275,2.0143,0.0
7,21,134.0314,2.0143,0.0
7,22,131.3015,2.0143,0.0
7,23,121.2119,2.0143,0.0
7,24,96.2547,2.0143,0.0
7,25,105.608,2.0143,0.0
7,26,83.6916,2.0143,0.0
7,27,89.5345,2.0143,0.0
7,28,91.4295,2.0143,0.0
7,29,70.7639,2.0143,0.0
7,30,73.921,2.0143,0.0
7,31,86.6194,2.0143,0.0
7,32,78.8235,2.0143,0.0
7,33,69.377,2.0143,0.0
7,34,63.5919,2.0143,0.0
7,35,56.9187,2.0143,0.0
7,36,50.5746,2.0143,0.0
7,37,209.2378,2.0143,0.0
7,38,191.1268,2.0143,0.0
7,39,171.3574,2.0143,0.0
7,40,156.454,2.0143,0.0
7,41,144.3122,2.0143,0.0
7,42,114.0004,2.0143,0.0
7,43,126.0801,2.0143,0.0
7,44,98.4728,2.0143,0.0
7,45,107.1084,2.0143,0.0
7,46,100.037,2.0143,0.0
7,47,83.7875,2.0143,0.0
7,48,88.9858,2.0143,0.0
7,49,109.0825,2.0143,0.0
7,50,103.2113,2.0143,0.0
7,51,94.3654,2.0143,0.0
7,52,89.0359,2.0143,0.0
7,53,82.0374,2.0143,0.0
7,54,75.1427,2.0143,0.0
7,55,255.7499,2.0143,0.0
7,56,242.5528,2.0143,0.0
7,57,217.8948,2.0143,0.0
7,58,111.2827,2.0143,2.7991
7,59,216.782,2.0143,0.0
7,60,208.8357,2.0143,0.0
7,61,203.7729,2.0143,0.0
7,62,199.0885,2.0143,0.0
7,63,194.9397,2.0143,0.0
7,64,157.9221,2.0143,0.0
7,65,172.0857,2.0143,0.0
7,66,166.7356,2.0143,0.0
7,67,176.7026,2.0143,0.0
7,68,173.012,2.0143,0.0
7,69,169.7429,2.0143,0.0
7,70,167.5247,2.0143,0.0
7,71,144.0208,2.0143,0.0
7,72,144.7985,2.0143,0.0
7,73,134.3399,2.0143,0.0
7,74,115.4406,2.0143,0.0
7,75,117.9845,2.0143,0.0
7,76,108.5136,2.0143,0.0
7,77,100.6104,2.0143,0.0
7,78,85.0197,2.0143,0.0
7,79,79.9625,2.0143,0.0
7,80,82.454,2.0143,0.0
7,81,113.4882,2.0143,0.0
7,82,112.6829,2.0143,0.0
7,83,105.7911,2.0143,0.0
7,84,102.2646,2.0143,0.0
7,85,96.0071,2.0143,0.0
7,86,89.4589,2.0143,0.0
7,87,246.0048,2.0143,0.0
7,88,242.9272,2.0143,0.0
7,89,219.1064,2.0143,0.0
7,90,202.2394,2.0143,0.0
7,91,198.8169,2.0143,0.0
7,92,192.684,2.0143,0.0
7,93,195.3222,2.0143,0.0
7,94,189.6469,2.0143,0.0
7,1,11.8214,2.0143,0.0
7,3,35.0194,2.0143,0.9865
7,4,45.3164,2.0143,0.9808
7,5,36.6063,2.0143,0.9706
7,6,28.6938,2.0143,0.9868
7,7,20.8501,2.0143,0.9944
7,8,15.7631,2.0143,0.9925
7,9,11.3571,2.0143,0.9982
7,11,50.8672,2.0143,0.9684
7,12,78.176,2.0143,0.9628
7,13,81.2026,2.0143,0.9648
7,14,68.0504,2.0143,0.9507
7,15,57.6632,2.0143,0.9947
7,16,50.0298,2.0143,0.9948
7,17,42.0367,2.0143,0.9972
7,19,72.6818,2.0143,0.9767
7,20,129.5841,2.0143,0.9831
7,21,74.5587,2.0143,1.8627
7,22,72.1828,2.0143,1.8299
7,23,70.7347,2.0143,1.9138
7,24,69.8471,2.0143,1.8269
7,25,65.3415,2.0143,1.6406
7,26,60.892,2.0143,1.6483
7,27,58.1611,2.0143,1.7149
7,28,56.7868,2.0143,1.7937
7,29,55.3789,2.0143,0.9576
7,30,53.207,2.0143,1.9419
7,31,82.0402,2.0143,0.9601
7,32,74.3627,2.0143,0.9434
7,33,68.3477,2.0143,0.9889
7,34,63.6074,2.0143,0.9901
7,35,57.2578,2.0143,0.9974
7,37,87.5447,2.0143,0.9738
7,38,157.6836,2.0143,0.9801
7,39,126.347,2.0143,1.9153
7,40,98.7165,2.0143,1.9355
7,41,99.6625,2.0143,1.9545
7,42,93.7434,2.0143,1.942
7,43,102.8506,2.0143,1.6682
7,44,83.2744,2.0143,1.8584
7,45,78.1976,2.0143,1.9003
7,46,72.9965,2.0143,1.863
7,47,70.4509,2.0143,0.9679
7,48,70.442,2.0143,1.9539
7,49,104.8972,2.0143,0.9633
7,50,97.2826,2.0143,0.9514
7,51,92.8262,2.0143,0.9749
7,52,89.0582,2.0143,0.9811
7,53,82.7713,2.0143,0.9968
7,55,105.3726,2.0143,0.9909
7,56,203.2396,2.0143,0.9797
7,57,159.4968,2.0143,1.9373
7,59,108.1159,2.0143,2.9425
7,60,105.915,2.0143,2.9455
7,61,102.715,2.0143,2.9413
7,62,102.8398,2.0143,2.93
7,63,98.0628,2.0143,1.8286
7,64,103.2648,2.0143,2.8732
7,65,97.3591,2.0143,2.9086
7,66,98.4445,2.0143,2.8965
7,67,92.6939,2.0143,2.9242
7,68,90.1627,2.0143,2.9282
7,69,89.4774,2.0143,2.9246
7,70,93.3808,2.0143,2.8482
7,71,86.6202,2.0143,2.9219
7,72,112.4717,2.0143,1.9254
7,73,106.0746,2.0143,1.9459
7,74,98.4199,2.0143,1.9292
7,75,98.272,2.0143,1.8104
7,76,89.2508,2.0143,1.8858
7,77,84.579,2.0143,1.8648
7,78,81.1635,2.0143,1.9188
7,79,77.7115,2.0143,0.9846
7,80,75.9482,2.0143,1.9896
7,81,113.7563,2.0143,0.9267
7,82,106.1418,2.0143,0.9383
7,83,104.2768,2.0143,0.982
7,84,102.474,2.0143,0.9815
7,85,97.1579,2.0143,0.9954
7,87,118.8019,2.0143,0.9705
7,88,205.0788,2.0143,0.9662
7,89,127.7412,2.0143,2.907
7,90,144.6629,2.0143,2.8844
7,91,130.7332,2.0143,2.8738
7,92,117.3247,2.0143,2.8878
7,93,113.3581,2.0143,2.9095
7,94,130.5975,2.0143,1.9209
7,4,31.2407,2.0143,1.9697
7,5,31.2221,2.0143,1.9441
7,6,23.8965,2.0143,1.9985
7,7,19.6768,2.0143,2.0143
8,1,5.3717,1.9887,0.9118
8,2,4.0179,1.9887,0.0
8,3,58.6703,1.9887,0.0
8,4,38.7027,1.9887,0.0
8,5,28.7713,1.9887,0.0
8,6,21.1428,1.9887,0.0
8,7,15.8364,1.9887,0.0
8,8,12.6277,1.9887,0.0
8,9,10.0222,1.9887,0.0
8,10,8.0175,1.9887,0.0
8,11,71.0999,1.9887,0.0
8,12,60.2983,1.9887,0.0
8,13,58.1951,1.9887,0.0
8,14,48.9066,1.9887,0.0
8,15,40.5167,1.9887,0.0
8,16,35.1377,1.9887,0.0
8,17,29.9918,1.9887,0.0
8,18,25.5514,1.9887,0.0
8,19,116.7069,1.9887,0.0
8,20,102.7126,1.9887,0.0
8,21,86.3365,1.9887,0.0
8,22,85.2219,1.9887,0.0
8,23,79.0003,1.9887,0.0
8,24,63.1867,1.9887,0.0
8,25,69.2598,1.9887,0.0
8,26,55.3356,1.9887,0.0
8,27,59.2688,1.9887,0.0
8,28,60.2575,1.9887,0.0
8,29,47.0585,1.9887,0.0
8,30,49.3897,1.9887,0.0
8,31,57.4016,1.9887,0.0
8,32,53.011,1.9887,0.0
8,33,47.4202,1.9887,0.0
8,34,43.9819,1.9887,0.0
8,35,39.8821,1.9887,0.0
8,36,35.8961,1.9887,0.0
8,37,132.4879,1.9887,0.0
8,38,122.6928,1.9887,0.0
8,39,111.1606,1.9887,0.0
8,40,102.2836,1.9887,0.0
8,41,94.9281,1.9887,0.0
8,42,76.0239,1.9887,0.0
8,43,83.6409,1.9887,0.0
8,44,66.3025,1.9887,0.0
8,45,71.8071,1.9887,0.0
8,46,67.3354,1.9887,0.0
8,47,56.7511,1.9887,0.0
8,48,60.2334,1.9887,0.0
8,49,72.8571,1.9887,0.0
8,50,69.6046,1.9887,0.0
8,51,64.4291,1.9887,0.0
8,52,61.3159,1.9887,0.0
8,53,57.0738,1.9887,0.0
8,54,52.8269,1.9887,0.0
8,55,162.2001,1.9887,0.0
8,56,155.5437,1.9887,0.0
8,57,141.0933,1.9887,0.0
8,58,75.991,1.9887,2.7991
8,59,139.7472,1.9887,0.0
8,60,134.8019,1.9887,0.0
8,61,131.5785,1.9887,0.0
8,62,128.5846,1.9887,0.0
8,63,125.9329,1.9887,0.0
8,64,103.6007,1.9887,0.0
8,65,111.4277,1.9887,0.0
8,66,108.182,1.9887,0.0
8,67,114.382,1.9887,0.0
8,68,111.9978,1.9887,0.0
8,69,109.9031,1.9887,0.0
8,70,108.3826,1.9887,0.0
8,71,94.1431,1.9887,0.0
8,72,95.4506,1.9887,0.0
8,73,89.3142,1.9887,0.0
8,74,77.5895,1.9887,0.0
8,75,79.4398,1.9887,0.0
8,76,73.6427,1.9887,0.0
8,77,68.7481,1.9887,0.0
8,78,58.7497,1.9887,0.0
8,79,55.502,1.9887,0.0
8,80,57.2328,1.9887,0.0
8,81,76.5235,1.9887,0.0
8,82,76.4013,1.9887,0.0
8,83,72.4352,1.9887,0.0
8,84,70.4769,1.9887,0.0
8,85,66.7504,1.9887,0.0
8,86,62.7578,1.9887,0.0
8,87,157.3695,1.9887,0.0
8,88,156.7317,1.9887,0.0
8,89,142.6636,1.9887,0.0
8,90,133.4762,1.9887,0.0
8,91,130.7999,1.9887,0.0
8,92,126.855,1.9887,0.0
8,93,127.7295,1.9887,0.0
8,94,124.1631,1.9887,0.0
8,1,8.0848,1.9887,0.0
8,3,22.893,1.9887,0.9865
8,4,29.8523,1.9887,0.9808
8,5,24.8185,1.9887,0.9706
8,6,19.909,1.9887,0.9868
8,7,14.86,1.9887,0.9944
8,8,11.5009,1.9887,0.9925
8,9,8.5397,1.9887,0.9982
8,11,33.2636,1.9887,0.9684
8,12,50.8669,1.9887,0.9628
8,13,53.4365,1.9887,0.9648
8,14,45.7273,1.9887,0.9507
8,15,39.4617,1.9887,0.9947
8,16,34.751,1.9887,0.9948
8,17,29.6822,1.9887,0.9972
8,19,48.638,1.9887,0.9767
8,20,83.7279,1.9887,0.9831
8,21,50.3373,1.9887,1.8627
8,22,48.8396,1.9887,1.8299
8,23,47.8815,1.9887,1.9138
8,24,47.2297,1.9887,1.8269
8,25,44.4888,1.9887,1.6406
8,26,41.627,1.9887,1.6483
8,27,39.8131,1.9887,1.7149
8,28,38.8597,1.9887,1.7937
8,29,37.7083,1.9887,0.9576
8,30,36.5764,1.9887,1.9419
8,31,54.5964,1.9887,0.9601
8,32,50.2343,1.9887,0.9434
8,33,46.7753,1.9887,0.9889
8,34,43.9931,1.9887,0.9901
8,35,40.1002,1.9887,0.9974
8,37,58.9015,1.9887,0.9738
8,38,102.0116,1.9887,0.9801
8,39,83.5108,1.9887,1.9153
8,40,66.7498,1.9887,1.9355
8,41,67.4128,1.9887,1.9545
8,42,63.7402,1.9887,1.942
8,43,69.2838,1.9887,1.6682
8,44,57.1928,1.9887,1.8584
8,45,53.867,1.9887,1.9003
8,46,50.4709,1.9887,1.863
8,47,48.6912,1.9887,0.9679
8,48,48.8497,1.9887,1.9539
8,49,70.3511,1.9887,0.9633
8,50,65.9635,1.9887,0.9514
8,51,63.4972,1.9887,0.9749
8,52,61.3585,1.9887,0.9811
8,53,57.5655,1.9887,0.9968
8,55,71.3269,1.9887,0.9909
8,56,131.2633,1.9887,0.9797
8,57,105.3236,1.9887,1.9373
8,59,73.9032,1.9887,2.9425
8,60,72.4156,1.9887,2.9455
8,61,70.2898,1.9887,2.9413
8,62,70.2511,1.9887,2.93
8,63,66.7166,1.9887,1.8286
8,64,70.4331,1.9887,2.8732
8,65,66.5559,1.9887,2.9086
8,66,67.106,1.9887,2.8965
8,67,63.4527,1.9887,2.9242
8,68,61.7568,1.9887,2.9282
8,69,61.2454,1.9887,2.9246
8,70,63.6396,1.9887,2.8482
8,71,59.3224,1.9887,2.9219
8,72,75.4412,1.9887,1.9254
8,73,71.7524,1.9887,1.9459
8,74,67.1687,1.9887,1.9292
8,75,66.6682,1.9887,1.8104
8,76,61.6676,1.9887,1.8858
8,77,58.7162,1.9887,1.8648
8,78,56.5285,1.9887,1.9188
8,79,54.2352,1.9887,0.9846
8,80,53.2556,1.9887,1.9896
8,81,76.8424,1.9887,0.9267
8,82,72.4353,1.9887,0.9383
8,83,71.5603,1.9887,0.982
8,84,70.6708,1.9887,0.9815
8,85,67.5319,1.9887,0.9954
8,87,80.4326,1.9887,0.9705
8,88,133.2852,1.9887,0.9662
8,89,87.2108,1.9887,2.907
8,90,97.9945,1.9887,2.8844
8,91,89.1421,1.9887,2.8738
8,92,80.5724,1.9887,2.8878
8,93,78.019,1.9887,2.9095
8,94,88.1768,1.9887,1.9209
8,4,21.1282,1.9887,1.9697
8,5,21.3648,1.9887,1.9441
8,6,16.7855,1.9887,1.9985
8,7,14.0807,1.9887,2.0143
8,8,10.3708,1.9887,1.9887
12,1,21.837,1.9496,0.9118
12,2,13.8496,1.9496,0.0
12,3,370.819,1.9496,0.0
12,4,208.6769,1.9496,0.0
12,5,136.9932,1.9496,0.0
12,6,90.3305,1.9496,0.0
12,7,61.8372,1.9496,0.0
12,8,46.0347,1.9496,0.0
12,9,34.3314,1.9496,0.0
12,10,26.0533,1.9496,0.0
12,11,442.4019,1.9496,0.0
12,12,334.2493,1.9496,0.0
12,13,304.7337,1.9496,0.0
12,14,236.1388,1.9496,0.0
12,15,180.9843,1.9496,0.0
12,16,148.213,1.9496,0.0
12,17,119.3911,1.9496,0.0
12,18,96.3813,1.9496,0.0
12,19,723.6346,1.9496,0.0
12,20,590.8737,1.9496,0.0
12,21,486.4653,1.9496,0.0
12,22,467.4506,1.9496,0.0
12,23,426.8815,1.9496,0.0
12,24,335.0118,1.9496,0.0
12,25,366.0024,1.9496,0.0
12,26,285.9969,1.9496,0.0
12,27,302.4518,1.9496,0.0
12,28,312.5862,1.9496,0.0
12,29,238.537,1.9496,0.0
12,30,243.5663,1.9496,0.0
12,31,289.7425,1.9496,0.0
12,32,252.3964,1.9496,0.0
12,33,212.3392,1.9496,0.0
12,34,188.6214,1.9496,0.0
12,35,163.2221,1.9496,0.0
12,36,140.3605,1.9496,0.0
12,37,808.8537,1.9496,0.0
12,38,703.3906,1.9496,0.0
12,39,611.6961,1.9496,0.0
12,40,546.7935,1.9496,0.0
12,41,496.4807,1.9496,0.0
12,42,379.7626,1.9496,0.0
12,43,425.2656,1.9496,0.0
12,44,320.6678,1.9496,0.0
12,45,351.4302,1.9496,0.0
12,46,324.9551,1.9496,0.0
12,47,270.1633,1.9496,0.0
12,48,285.2161,1.9496,0.0
12,49,361.3835,1.9496,0.0
12,50,331.2828,1.9496,0.0
12,51,292.0246,1.9496,0.0
12,52,268.8595,1.9496,0.0
12,53,240.8943,1.9496,0.0
12,54,214.5479,1.9496,0.0
12,55,983.9584,1.9496,0.0
12,56,897.4029,1.9496,0.0
12,57,783.1302,1.9496,0.0
12,58,345.1382,1.9496,2.7991
12,59,792.9063,1.9496,0.0
12,60,760.7352,1.9496,0.0
12,61,741.4881,1.9496,0.0
12,62,723.8209,1.9496,0.0
12,63,708.1495,1.9496,0.0
12,64,551.1193,1.9496,0.0
12,65,626.4637,1.9496,0.0
12,66,603.2928,1.9496,0.0
12,67,637.8198,1.9496,0.0
12,68,624.2488,1.9496,0.0
12,69,611.9392,1.9496,0.0
12,70,605.0843,1.9496,0.0
12,71,506.2365,1.9496,0.0
12,72,494.229,1.9496,0.0
12,73,448.1992,1.9496,0.0
12,74,375.5975,1.9496,0.0
12,75,381.4793,1.9496,0.0
12,76,343.6107,1.9496,0.0
12,77,312.9994,1.9496,0.0
12,78,257.8921,1.9496,0.0
12,79,240.1781,1.9496,0.0
12,80,246.9009,1.9496,0.0
12,81,368.7594,1.9496,0.0
12,82,358.5506,1.9496,0.0
12,83,326.5044,1.9496,0.0
12,84,309.5177,1.9496,0.0
12,85,283.3481,1.9496,0.0
12,86,257.5824,1.9496,0.0
12,87,924.2573,1.9496,0.0
12,88,883.8111,1.9496,0.0
12,89,776.4074,1.9496,0.0
12,90,691.1271,1.9496,0.0
12,91,688.3015,1.9496,0.0
12,92,666.2269,1.9496,0.0
12,93,689.6518,1.9496,0.0
12,94,667.2949,1.9496,0.0
12,1,35.919,1.9496,0.0
12,3,120.7808,1.9496,0.9865
12,4,153.1575,1.9496,0.9808
12,5,114.419,1.9496,0.9706
12,6,84.6178,1.9496,0.9868
12,7,57.5398,1.9496,0.9944
12,8,41.0605,1.9496,0.9925
12,9,27.4841,1.9496,0.9982
12,11,176.8683,1.9496,0.9684
12,12,274.159,1.9496,0.9628
12,13,275.2609,1.9496,0.9648
12,14,217.5471,1.9496,0.9507
12,15,175.5006,1.9496,0.9947
12,16,146.5849,1.9496,0.9948
12,17,118.1567,1.9496,0.9972
12,19,240.1725,1.9496,0.9767
12,20,470.3059,1.9496,0.9831
12,21,238.154,1.9496,1.8627
12,22,229.5754,1.9496,1.8299
12,23,224.9822,1.9496,1.9138
12,24,223.1855,1.9496,1.8269
12,25,204.0446,1.9496,1.6406
12,26,188.2525,1.9496,1.6483
12,27,179.4553,1.9496,1.7149
12,28,175.5343,1.9496,1.7937
12,29,174.3619,1.9496,0.9576
12,30,162.0032,1.9496,1.9419
12,31,271.242,1.9496,0.9601
12,32,235.267,1.9496,0.9434
12,33,208.5236,1.9496,0.9889
12,34,188.7025,1.9496,0.9901
12,35,164.4383,1.9496,0.9974
12,37,285.4219,1.9496,0.9738
12,38,571.9448,1.9496,0.9801
12,39,430.394,1.9496,1.9153
12,40,314.6402,1.9496,1.9355
12,41,317.7923,1.9496,1.9545
12,42,295.1816,1.9496,1.942
12,43,333.8166,1.9496,1.6682
12,44,255.2289,1.9496,1.8584
12,45,238.3187,1.9496,1.9003
12,46,220.7375,1.9496,1.863
12,47,213.7477,1.9496,0.9679
12,48,210.5498,1.9496,1.9539
12,49,343.3098,1.9496,0.9633
12,50,307.5475,1.9496,0.9514
12,51,285.7251,1.9496,0.9749
12,52,268.5418,1.9496,0.9811
12,53,243.2097,1.9496,0.9968
12,55,335.243,1.9496,0.9909
12,56,742.3673,1.9496,0.9797
12,57,545.0752,1.9496,1.9373
12,59,334.4652,1.9496,2.9425
12,60,327.4991,1.9496,2.9455
12,61,316.8969,1.9496,2.9413
12,62,318.9485,1.9496,2.93
12,63,308.8219,1.9496,1.8286
12,64,321.3077,1.9496,2.8732
12,65,301.2799,1.9496,2.9086
12,66,307.3477,1.9496,2.8965
12,67,285.5962,1.9496,2.9242
12,68,277.3103,1.9496,2.9282
12,69,275.6811,1.9496,2.9246
12,70,290.741,1.9496,2.8482
12,71,266.2926,1.9496,2.9219
12,72,367.1079,1.9496,1.9254
12,73,338.4615,1.9496,1.9459
12,74,306.6214,1.9496,1.9292
12,75,311.9868,1.9496,1.8104
12,76,268.7831,1.9496,1.8858
12,77,251.9665,1.9496,1.8648
12,78,240.104,1.9496,1.9188
12,79,229.3401,1.9496,0.9846
12,80,220.474,1.9496,1.9896
12,81,366.9136,1.9496,0.9267
12,82,331.3135,1.9496,0.9383
12,83,319.5504,1.9496,0.982
12,84,309.3423,1.9496,0.9815
12,85,286.8021,1.9496,0.9954
12,87,377.4216,1.9496,0.9705
12,88,735.1978,1.9496,0.9662
12,89,396.0686,1.9496,2.907
12,90,460.5673,1.9496,2.8844
12,91,409.7423,1.9496,2.8738
12,92,359.9011,1.9496,2.8878
12,93,345.712,1.9496,2.9095
12,94,423.2252,1.9496,1.9209
12,4,97.8101,1.9496,1.9697
12,5,95.3575,1.9496,1.9441
12,6,68.2984,1.9496,1.9985
12,7,53.8803,1.9496,2.0143
12,8,35.9665,1.9496,1.9887
12,12,175.5616,1.9496,1.9496
13,1,26.3524,1.9311,0.9118
13,2,16.7031,1.9311,0.0
13,3,456.3613,1.9311,0.0
13,4,253.0649,1.9311,0.0
13,5,165.5938,1.9311,0.0
13,6,109.0541,1.9311,0.0
13,7,74.6117,1.9311,0.0
13,8,55.525,1.9311,0.0
13,9,41.3914,1.9311,0.0
13,10,31.3944,1.9311,0.0
13,11,543.9378,1.9311,0.0
13,12,406.0687,1.9311,0.0
13,13,369.3829,1.9311,0.0
13,14,285.4825,1.9311,0.0
13,15,218.5302,1.9311,0.0
13,16,178.8926,1.9311,0.0
13,17,144.0669,1.9311,0.0
13,18,116.2817,1.9311,0.0
13,19,894.6228,1.9311,0.0
13,20,721.4089,1.9311,0.0
13,21,592.705,1.9311,0.0
13,22,568.9077,1.9311,0.0
13,23,519.1328,1.9311,0.0
13,24,407.7288,1.9311,0.0
13,25,444.6283,1.9311,0.0
13,26,347.6394,1.9311,0.0
13,27,366.7236,1.9311,0.0
13,28,379.228,1.9311,0.0
13,29,289.6824,1.9311,0.0
13,30,294.9017,1.9311,0.0
13,31,351.1192,1.9311,0.0
13,32,305.1643,1.9311,0.0
13,33,256.4231,1.9311,0.0
13,34,227.6936,1.9311,0.0
13,35,196.9743,1.9311,0.0
13,36,169.3547,1.9311,0.0
13,37,999.74,1.9311,0.0
13,38,859.5678,1.9311,0.0
13,39,745.1801,1.9311,0.0
13,40,665.0386,1.9311,0.0
13,41,603.3575,1.9311,0.0
13,42,461.0586,1.9311,0.0
13,43,516.4766,1.9311,0.0
13,44,388.9956,1.9311,0.0
13,45,425.9837,1.9311,0.0
13,46,393.6776,1.9311,0.0
13,47,327.7472,1.9311,0.0
13,48,345.2997,1.9311,0.0
13,49,438.2474,1.9311,0.0
13,50,400.7894,1.9311,0.0
13,51,352.7849,1.9311,0.0
13,52,324.6278,1.9311,0.0
13,53,290.7378,1.9311,0.0
13,54,258.8687,1.9311,0.0
13,55,1217.3141,1.9311,0.0
13,56,1098.7485,1.9311,0.0
13,57,955.5488,1.9311,0.0
13,58,417.2208,1.9311,2.7991
13,59,969.7366,1.9311,0.0
13,60,929.6042,1.9311,0.0
13,61,905.886,1.9311,0.0
13,62,884.1322,1.9311,0.0
13,63,864.8322,1.9311,0.0
13,64,671.29,1.9311,0.0
13,65,768.1313,1.9311,0.0
13,66,739.4538,1.9311,0.0
13,67,778.1323,1.9311,0.0
13,68,761.4623,1.9311,0.0
13,69,746.321,1.9311,0.0
13,70,738.0233,1.9311,0.0
13,71,616.4715,1.9311,0.0
13,72,600.0308,1.9311,0.0
13,73,543.4462,1.9311,0.0
13,74,455.3313,1.9311,0.0
13,75,462.1194,1.9311,0.0
13,76,415.8526,1.9311,0.0
13,77,378.5524,1.9311,0.0
13,78,311.845,1.9311,0.0
13,79,290.3777,1.9311,0.0
13,80,298.3006,1.9311,0.0
13,81,447.3949,1.9311,0.0
13,82,433.9837,1.9311,0.0
13,83,394.5702,1.9311,0.0
13,84,373.8151,1.9311,0.0
13,85,342.0211,1.9311,0.0
13,86,310.8162,1.9311,0.0
13,87,1139.702,1.9311,0.0
13,88,1080.3973,1.9311,0.0
13,89,945.9883,1.9311,0.0
13,90,839.7674,1.9311,0.0
13,91,837.8184,1.9311,0.0
13,92,810.8538,1.9311,0.0
13,93,840.6989,1.9311,0.0
13,94,813.1095,1.9311,0.0
13,1,43.3661,1.9311,0.0
13,3,146.4426,1.9311,0.9865
13,4,185.731,1.9311,0.9808
13,5,138.2838,1.9311,0.9706
13,6,102.2095,1.9311,0.9868
13,7,69.4501,1.9311,0.9944
13,8,49.5319,1.9311,0.9925
13,9,33.1265,1.9311,0.9982
13,11,214.6796,1.9311,0.9684
13,12,333.0505,1.9311,0.9628
13,13,333.5341,1.9311,0.9648
13,14,262.977,1.9311,0.9507
13,15,211.9205,1.9311,0.9947
13,16,176.9365,1.9311,0.9948
13,17,142.5806,1.9311,0.9972
13,19,291.6028,1.9311,0.9767
13,20,575.4721,1.9311,0.9831
13,21,288.0834,1.9311,1.8627
13,22,277.8074,1.9311,1.8299
13,23,272.2496,1.9311,1.9138
13,24,270.1623,1.9311,1.8269
13,25,246.5588,1.9311,1.6406
13,26,227.4327,1.9311,1.6483
13,27,216.8393,1.9311,1.7149
13,28,212.1194,1.9311,1.7937
13,29,210.9019,1.9311,0.9576
13,30,195.5973,1.9311,1.9419
13,31,328.51,1.9311,0.9601
13,32,284.3739,1.9311,0.9434
13,33,251.8127,1.9311,0.9889
13,34,227.7982,1.9311,0.9901
13,35,198.4473,1.9311,0.9974
13,37,346.4959,1.9311,0.9738
13,38,700.6746,1.9311,0.9801
13,39,524.2267,1.9311,1.9153
13,40,381.0309,1.9311,1.9355
13,41,384.7678,1.9311,1.9545
13,42,357.3576,1.9311,1.942
13,43,405.2011,1.9311,1.6682
13,44,308.5459,1.9311,1.8584
13,45,288.1291,1.9311,1.9003
13,46,266.8484,1.9311,1.863
13,47,258.4065,1.9311,0.9679
13,48,254.2236,1.9311,1.9539
13,49,416.0033,1.9311,0.9633
13,50,371.8779,1.9311,0.9514
13,51,345.1303,1.9311,0.9749
13,52,324.2349,1.9311,0.9811
13,53,293.5337,1.9311,0.9968
13,55,406.3724,1.9311,0.9909
13,56,911.8321,1.9311,0.9797
13,57,664.5904,1.9311,1.9373
13,59,404.291,1.9311,2.9425
13,60,395.8577,1.9311,2.9455
13,61,383.0238,1.9311,2.9413
13,62,385.6361,1.9311,2.93
13,63,373.6925,1.9311,1.8286
13,64,388.4558,1.9311,2.8732
13,65,364.1571,1.9311,2.9086
13,66,371.7482,1.9311,2.8965
13,67,345.1182,1.9311,2.9242
13,68,335.0783,1.9311,2.9282
13,69,333.1239,1.9311,2.9246
13,70,351.3735,1.9311,2.8482
13,71,321.7317,1.9311,2.9219
13,72,445.3815,1.9311,1.9254
13,73,410.1206,1.9311,1.9459
13,74,371.0891,1.9311,1.9292
13,75,377.9737,1.9311,1.8104
13,76,324.7873,1.9311,1.8858
13,77,304.4031,1.9311,1.8648
13,78,290.0391,1.9311,1.9188
13,79,277.0789,1.9311,0.9846
13,80,266.1165,1.9311,1.9896
13,81,444.7526,1.9311,0.9267
13,82,400.6554,1.9311,0.9383
13,83,386.0564,1.9311,0.982
13,84,373.5651,1.9311,0.9815
13,85,346.1857,1.9311,0.9954
13,87,457.4294,1.9311,0.9705
13,88,900.6966,1.9311,0.9662
13,89,478.743,1.9311,2.907
13,90,558.2191,1.9311,2.8844
13,91,496.7556,1.9311,2.8738
13,92,435.1351,1.9311,2.8878
13,93,417.8268,1.9311,2.9095
13,94,513.9366,1.9311,1.9209
13,4,118.1233,1.9311,1.9697
13,5,115.248,1.9311,1.9441
13,6,82.4303,1.9311,1.9985
13,7,65.0164,1.9311,2.0143
13,8,43.3788,1.9311,1.9887
13,12,212.1971,1.9311,1.9496
13,13,256.7497,1.9311,1.9311
14,1,25.7021,1.9435,0.9118
14,2,16.5806,1.9435,0.0
14,3,412.4323,1.9435,0.0
14,4,236.8991,1.9435,0.0
14,5,158.0165,1.9435,0.0
14,6,105.5713,1.9435,0.0
14,7,73.0073,1.9435,0.0
14,8,54.7443,1.9435,0.0
14,9,41.0728,1.9435,0.0
14,10,31.3107,1.9435,0.0
14,11,492.6562,1.9435,0.0
14,12,377.836,1.9435,0.0
14,13,347.1154,1.9435,0.0
14,14,271.8844,1.9435,0.0
14,15,210.484,1.9435,0.0
14,16,173.5798,1.9435,0.0
14,17,140.7824,1.9435,0.0
14,18,114.3348,1.9435,0.0
14,19,805.4924,1.9435,0.0
14,20,664.0977,1.9435,0.0
14,21,548.2115,1.9435,0.0
14,22,528.4593,1.9435,0.0
14,23,483.4599,1.9435,0.0
14,24,379.9385,1.9435,0.0
14,25,415.6112,1.9435,0.0
14,26,325.3117,1.9435,0.0
14,27,344.9479,1.9435,0.0
14,28,355.7641,1.9435,0.0
14,29,271.8911,1.9435,0.0
14,30,278.9696,1.9435,0.0
14,31,331.2849,1.9435,0.0
14,32,290.9092,1.9435,0.0
14,33,246.7379,1.9435,0.0
14,34,220.3806,1.9435,0.0
14,35,191.7992,1.9435,0.0
14,36,165.823,1.9435,0.0
14,37,901.7739,1.9435,0.0
14,38,790.6765,1.9435,0.0
14,39,691.2029,1.9435,0.0
14,40,620.0792,1.9435,0.0
14,41,564.4901,1.9435,0.0
14,42,433.9678,1.9435,0.0
14,43,485.0098,1.9435,0.0
14,44,367.7306,1.9435,0.0
14,45,402.6239,1.9435,0.0
14,46,372.8898,1.9435,0.0
14,47,310.1186,1.9435,0.0
14,48,327.9622,1.9435,0.0
14,49,413.3754,1.9435,0.0
14,50,381.223,1.9435,0.0
14,51,338.3189,1.9435,0.0
14,52,312.875,1.9435,0.0
14,53,281.7256,1.9435,0.0
14,54,252.1337,1.9435,0.0
14,55,1098.1239,1.9435,0.0
14,56,1007.8503,1.9435,0.0
14,57,883.8815,1.9435,0.0
14,58,399.5853,1.9435,2.7991
14,59,891.9042,1.9435,0.0
14,60,856.2817,1.9435,0.0
14,61,834.7641,1.9435,0.0
14,62,814.9918,1.9435,0.0
14,63,797.4609,1.9435,0.0
14,64,624.7321,1.9435,0.0
14,65,705.0006,1.9435,0.0
14,66,679.6544,1.9435,0.0
14,67,719.0323,1.9435,0.0
14,68,703.7881,1.9435,0.0
14,69,690.0184,1.9435,0.0
14,70,682.0827,1.9435,0.0
14,71,573.2433,1.9435,0.0
14,72,562.7866,1.9435,0.0
14,73,512.3504,1.9435,0.0
14,74,431.0518,1.9435,0.0
14,75,438.3213,1.9435,0.0
14,76,396.1989,1.9435,0.0
14,77,361.9628,1.9435,0.0
14,78,299.3564,1.9435,0.0
14,79,279.1827,1.9435,0.0
14,80,287.2476,1.9435,0.0
14,81,422.9687,1.9435,0.0
14,82,412.9602,1.9435,0.0
14,83,378.2078,1.9435,0.0
14,84,359.8412,1.9435,0.0
14,85,330.9249,1.9435,0.0
14,86,302.1462,1.9435,0.0
14,87,1035.386,1.9435,0.0
14,88,995.3732,1.9435,0.0
14,89,878.255,1.9435,0.0
14,90,786.5317,1.9435,0.0
14,91,781.3133,1.9435,0.0
14,92,756.3527,1.9435,0.0
14,93,779.9636,1.9435,0.0
14,94,755.1229,1.9435,0.0
14,1,41.8222,1.9435,0.0
14,3,137.4458,1.9435,0.9865
14,4,174.9315,1.9435,0.9808
14,5,132.4831,1.9435,0.9706
14,6,98.9278,1.9435,0.9868
14,7,67.982,1.9435,0.9944
14,8,48.9391,1.9435,0.9925
14,9,33.1075,1.9435,0.9982
14,11,200.8038,1.9435,0.9684
14,12,310.9897,1.9435,0.9628
14,13,314.1809,1.9435,0.9648
14,14,250.9376,1.9435,0.9507
14,15,204.1998,1.9435,0.9947
14,16,171.6537,1.9435,0.9948
14,17,139.3125,1.9435,0.9972
14,19,274.8056,1.9435,0.9767
14,20,529.8946,1.9435,0.9831
14,21,274.3493,1.9435,1.8627
14,22,264.6302,1.9435,1.8299
14,23,259.2925,1.9435,1.9138
14,24,256.9682,1.9435,1.8269
14,25,235.9676,1.9435,1.6406
14,26,218.0646,1.9435,1.6483
14,27,207.9084,1.9435,1.7149
14,28,203.2777,1.9435,1.7937
14,29,201.1573,1.9435,0.9576
14,30,188.1613,1.9435,1.9419
14,31,310.7704,1.9435,0.9601
14,32,271.7438,1.9435,0.9434
14,33,242.4359,1.9435,0.9889
14,34,220.4624,1.9435,0.9901
14,35,193.1738,1.9435,0.9974
14,37,327.308,1.9435,0.9738
14,38,644.4017,1.9435,0.9801
14,39,490.2154,1.9435,1.9153
14,40,362.5672,1.9435,1.9355
14,41,366.0984,1.9435,1.9545
14,42,340.7358,1.9435,1.942
14,43,383.1734,1.9435,1.6682
14,44,295.9631,1.9435,1.8584
14,45,276.5427,1.9435,1.9003
14,46,256.4133,1.9435,1.863
14,47,248.075,1.9435,0.9679
14,48,245.1614,1.9435,1.9539
14,49,393.5617,1.9435,0.9633
14,50,354.8687,1.9435,0.9514
14,51,331.3449,1.9435,0.9749
14,52,312.5939,1.9435,0.9811
14,53,284.4096,1.9435,0.9968
14,55,386.4327,1.9435,0.9909
14,56,835.4801,1.9435,0.9797
14,57,620.516,1.9435,1.9373
14,59,387.3888,1.9435,2.9425
14,60,379.3429,1.9435,2.9455
14,61,367.1968,1.9435,2.9413
14,62,369.2253,1.9435,2.93
14,63,356.3677,1.9435,1.8286
14,64,371.7819,1.9435,2.8732
14,65,348.9033,1.9435,2.9086
14,66,355.3534,1.9435,2.8965
14,67,331.0143,1.9435,2.9242
14,68,321.5131,1.9435,2.9282
14,69,319.5322,1.9435,2.9246
14,70,336.4239,1.9435,2.8482
14,71,308.793,1.9435,2.9219
14,72,421.2426,1.9435,1.9254
14,73,389.8713,1.9435,1.9459
14,74,354.6271,1.9435,1.9292
14,75,359.5564,1.9435,1.8104
14,76,312.6836,1.9435,1.8858
14,77,293.5928,1.9435,1.8648
14,78,280.0395,1.9435,1.9188
14,79,267.4853,1.9435,0.9846
14,80,257.9876,1.9435,1.9896
14,81,421.4777,1.9435,0.9267
14,82,382.9249,1.9435,0.9383
14,83,370.6542,1.9435,0.982
14,84,359.8342,1.9435,0.9815
14,85,334.9723,1.9435,0.9954
14,87,435.2078,1.9435,0.9705
14,88,830.0097,1.9435,0.9662
14,89,458.6209,1.9435,2.907
14,90,530.6548,1.9435,2.8844
14,91,473.2924,1.9435,2.8738
14,92,417.2588,1.9435,2.8878
14,93,401.1937,1.9435,2.9095
14,94,485.68,1.9435,1.9209
14,4,113.282,1.9435,1.9697
14,5,110.8447,1.9435,1.9441
14,6,80.2619,1.9435,1.9985
14,7,63.7151,1.9435,2.0143
14,8,42.9679,1.9435,1.9887
14,12,201.7758,1.9435,1.9496
14,13,243.8407,1.9435,1.9311
14,14,233.1254,1.9435,1.9435
15,1,22.7429,2.0102,0.9118
15,2,15.0245,2.0102,0.0
15,3,337.4662,2.0102,0.0
15,4,199.9576,2.0102,0.0
15,5,136.2402,2.0102,0.0
15,6,92.608,2.0102,0.0
15,7,64.9209,2.0102,0.0
15,8,49.1729,2.0102,0.0
15,9,37.2205,2.0102,0.0
15,10,28.5805,2.0102,0.0
15,11,403.9802,2.0102,0.0
15,12,317.0824,2.0102,0.0
15,13,294.3403,2.0102,0.0
15,14,233.8752,2.0102,0.0
15,15,183.4322,2.0102,0.0
15,16,152.647,2.0102,0.0
15,17,124.9162,2.0102,0.0
15,18,102.2701,2.0102,0.0
15,19,659.2394,2.0102,0.0
15,20,552.4889,2.0102,0.0
15,21,457.9608,2.0102,0.0
15,22,443.4723,2.0102,0.0
15,23,406.7672,2.0102,0.0
15,24,320.2734,2.0102,0.0
15,25,351.0224,2.0102,0.0
15,26,275.4138,2.0102,0.0
15,27,293.1661,2.0102,0.0
15,28,301.4974,2.0102,0.0
15,29,230.9091,2.0102,0.0
15,30,238.5063,2.0102,0.0
15,31,282.3871,2.0102,0.0
15,32,250.6401,2.0102,0.0
15,33,214.8363,2.0102,0.0
15,34,193.241,2.0102,0.0
15,35,169.4313,2.0102,0.0
15,36,147.5193,2.0102,0.0
15,37,739.7269,2.0102,0.0
15,38,657.7877,2.0102,0.0
15,39,579.5105,2.0102,0.0
15,40,522.5721,2.0102,0.0
15,41,477.4772,2.0102,0.0
15,42,369.6794,2.0102,0.0
15,43,412.0413,2.0102,0.0
15,44,314.8297,2.0102,0.0
15,45,344.2987,2.0102,0.0
15,46,319.6077,2.0102,0.0
15,47,265.9503,2.0102,0.0
15,48,281.9469,2.0102,0.0
15,49,352.7247,2.0102,0.0
15,50,327.946,2.0102,0.0
15,51,293.6168,2.0102,0.0
15,52,273.092,2.0102,0.0
15,53,247.4732,2.0102,0.0
15,54,222.866,2.0102,0.0
15,55,901.7293,2.0102,0.0
15,56,836.997,2.0102,0.0
15,57,739.5674,2.0102,0.0
15,58,346.4675,2.0102,2.7991
15,59,742.6702,2.0102,0.0
15,60,713.7913,2.0102,0.0
15,61,696.0628,2.0102,0.0
15,62,679.7433,2.0102,0.0
15,63,665.2819,2.0102,0.0
15,64,526.1827,2.0102,0.0
15,65,587.0972,2.0102,0.0
15,66,566.8734,2.0102,0.0
15,67,600.8855,2.0102,0.0
15,68,588.2297,2.0102,0.0
15,69,576.8643,2.0102,0.0
15,70,569.9851,2.0102,0.0
15,71,482.1627,2.0102,0.0
15,72,477.0759,2.0102,0.0
15,73,436.6757,2.0102,0.0
15,74,369.3512,2.0102,0.0
15,75,376.219,2.0102,0.0
15,76,341.7156,2.0102,0.0
15,77,313.4498,2.0102,0.0
15,78,260.5907,2.0102,0.0
15,79,243.5211,2.0102,0.0
15,80,250.8427,2.0102,0.0
15,81,362.2556,2.0102,0.0
15,82,355.7163,2.0102,0.0
15,83,328.2537,2.0102,0.0
15,84,313.7802,2.0102,0.0
15,85,290.2629,2.0102,0.0
15,86,266.5063,2.0102,0.0
15,87,855.3214,2.0102,0.0
15,88,830.0834,2.0102,0.0
15,89,737.4095,2.0102,0.0
15,90,666.2141,2.0102,0.0
15,91,659.3738,2.0102,0.0
15,92,638.4646,2.0102,0.0
15,93,654.8973,2.0102,0.0
15,94,634.6074,2.0102,0.0
15,1,36.4936,2.0102,0.0
15,3,116.3941,2.0102,0.9865
15,4,148.8194,2.0102,0.9808
15,5,114.7968,2.0102,0.9706
15,6,86.8128,2.0102,0.9868
15,7,60.5085,2.0102,0.9944
15,8,44.0904,2.0102,0.9925
15,9,30.2894,2.0102,0.9982
15,11,169.5698,2.0102,0.9684
15,12,262.1696,2.0102,0.9628
15,13,267.1404,2.0102,0.9648
15,14,216.3693,2.0102,0.9507
15,15,178.0622,2.0102,0.9947
15,16,150.9364,2.0102,0.9948
15,17,123.6011,2.0102,0.9972
15,19,234.4921,2.0102,0.9767
15,20,442.0702,2.0102,0.9831
15,21,236.2965,2.0102,1.8627
15,22,228.1087,2.0102,1.8299
15,23,223.4784,2.0102,1.9138
15,24,221.1986,2.0102,1.8269
15,25,204.3319,2.0102,1.6406
15,26,189.2497,2.0102,1.6483
15,27,180.4846,2.0102,1.7149
15,28,176.375,2.0102,1.7937
15,29,173.7006,2.0102,0.9576
15,30,163.8884,2.0102,1.9419
15,31,265.6407,2.0102,0.9601
15,32,234.7785,2.0102,0.9434
15,33,211.238,2.0102,0.9889
15,34,193.2996,2.0102,0.9901
15,35,170.5858,2.0102,0.9974
15,37,280.1183,2.0102,0.9738
15,38,537.4352,2.0102,0.9801
15,39,415.3578,2.0102,1.9153
15,40,312.305,2.0102,1.9355
15,41,315.2763,2.0102,1.9545
15,42,294.2436,2.0102,1.942
15,43,328.3317,2.0102,1.6682
15,44,257.2059,2.0102,1.8584
15,45,240.5751,2.0102,1.9003
15,46,223.4125,2.0102,1.863
15,47,215.9419,2.0102,0.9679
15,48,214.2984,2.0102,1.9539
15,49,336.8285,2.0102,0.9633
15,50,306.3712,2.0102,0.9514
15,51,287.9266,2.0102,0.9749
15,52,272.9417,2.0102,0.9811
15,53,249.7992,2.0102,0.9968
15,55,332.8876,2.0102,0.9909
15,56,695.2639,2.0102,0.9797
15,57,525.2515,2.0102,1.9373
15,59,336.0824,2.0102,2.9425
15,60,329.1343,2.0102,2.9455
15,61,318.7539,2.0102,2.9413
15,62,320.1057,2.0102,2.93
15,63,307.7168,2.0102,1.8286
15,64,322.1177,2.0102,2.8732
15,65,302.661,2.0102,2.9086
15,66,307.5736,2.0102,2.8965
15,67,287.4557,2.0102,2.9242
15,68,279.3232,2.0102,2.9282
15,69,277.4949,2.0102,2.9246
15,70,291.5055,2.0102,2.8482
15,71,268.3264,2.0102,2.9219
15,72,360.7292,2.0102,1.9254
15,73,335.6479,2.0102,1.9459
15,74,307.0136,2.0102,1.9292
15,75,309.8275,2.0102,1.8104
15,76,272.865,2.0102,1.8858
15,77,256.7878,2.0102,1.8648
15,78,245.2806,2.0102,1.9188
15,79,234.3332,2.0102,0.9846
15,80,226.9709,2.0102,1.9896
15,81,361.7246,2.0102,0.9267
15,82,331.3845,2.0102,0.9383
15,83,322.2607,2.0102,0.982
15,84,313.9859,2.0102,0.9815
15,85,293.8159,2.0102,0.9954
15,87,375.0717,2.0102,0.9705
15,88,694.0552,2.0102,0.9662
15,89,397.7211,2.0102,2.907
15,90,457.0273,2.0102,2.8844
15,91,408.993,2.0102,2.8738
15,92,362.5338,2.0102,2.8878
15,93,349.0507,2.0102,2.9095
15,94,416.1319,2.0102,1.9209
15,4,98.1859,2.0102,1.9697
15,5,96.5324,2.0102,1.9441
15,6,70.9269,2.0102,1.9985
15,7,56.7981,2.0102,2.0143
15,8,38.8578,2.0102,1.9887
15,12,173.2227,2.0102,1.9496
15,13,209.2061,2.0102,1.9311
15,14,201.4465,2.0102,1.9435
15,15,175.5534,2.0102,2.0102
16,1,19.4729,1.9903,0.9118
16,2,13.209,1.9903,0.0
16,3,265.5464,1.9903,0.0
16,4,162.6875,1.9903,0.0
16,5,113.4324,1.9903,0.0
16,6,78.5729,1.9903,0.0
16,7,55.9136,1.9903,0.0
16,8,42.8245,1.9903,0.0
16,9,32.7365,1.9903,0.0
16,10,25.3435,1.9903,0.0
16,11,318.712,1.9903,0.0
16,12,256.4315,1.9903,0.0
16,13,240.7165,1.9903,0.0
16,14,194.2314,1.9903,0.0
16,15,154.4935,1.9903,0.0
16,16,129.8413,1.9903,0.0
16,17,107.2964,1.9903,0.0
16,18,88.6268,1.9903,0.0
16,19,519.3802,1.9903,0.0
16,20,442.8735,1.9903,0.0
16,21,368.7131,1.9903,0.0
16,22,358.8554,1.9903,0.0
16,23,330.0938,1.9903,0.0
16,24,260.5647,1.9903,0.0
16,25,286.0527,1.9903,0.0
16,26,225.1357,1.9903,0.0
16,27,240.5175,1.9903,0.0
16,28,246.5864,1.9903,0.0
16,29,189.4122,1.9903,0.0
16,30,196.9331,1.9903,0.0
16,31,232.3409,1.9903,0.0
16,32,208.5685,1.9903,0.0
16,33,180.8007,1.9903,0.0
16,34,163.8681,1.9903,0.0
16,35,144.8387,1.9903,0.0
16,36,127.0791,1.9903,0.0
16,37,584.3784,1.9903,0.0
16,38,527.3838,1.9903,0.0
16,39,468.5269,1.9903,0.0
16,40,424.8748,1.9903,0.0
16,41,389.7889,1.9903,0.0
16,42,304.2109,1.9903,0.0
16,43,338.0296,1.9903,0.0
16,44,260.5335,1.9903,0.0
16,45,284.4682,1.9903,0.0
16,46,264.7345,1.9903,0.0
16,47,220.5585,1.9903,0.0
16,48,234.3154,1.9903,0.0
16,49,290.7255,1.9903,0.0
16,50,272.5881,1.9903,0.0
16,51,246.335,1.9903,0.0
16,52,230.5137,1.9903,0.0
16,53,210.3176,1.9903,0.0
16,54,190.6822,1.9903,0.0
16,55,713.2229,1.9903,0.0
16,56,669.9106,1.9903,0.0
16,57,596.7186,1.9903,0.0
16,58,290.4555,1.9903,2.7991
16,59,596.1986,1.9903,0.0
16,60,573.684,1.9903,0.0
16,61,559.6108,1.9903,0.0
16,62,546.6292,1.9903,0.0
16,63,535.1318,1.9903,0.0
16,64,427.7338,1.9903,0.0
16,65,471.5858,1.9903,0.0
16,66,456.1062,1.9903,0.0
16,67,484.2101,1.9903,0.0
16,68,474.0753,1.9903,0.0
16,69,465.0326,1.9903,0.0
16,70,459.2634,1.9903,0.0
16,71,391.2939,1.9903,0.0
16,72,390.3288,1.9903,0.0
16,73,359.3797,1.9903,0.0
16,74,305.8261,1.9903,0.0
16,75,312.0468,1.9903,0.0
16,76,284.9183,1.9903,0.0
16,77,262.4983,1.9903,0.0
16,78,219.5335,1.9903,0.0
16,79,205.626,1.9903,0.0
16,80,212.0159,1.9903,0.0
16,81,299.9198,1.9903,0.0
16,82,296.2052,1.9903,0.0
16,83,275.4969,1.9903,0.0
16,84,264.6481,1.9903,0.0
16,85,246.3395,1.9903,0.0
16,86,227.5338,1.9903,0.0
16,87,681.0241,1.9903,0.0
16,88,667.4195,1.9903,0.0
16,89,597.232,1.9903,0.0
16,90,544.7449,1.9903,0.0
16,91,537.1536,1.9903,0.0
16,92,520.2752,1.9903,0.0
16,93,530.6421,1.9903,0.0
16,94,514.6914,1.9903,0.0
16,1,30.7747,1.9903,0.0
16,3,95.0531,1.9903,0.9865
16,4,122.1534,1.9903,0.9808
16,5,96.11,1.9903,0.9706
16,6,73.7006,1.9903,0.9868
16,7,52.1753,1.9903,0.9944
16,8,38.5276,1.9903,0.9925
16,9,26.9163,1.9903,0.9982
16,11,138.1166,1.9903,0.9684
16,12,213.1036,1.9903,0.9628
16,13,219.1285,1.9903,0.9648
16,14,180.1622,1.9903,0.9507
16,15,150.0748,1.9903,0.9947
16,16,128.3764,1.9903,0.9948
16,17,106.1606,1.9903,0.9972
16,19,193.3412,1.9903,0.9767
16,20,355.6161,1.9903,0.9831
16,21,196.6601,1.9903,1.8627
16,22,190.029,1.9903,1.8299
16,23,186.1576,1.9903,1.9138
16,24,184.028,1.9903,1.8269
16,25,171.0306,1.9903,1.6406
16,26,158.7933,1.9903,1.6483
16,27,151.4983,1.9903,1.7149
16,28,147.9753,1.9903,1.7937
16,29,145.025,1.9903,0.9576
16,30,138.0396,1.9903,1.9419
16,31,219.2194,1.9903,0.9601
16,32,195.9558,1.9903,0.9434
16,33,177.9088,1.9903,0.9889
16,34,163.9083,1.9903,0.9901
16,35,145.7724,1.9903,0.9974
16,37,231.7265,1.9903,0.9738
16,38,432.2783,1.9903,0.9801
16,39,339.8082,1.9903,1.9153
16,40,259.9991,1.9903,1.9355
16,41,262.4295,1.9903,1.9545
16,42,245.6719,1.9903,1.942
16,43,271.9434,1.9903,1.6682
16,44,216.2066,1.9903,1.8584
16,45,202.4803,1.9903,1.9003
16,46,188.3752,1.9903,1.863
16,47,181.91,1.9903,0.9679
16,48,181.2582,1.9903,1.9539
16,49,278.5087,1.9903,0.9633
16,50,255.6336,1.9903,0.9514
16,51,241.8844,1.9903,0.9749
16,52,230.4702,1.9903,0.9811
16,53,212.2628,1.9903,0.9968
16,55,277.2121,1.9903,0.9909
16,56,557.9918,1.9903,0.9797
16,57,429.3015,1.9903,1.9373
16,59,281.9238,1.9903,2.9425
16,60,276.1263,1.9903,2.9455
16,61,267.5627,1.9903,2.9413
16,62,268.3382,1.9903,2.93
16,63,256.9068,1.9903,1.8286
16,64,269.8237,1.9903,2.8732
16,65,253.8632,1.9903,2.9086
16,66,257.3927,1.9903,2.8965
16,67,241.38,1.9903,2.9242
16,68,234.6551,1.9903,2.9282
16,69,233.0206,1.9903,2.9246
16,70,244.1704,1.9903,2.8482
16,71,225.4533,1.9903,2.9219
16,72,298.4642,1.9903,1.9254
16,73,279.3141,1.9903,1.9459
16,74,257.0235,1.9903,1.9292
16,75,258.1172,1.9903,1.8104
16,76,230.377,1.9903,1.8858
16,77,217.3574,1.9903,1.8648
16,78,207.9536,1.9903,1.9188
16,79,198.7551,1.9903,0.9846
16,80,193.329,1.9903,1.9896
16,81,300.0969,1.9903,0.9267
16,82,277.3019,1.9903,0.9383
16,83,270.9585,1.9903,0.982
16,84,265.0016,1.9903,0.9815
16,85,249.3496,1.9903,0.9954
16,87,312.4727,1.9903,0.9705
16,88,559.9281,1.9903,0.9662
16,89,333.4638,1.9903,2.907
16,90,380.5036,1.9903,2.8844
16,91,341.7951,1.9903,2.8738
16,92,304.6744,1.9903,2.8878
16,93,293.7697,1.9903,2.9095
16,94,344.7117,1.9903,1.9209
16,4,82.1973,1.9903,1.9697
16,5,81.2693,1.9903,1.9441
16,6,60.669,1.9903,1.9985
16,7,49.0629,1.9903,2.0143
16,8,34.1042,1.9903,1.9887
16,12,143.5523,1.9903,1.9496
16,13,173.2779,1.9903,1.9311
16,14,168.1302,1.9903,1.9435
16,15,147.875,1.9903,2.0102
16,16,125.8109,1.9903,1.9903
20,1,30.6783,1.9349,0.9118
20,2,19.7247,1.9349,0.0
20,3,525.3196,1.9349,0.0
20,4,291.7021,1.9349,0.0
20,5,191.4135,1.9349,0.0
20,6,126.6836,1.9349,0.0
20,7,87.1906,1.9349,0.0
20,8,65.2525,1.9349,0.0
20,9,48.9331,1.9349,0.0
20,10,37.3258,1.9349,0.0
20,11,626.5526,1.9349,0.0
20,12,468.1527,1.9349,0.0
20,13,426.0568,1.9349,0.0
20,14,329.8171,1.9349,0.0
20,15,253.1519,1.9349,0.0
20,16,207.8531,1.9349,0.0
20,17,168.0065,1.9349,0.0
20,18,136.1638,1.9349,0.0
20,19,1030.5394,1.9349,0.0
20,20,832.2379,1.9349,0.0
20,21,683.8786,1.9349,0.0
20,22,656.7474,1.9349,0.0
20,23,599.4521,1.9349,0.0
20,24,471.3832,1.9349,0.0
20,25,513.6516,1.9349,0.0
20,26,402.1872,1.9349,0.0
20,27,423.9523,1.9349,0.0
20,28,438.2482,1.9349,0.0
20,29,335.3592,1.9349,0.0
20,30,341.1923,1.9349,0.0
20,31,405.6488,1.9349,0.0
20,32,352.9336,1.9349,0.0
20,33,297.1426,1.9349,0.0
20,34,264.379,1.9349,0.0
20,35,229.3147,1.9349,0.0
20,36,197.7645,1.9349,0.0
20,37,1152.0197,1.9349,0.0
20,38,991.9143,1.9349,0.0
20,39,860.3229,1.9349,0.0
20,40,768.2,1.9349,0.0
20,41,697.3148,1.9349,0.0
20,42,533.7978,1.9349,0.0
20,43,597.4915,1.9349,0.0
20,44,450.9597,1.9349,0.0
20,45,493.3926,1.9349,0.0
20,46,456.2063,1.9349,0.0
20,47,380.4283,1.9349,0.0
20,48,400.4535,1.9349,0.0
20,49,507.2605,1.9349,0.0
20,50,464.1193,1.9349,0.0
20,51,409.0173,1.9349,0.0
20,52,376.8093,1.9349,0.0
20,53,338.0494,1.9349,0.0
20,54,301.6273,1.9349,0.0
20,55,1402.129,1.9349,0.0
20,56,1267.849,1.9349,0.0
20,57,1103.1556,1.9349,0.0
20,58,483.9715,1.9349,2.7991
20,59,1119.4842,1.9349,0.0
20,60,1073.3952,1.9349,0.0
20,61,1046.0388,1.9349,0.0
20,62,1020.9351,1.9349,0.0
20,63,998.6585,1.9349,0.0
20,64,776.0695,1.9349,0.0
20,65,887.0421,1.9349,0.0
20,66,853.8199,1.9349,0.0
20,67,898.6515,1.9349,0.0
20,68,879.3887,1.9349,0.0
20,69,861.8975,1.9349,0.0
20,70,852.2547,1.9349,0.0
20,71,712.2608,1.9349,0.0
20,72,693.4471,1.9349,0.0
20,73,628.5566,1.9349,0.0
20,74,527.4527,1.9349,0.0
20,75,535.3314,1.9349,0.0
20,76,482.2294,1.9349,0.0
20,77,439.4127,1.9349,0.0
20,78,362.7872,1.9349,0.0
20,79,338.1275,1.9349,0.0
20,80,347.21,1.9349,0.0
20,81,518.7107,1.9349,0.0
20,82,503.2187,1.9349,0.0
20,83,457.9078,1.9349,0.0
20,84,434.1487,1.9349,0.0
20,85,397.7546,1.9349,0.0
20,86,362.0675,1.9349,0.0
20,87,1313.9837,1.9349,0.0
20,88,1247.1871,1.9349,0.0
20,89,1092.5678,1.9349,0.0
20,90,970.9362,1.9349,0.0
20,91,968.7708,1.9349,0.0
20,92,937.7422,1.9349,0.0
20,93,972.0352,1.9349,0.0
20,94,940.2033,1.9349,0.0
20,1,50.2368,1.9349,0.0
20,3,168.9009,1.9349,0.9865
20,4,214.3171,1.9349,0.9808
20,5,160.0734,1.9349,0.9706
20,6,118.8255,1.9349,0.9868
20,7,81.2525,1.9349,0.9944
20,8,58.3423,1.9349,0.9925
20,9,39.4048,1.9349,0.9982
20,11,247.8223,1.9349,0.9684
20,12,384.1308,1.9349,0.9628
20,13,384.8555,1.9349,0.9648
20,14,303.9725,1.9349,0.9507
20,15,245.5654,1.9349,0.9947
20,16,205.6006,1.9349,0.9948
20,17,166.2878,1.9349,0.9972
20,19,337.7795,1.9349,0.9767
20,20,664.062,1.9349,0.9831
20,21,333.678,1.9349,1.8627
20,22,321.8441,1.9349,1.8299
20,23,315.4686,1.9349,1.9138
20,24,313.0538,1.9349,1.8269
20,25,285.8068,1.9349,1.6406
20,26,263.793,1.9349,1.6483
20,27,251.5841,1.9349,1.7149
20,28,246.1156,1.9349,1.7937
20,29,244.6716,1.9349,0.9576
20,30,227.0118,1.9349,1.9419
20,31,379.665,1.9349,0.9601
20,32,329.0554,1.9349,0.9434
20,33,291.8601,1.9349,0.9889
20,34,264.5072,1.9349,0.9901
20,35,231.0107,1.9349,0.9974
20,37,401.6572,1.9349,0.9738
20,38,808.6909,1.9349,0.9801
20,39,605.8453,1.9349,1.9153
20,40,441.4951,1.9349,1.9355
20,41,445.9895,1.9349,1.9545
20,42,414.4811,1.9349,1.942
20,43,469.5752,1.9349,1.6682
20,44,358.3732,1.9349,1.8584
20,45,334.8827,1.9349,1.9003
20,46,310.3909,1.9349,1.863
20,47,300.6094,1.9349,0.9679
20,48,295.6941,1.9349,1.9539
20,49,481.6729,1.9349,0.9633
20,50,430.8853,1.9349,0.9514
20,51,400.2337,1.9349,0.9749
20,52,376.3706,1.9349,0.9811
20,53,341.2732,1.9349,0.9968
20,55,471.0509,1.9349,0.9909
20,56,1051.9461,1.9349,0.9797
20,57,767.9412,1.9349,1.9373
20,59,469.0498,1.9349,2.9425
20,60,459.2919,1.9349,2.9455
20,61,444.4629,1.9349,2.9413
20,62,447.3826,1.9349,2.93
20,63,433.5252,1.9349,1.8286
20,64,450.528,1.9349,2.8732
20,65,422.5156,1.9349,2.9086
20,66,431.1749,1.9349,2.8965
20,67,400.4754,1.9349,2.9242
20,68,388.8507,1.9349,2.9282
20,69,386.5382,1.9349,2.9246
20,70,407.3976,1.9349,2.8482
20,71,373.3213,1.9349,2.9219
20,72,515.5477,1.9349,1.9254
20,73,475.2624,1.9349,1.9459
20,74,430.5842,1.9349,1.9292
20,75,438.3207,1.9349,1.8104
20,76,377.537,1.9349,1.8858
20,77,354.2005,1.9349,1.8648
20,78,337.7333,1.9349,1.9188
20,79,322.8524,1.9349,0.9846
20,80,310.209,1.9349,1.9896
20,81,515.644,1.9349,0.9267
20,82,464.8762,1.9349,0.9383
20,83,448.1223,1.9349,0.982
20,84,433.8711,1.9349,0.9815
20,85,402.5559,1.9349,0.9954
20,87,530.1889,1.9349,0.9705
20,88,1039.8007,1.9349,0.9662
20,89,555.2692,1.9349,2.907
20,90,646.8911,1.9349,2.8844
20,91,576.0927,1.9349,2.8738
20,92,505.3448,1.9349,2.8878
20,93,485.4245,1.9349,2.9095
20,94,595.8471,1.9349,1.9209
20,4,136.5998,1.9349,1.9697
20,5,133.5995,1.9349,1.9441
20,6,96.0553,1.9349,1.9985
20,7,76.1365,1.9349,2.0143
20,8,51.2425,1.9349,1.9887
20,12,245.0983,1.9349,1.9496
20,13,296.5572,1.9349,1.9311
20,14,281.9814,1.9349,1.9435
20,15,242.4454,1.9349,2.0102
20,16,201.3895,1.9349,1.9903
20,20,343.3343,1.9349,1.9349
21,1,29.8615,2.8999,0.9118
21,2,19.4304,2.8999,0.0
21,3,481.9586,2.8999,0.0
21,4,275.0061,2.8999,0.0
21,5,183.2413,2.8999,0.0
21,6,122.6115,2.8999,0.0
21,7,85.0464,2.8999,0.0
21,8,63.9839,2.8999,0.0
21,9,48.1892,2.8999,0.0
21,10,36.88,2.8999,0.0
21,11,575.74,2.8999,0.0
21,12,439.203,2.8999,0.0
21,13,402.9357,2.8999,0.0
21,14,315.2655,2.8999,0.0
21,15,244.1234,2.8999,0.0
21,16,201.5466,2.8999,0.0
21,17,163.7482,2.8999,0.0
21,18,133.2865,2.8999,0.0
21,19,943.3962,2.8999,0.0
21,20,774.1368,2.8999,0.0
21,21,638.4869,2.8999,0.0
21,22,615.2494,2.8999,0.0
21,23,562.718,2.8999,0.0
21,24,442.6736,2.8999,0.0
21,25,483.5993,2.8999,0.0
21,26,378.9366,2.8999,0.0
21,27,401.1295,2.8999,0.0
21,28,413.7841,2.8999,0.0
21,29,316.7102,2.8999,0.0
21,30,324.2891,2.8999,0.0
21,31,384.8172,2.8999,0.0
21,32,337.5761,2.8999,0.0
21,33,286.3045,2.8999,0.0
21,34,255.8702,2.8999,0.0
21,35,222.9256,2.8999,0.0
21,36,193.0224,2.8999,0.0
21,37,1056.1444,2.8999,0.0
21,38,922.143,2.8999,0.0
21,39,805.0465,2.8999,0.0
21,40,721.7837,2.8999,0.0
21,41,656.9546,2.8999,0.0
21,42,505.2346,2.8999,0.0
21,43,564.556,2.8999,0.0
21,44,428.2629,2.8999,0.0
21,45,468.5358,2.8999,0.0
21,46,433.9484,2.8999,0.0
21,47,361.5057,2.8999,0.0
21,48,381.7298,2.8999,0.0
21,49,481.0066,2.8999,0.0
21,50,443.0605,2.8999,0.0
21,51,393.0115,2.8999,0.0
21,52,363.4777,2.8999,0.0
21,53,327.434,2.8999,0.0
21,54,293.2741,2.8999,0.0
21,55,1285.9957,2.8999,0.0
21,56,1176.2602,2.8999,0.0
21,57,1030.0975,2.8999,0.0
21,58,464.46,2.8999,2.7991
21,59,1040.8154,2.8999,0.0
21,60,998.9971,2.8999,0.0
21,61,973.8228,2.8999,0.0
21,62,950.6909,2.8999,0.0
21,63,930.175,2.8999,0.0
21,64,728.1122,2.8999,0.0
21,65,823.6822,2.8999,0.0
21,66,793.8541,2.8999,0.0
21,67,838.371,2.8999,0.0
21,68,820.5423,2.8999,0.0
21,69,804.4238,2.8999,0.0
21,70,795.1856,2.8999,0.0
21,71,667.8924,2.8999,0.0
21,72,654.62,2.8999,0.0
21,73,595.77,2.8999,0.0
21,74,501.5307,2.8999,0.0
21,75,509.816,2.8999,0.0
21,76,460.8387,2.8999,0.0
21,77,421.0942,2.8999,0.0
21,78,348.6671,2.8999,0.0
21,79,325.3386,2.8999,0.0
21,80,334.531,2.8999,0.0
21,81,492.6887,2.8999,0.0
21,82,480.4497,2.8999,0.0
21,83,439.7476,2.8999,0.0
21,84,418.3364,2.8999,0.0
21,85,384.7925,2.8999,0.0
21,86,351.5142,2.8999,0.0
21,87,1211.2384,2.8999,0.0
21,88,1160.9837,2.8999,0.0
21,89,1023.1422,2.8999,0.0
21,90,915.5214,2.8999,0.0
21,91,910.3645,2.8999,0.0
21,92,881.3428,2.8999,0.0
21,93,909.6469,2.8999,0.0
21,94,880.5433,2.8999,0.0
21,1,48.4929,2.8999,0.0
21,3,159.5715,2.8999,0.9865
21,4,203.0678,2.8999,0.9808
21,5,153.705,2.8999,0.9706
21,6,114.971,2.8999,0.9868
21,7,79.2586,2.8999,0.9944
21,8,57.2805,2.8999,0.9925
21,9,38.9899,2.8999,0.9982
21,11,233.4674,2.8999,0.9684
21,12,361.4502,2.8999,0.9628
21,13,364.6668,2.8999,0.9648
21,14,291.0037,2.8999,0.9507
21,15,236.874,2.8999,0.9947
21,16,199.3322,2.8999,0.9948
21,17,162.0542,2.8999,0.9972
21,19,320.0043,2.8999,0.9767
21,20,618.1676,2.8999,0.9831
21,21,318.8004,2.8999,1.8627
21,22,307.5913,2.8999,1.8299
21,23,301.442,2.8999,1.9138
21,24,298.819,2.8999,1.8269
21,25,274.1703,2.8999,1.6406
21,26,253.4168,2.8999,1.6483
21,27,241.6833,2.8999,1.7149
21,28,236.3296,2.8999,1.7937
21,29,234.0374,2.8999,0.9576
21,30,218.6603,2.8999,1.9419
21,31,360.9196,2.8999,0.9601
21,32,315.3367,2.8999,0.9434
21,33,281.3331,2.8999,0.9889
21,34,255.9746,2.8999,0.9901
21,35,224.5209,2.8999,0.9974
21,37,381.2151,2.8999,0.9738
21,38,752.1641,2.8999,0.9801
21,39,570.8618,2.8999,1.9153
21,40,421.5388,2.8999,1.9355
21,41,425.7299,2.8999,1.9545
21,42,396.347,2.8999,1.942
21,43,446.1492,2.8999,1.6682
21,44,344.2948,2.8999,1.8584
21,45,321.8583,2.8999,1.9003
21,46,298.5692,2.8999,1.863
21,47,288.9408,2.8999,0.9679
21,48,285.2814,2.8999,1.9539
21,49,457.8184,2.8999,0.9633
21,50,412.3939,2.8999,0.9514
21,51,384.9081,2.8999,0.9749
21,52,363.1446,2.8999,0.9811
21,53,330.5365,2.8999,0.9968
21,55,449.4774,2.8999,0.9909
21,56,975.9665,2.8999,0.9797
21,57,722.8068,2.8999,1.9373
21,59,450.3076,2.8999,2.9425
21,60,440.9674,2.8999,2.9455
21,61,426.8683,2.8999,2.9413
21,62,429.2527,2.8999,2.93
21,63,414.5893,2.8999,1.8286
21,64,432.1441,2.8999,2.8732
21,65,405.604,2.8999,2.9086
21,66,413.1795,2.8999,2.8965
21,67,384.7744,2.8999,2.9242
21,68,373.7251,2.8999,2.9282
21,69,371.41,2.8999,2.9246
21,70,390.9216,2.8999,2.8482
21,71,358.8895,2.8999,2.9219
21,72,489.985,2.8999,1.9254
21,73,453.4554,2.8999,1.9459
21,74,412.4826,2.8999,1.9292
21,75,418.3819,2.8999,1.8104
21,76,363.7522,2.8999,1.8858
21,77,341.7165,2.8999,1.8648
21,78,326.0813,2.8999,1.9188
21,79,311.6484,2.8999,0.9846
21,80,300.4649,2.8999,1.9896
21,81,490.7086,2.8999,0.9267
21,82,445.3967,2.8999,0.9383
21,83,430.9162,2.8999,0.982
21,84,418.2904,2.8999,0.9815
21,85,389.4608,2.8999,0.9954
21,87,506.1252,2.8999,0.9705
21,88,968.7193,2.8999,0.9662
21,89,533.0015,2.8999,2.907
21,90,617.3054,2.8999,2.8844
21,91,550.8253,2.8999,2.8738
21,92,485.4071,2.8999,2.8878
21,93,466.7411,2.8999,2.9095
21,94,565.8794,2.8999,1.9209
21,4,131.298,2.8999,1.9697
21,5,128.6716,2.8999,1.9441
21,6,93.3603,2.8999,1.9985
21,7,74.3297,2.8999,2.0143
21,8,50.392,2.8999,1.9887
21,12,234.0068,2.8999,1.9496
21,13,282.8628,2.8999,1.9311
21,14,270.3548,2.8999,1.9435
21,15,233.7282,2.8999,2.0102
21,16,195.2671,2.8999,1.9903
21,20,327.6458,2.8999,1.9349
21,21,313.9846,2.8999,2.8999
22,1,30.2593,3.8675,0.9118
22,2,19.7205,3.8675,0.0
22,3,486.2098,3.8675,0.0
22,4,277.9371,3.8675,0.0
22,5,185.4074,3.8675,0.0
22,6,124.1849,3.8675,0.0
22,7,86.2109,3.8675,0.0
22,8,64.9037,3.8675,0.0
22,9,48.9131,3.8675,0.0
22,10,37.4554,3.8675,0.0
22,11,580.9067,3.8675,0.0
22,12,443.7557,3.8675,0.0
22,13,407.3331,3.8675,0.0
22,14,318.955,3.8675,0.0
22,15,247.1603,3.8675,0.0
22,16,204.162,3.8675,0.0
22,17,165.9632,3.8675,0.0
22,18,135.1586,3.8675,0.0
22,19,951.6268,3.8675,0.0
22,20,781.7679,3.8675,0.0
22,21,644.9388,3.8675,0.0
22,22,621.6228,3.8675,0.0
22,23,568.6316,3.8675,0.0
22,24,447.3763,3.8675,0.0
22,25,488.7888,3.8675,0.0
22,26,383.0606,3.8675,0.0
22,27,405.5809,3.8675,0.0
22,28,418.3113,3.8675,0.0
22,29,320.2198,3.8675,0.0
22,30,328.0001,3.8675,0.0
22,31,389.1325,3.8675,0.0
22,32,341.5627,3.8675,0.0
22,33,289.856,3.8675,0.0
22,34,259.1489,3.8675,0.0
22,35,225.8818,3.8675,0.0
22,36,195.6666,3.8675,0.0
22,37,1065.4841,3.8675,0.0
22,38,931.2172,3.8675,0.0
22,39,813.3302,3.8675,0.0
22,40,729.4243,3.8675,0.0
22,41,664.0452,3.8675,0.0
22,42,510.8967,3.8675,0.0
22,43,570.7922,3.8675,0.0
22,44,433.1914,3.8675,0.0
22,45,473.8973,3.8675,0.0
22,46,438.9752,3.8675,0.0
22,47,365.7124,3.8675,0.0
22,48,386.2241,3.8675,0.0
22,49,486.4497,3.8675,0.0
22,50,448.277,3.8675,0.0
22,51,397.8333,3.8675,0.0
22,52,368.0557,3.8675,0.0
22,53,331.68,3.8675,0.0
22,54,297.1871,3.8675,0.0
22,55,1297.37,3.8675,0.0
22,56,1187.6789,3.8675,0.0
22,57,1040.557,3.8675,0.0
22,58,470.1341,3.8675,2.7991
22,59,1051.1001,3.8675,0.0
22,60,1008.9483,3.8675,0.0
22,61,983.5427,3.8675,0.0
22,62,960.1954,3.8675,0.0
22,63,939.489,3.8675,0.0
22,64,735.7972,3.8675,0.0
22,65,831.7726,3.8675,0.0
22,66,801.7112,3.8675,0.0
22,67,846.8568,3.8675,0.0
22,68,828.8555,3.8675,0.0
22,69,812.586,3.8675,0.0
22,70,803.2347,3.8675,0.0
22,71,674.889,3.8675,0.0
22,72,661.7665,3.8675,0.0
22,73,602.4592,3.8675,0.0
22,74,507.3155,3.8675,0.0
22,75,515.7464,3.8675,0.0
22,76,466.3311,3.8675,0.0
22,77,426.2144,3.8675,0.0
22,78,353.0208,3.8675,0.0
22,79,329.4445,3.8675,0.0
22,80,338.7741,3.8675,0.0
22,81,498.3709,3.8675,0.0
22,82,486.1511,3.8675,0.0
22,83,445.1537,3.8675,0.0
22,84,423.5901,3.8675,0.0
22,85,389.7559,3.8675,0.0
22,86,356.1653,3.8675,0.0
22,87,1222.4279,3.8675,0.0
22,88,1172.5376,3.8675,0.0
22,89,1033.752,3.8675,0.0
22,90,925.4898,3.8675,0.0
22,91,920.084,3.8675,0.0
22,92,890.7699,3.8675,0.0
22,93,919.1109,3.8675,0.0
22,94,889.7519,3.8675,0.0
22,1,49.0983,3.8675,0.0
22,3,161.3013,3.8675,0.9865
22,4,205.3134,3.8675,0.9808
22,5,155.5661,3.8675,0.9706
22,6,116.4471,3.8675,0.9868
22,7,80.3464,3.8675,0.9944
22,8,58.1127,3.8675,0.9925
22,9,39.6015,3.8675,0.9982
22,11,235.9718,3.8675,0.9684
22,12,365.2736,3.8675,0.9628
22,13,368.7014,3.8675,0.9648
22,14,294.4479,3.8675,0.9507
22,15,239.8294,3.8675,0.9947
22,16,201.9181,3.8675,0.9948
22,17,164.2459,3.8675,0.9972
22,19,323.619,3.8675,0.9767
22,20,624.3036,3.8675,0.9831
22,21,322.5705,3.8675,1.8627
22,22,311.2408,3.8675,1.8299
22,23,305.0201,3.8675,1.9138
22,24,302.3474,3.8675,1.8269
22,25,277.5005,3.8675,1.6406
22,26,256.5291,3.8675,1.6483
22,27,244.6571,3.8675,1.7149
22,28,239.2323,3.8675,1.7937
22,29,236.8532,3.8675,0.9576
22,30,221.3943,3.8675,1.9419
22,31,365.0239,3.8675,0.9601
22,32,319.1099,3.8675,0.9434
22,33,284.8345,3.8675,0.9889
22,34,259.2539,3.8675,0.9901
22,35,227.4937,3.8675,0.9974
22,37,385.583,3.8675,0.9738
22,38,759.5978,3.8675,0.9801
22,39,577.0286,3.8675,1.9153
22,40,426.5157,3.8675,1.9355
22,41,430.7613,3.8675,1.9545
22,42,401.0919,3.8675,1.942
22,43,451.2866,3.8675,1.6682
22,44,348.549,3.8675,1.8584
22,45,325.8582,3.8675,1.9003
22,46,302.3112,3.8675,1.863
22,47,292.5514,3.8675,0.9679
22,48,288.9111,3.8675,1.9539
22,49,463.0777,3.8675,0.9633
22,50,417.3325,3.8675,0.9514
22,51,389.6578,3.8675,0.9749
22,52,367.7252,3.8675,0.9811
22,53,334.8197,3.8675,0.9968
22,55,454.7799,3.8675,0.9909
22,56,985.4293,3.8675,0.9797
22,57,730.5584,3.8675,1.9373
22,59,455.8234,3.8675,2.9425
22,60,446.3717,3.8675,2.9455
22,61,432.112,3.8675,2.9413
22,62,434.4919,3.8675,2.93
22,63,419.5622,3.8675,1.8286
22,64,437.402,3.8675,2.8732
22,65,410.5703,3.8675,2.9086
22,66,418.1829,3.8675,2.8965
22,67,389.5084,3.8675,2.9242
22,68,378.3321,3.8675,2.9282
22,69,375.9796,3.8675,2.9246
22,70,395.6779,3.8675,2.8482
22,71,363.316,3.8675,2.9219
22,72,495.5985,3.8675,1.9254
22,73,458.7957,3.8675,1.9459
22,74,417.4793,3.8675,1.9292
22,75,423.3401,3.8675,1.8104
22,76,368.3317,3.8675,1.8858
22,77,346.0691,3.8675,1.8648
22,78,330.2661,3.8675,1.9188
22,79,315.6575,3.8675,0.9846
22,80,304.4029,3.8675,1.9896
22,81,496.4262,3.8675,0.9267
22,82,450.7995,3.8675,0.9383
22,83,436.2556,3.8675,0.982
22,84,423.5585,3.8675,0.9815
22,85,394.4833,3.8675,0.9954
22,87,512.1076,3.8675,0.9705
22,88,978.4148,3.8675,0.9662
22,89,539.5156,3.8675,2.907
22,90,624.5913,3.8675,2.8844
22,91,557.4227,3.8675,2.8738
22,92,491.4026,3.8675,2.8878
22,93,472.5463,3.8675,2.9095
22,94,572.4017,3.8675,1.9209
22,4,132.8881,3.8675,1.9697
22,5,130.2662,3.8675,1.9441
22,6,94.6013,3.8675,1.9985
22,7,75.3609,3.8675,2.0143
22,8,51.141,3.8675,1.9887
22,12,236.7246,3.8675,1.9496
22,13,286.1317,3.8675,1.9311
22,14,273.5887,3.8675,1.9435
22,15,236.6374,3.8675,2.0102
22,16,197.8037,3.8675,1.9903
22,20,331.4851,3.8675,1.9349
22,21,317.7589,3.8675,2.8999
22,22,321.589,3.8675,3.8675
23,1,27.688,2.911,0.9118
23,2,18.1127,2.911,0.0
23,3,448.2923,2.911,0.0
23,4,254.3767,2.911,0.0
23,5,169.5221,2.911,0.0
23,6,113.6129,2.911,0.0
23,7,78.9761,2.911,0.0
23,8,59.5445,2.911,0.0
23,9,44.9493,2.911,0.0
23,10,34.4789,2.911,0.0
23,11,535.4483,2.911,0.0
23,12,406.5642,2.911,0.0
23,13,372.8019,2.911,0.0
23,14,291.6318,2.911,0.0
23,15,225.9849,2.911,0.0
23,16,186.7665,2.911,0.0
23,17,151.9416,2.911,0.0
23,18,123.8635,2.911,0.0
23,19,879.7445,2.911,0.0
23,20,718.163,2.911,0.0
23,21,591.8695,2.911,0.0
23,22,570.2282,2.911,0.0
23,23,521.4602,2.911,0.0
23,24,410.5661,2.911,0.0
23,25,448.0698,2.911,0.0
23,26,351.3939,2.911,0.0
23,27,371.5149,2.911,0.0
23,28,383.2557,2.911,0.0
23,29,293.6816,2.911,0.0
23,30,300.313,2.911,0.0
23,31,356.2469,2.911,0.0
23,32,312.413,2.911,0.0
23,33,265.0778,2.911,0.0
23,34,237.0577,2.911,0.0
23,35,206.7277,2.911,0.0
23,36,179.1965,2.911,0.0
23,37,984.9504,2.911,0.0
23,38,855.9005,2.911,0.0
23,39,746.4335,2.911,0.0
23,40,668.9667,2.911,0.0
23,41,608.8442,2.911,0.0
23,42,468.4059,2.911,0.0
23,43,523.3223,2.911,0.0
23,44,397.1558,2.911,0.0
23,45,434.2176,2.911,0.0
23,46,402.175,2.911,0.0
23,47,335.4436,2.911,0.0
23,48,353.8227,2.911,0.0
23,49,445.7766,2.911,0.0
23,50,410.3518,2.911,0.0
23,51,364.0189,2.911,0.0
23,52,336.7719,2.911,0.0
23,53,303.5459,2.911,0.0
23,54,272.0795,2.911,0.0
23,55,1199.7581,2.911,0.0
23,56,1092.6689,2.911,0.0
23,57,955.7169,2.911,0.0
23,58,430.3341,2.911,2.7991
23,59,966.6619,2.911,0.0
23,60,927.5254,2.911,0.0
23,61,904.0753,2.911,0.0
23,62,882.5313,2.911,0.0
23,63,863.421,2.911,0.0
23,64,675.515,2.911,0.0
23,65,766.0776,2.911,0.0
23,66,738.2489,2.911,0.0
23,67,777.8991,2.911,0.0
23,68,761.304,2.911,0.0
23,69,746.2943,2.911,0.0
23,70,737.7269,2.911,0.0
23,71,619.4515,2.911,0.0
23,72,606.4479,2.911,0.0
23,73,551.853,2.911,0.0
23,74,464.8433,2.911,0.0
23,75,472.4071,2.911,0.0
23,76,427.0631,2.911,0.0
23,77,390.3055,2.911,0.0
23,78,323.4494,2.911,0.0
23,79,301.9116,2.911,0.0
23,80,310.3353,2.911,0.0
23,81,457.0023,2.911,0.0
23,82,445.2862,2.911,0.0
23,83,407.5036,2.911,0.0
23,84,387.7153,2.911,0.0
23,85,356.7642,2.911,0.0
23,86,326.0951,2.911,0.0
23,87,1128.675,2.911,0.0
23,88,1077.935,2.911,0.0
23,89,948.9231,2.911,0.0
23,90,848.6235,2.911,0.0
23,91,844.4635,2.911,0.0
23,92,817.5462,2.911,0.0
23,93,844.2169,2.911,0.0
23,94,817.0971,2.911,0.0
23,1,44.8842,2.911,0.0
23,3,147.641,2.911,0.9865
23,4,187.9531,2.911,0.9808
23,5,142.2728,2.911,0.9706
23,6,106.5711,2.911,0.9868
23,7,73.6275,2.911,0.9944
23,8,53.34,2.911,0.9925
23,9,36.4513,2.911,0.9982
23,11,216.1867,2.911,0.9684
23,12,334.6783,2.911,0.9628
23,13,337.4128,2.911,0.9648
23,14,269.2413,2.911,0.9507
23,15,219.3033,2.911,0.9947
23,16,184.7241,2.911,0.9948
23,17,150.3757,2.911,0.9972
23,19,296.7431,2.911,0.9767
23,20,574.2351,2.911,0.9831
23,21,295.2374,2.911,1.8627
23,22,284.9497,2.911,1.8299
23,23,279.2755,2.911,1.9138
23,24,276.8819,2.911,1.8269
23,25,253.937,2.911,1.6406
23,26,234.7665,2.911,1.6483
23,27,223.9437,2.911,1.7149
23,28,218.9943,2.911,1.7937
23,29,216.9203,2.911,0.9576
23,30,202.598,2.911,1.9419
23,31,334.1078,2.911,0.9601
23,32,291.8713,2.911,0.9434
23,33,260.497,2.911,0.9889
23,34,237.1592,2.911,0.9901
23,35,208.2022,2.911,0.9974
23,37,353.5929,2.911,0.9738
23,38,699.1302,2.911,0.9801
23,39,529.6824,2.911,1.9153
23,40,390.6056,2.911,1.9355
23,41,394.4854,2.911,1.9545
23,42,367.375,2.911,1.942
23,43,413.823,2.911,1.6682
23,44,319.1584,2.911,1.8584
23,45,298.4577,2.911,1.9003
23,46,276.9472,2.911,1.863
23,47,268.0353,2.911,0.9679
23,48,264.5314,2.911,1.9539
23,49,424.2272,2.911,0.9633
23,50,381.9818,2.911,0.9514
23,51,356.5349,2.911,0.9749
23,52,336.4671,2.911,0.9811
23,53,306.4123,2.911,0.9968
23,55,416.6755,2.911,0.9909
23,56,908.134,2.911,0.9797
23,57,670.9208,2.911,1.9373
23,59,417.2395,2.911,2.9425
23,60,408.588,2.911,2.9455
23,61,395.5412,2.911,2.9413
23,62,397.7647,2.911,2.93
23,63,384.2576,2.911,1.8286
23,64,400.3793,2.911,2.8732
23,65,375.8195,2.911,2.9086
23,66,382.8866,2.911,2.8965
23,67,356.5084,2.911,2.9242
23,68,346.2718,2.911,2.9282
23,69,344.1155,2.911,2.9246
23,70,362.0987,2.911,2.8482
23,71,332.4997,2.911,2.9219
23,72,454.1931,2.911,1.9254
23,73,420.3192,2.911,1.9459
23,74,382.3628,2.911,1.9292
23,75,387.8872,2.911,1.8104
23,76,337.2614,2.911,1.8858
23,77,316.9361,2.911,1.8648
23,78,302.5159,2.911,1.9188
23,79,289.2216,2.911,0.9846
23,80,278.8184,2.911,1.9896
23,81,455.0092,2.911,0.9267
23,82,412.7929,2.911,0.9383
23,83,399.3221,2.911,0.982
23,84,387.667,2.911,0.9815
23,85,361.0762,2.911,0.9954
23,87,469.1513,2.911,0.9705
23,88,900.5592,2.911,0.9662
23,89,493.799,2.911,2.907
23,90,572.3495,2.911,2.8844
23,91,510.9977,2.911,2.8738
23,92,450.0079,2.911,2.8878
23,93,432.7084,2.911,2.9095
23,94,525.1264,2.911,1.9209
23,4,121.4601,2.911,1.9697
23,5,119.1771,2.911,1.9441
23,6,86.606,2.911,1.9985
23,7,69.0809,2.911,2.0143
23,8,46.9875,2.911,1.9887
23,12,216.4395,2.911,1.9496
23,13,261.7283,2.911,1.9311
23,14,250.1591,2.911,1.9435
23,15,216.4101,2.911,2.0102
23,16,180.971,2.911,1.9903
23,20,303.397,2.911,1.9349
23,21,290.7309,2.911,2.8999
23,22,294.2417,2.911,3.8675
23,23,269.3349,2.911,2.911
24,1,21.3134,10.619,0.9118
24,2,14.4051,10.619,0.0
24,3,314.2807,10.619,0.0
24,4,184.9079,10.619,0.0
24,5,126.3736,10.619,0.0
24,6,86.5464,10.619,0.0
24,7,61.2471,10.619,0.0
24,8,46.8138,10.619,0.0
24,9,35.7811,10.619,0.0
24,10,27.7372,10.619,0.0
24,11,376.4906,10.619,0.0
24,12,293.6777,10.619,0.0
24,13,272.5015,10.619,0.0
24,14,216.8001,10.619,0.0
24,15,170.6767,10.619,0.0
24,16,142.6795,10.619,0.0
24,17,117.4258,10.619,0.0
24,18,96.7593,10.619,0.0
24,19,617.0566,10.619,0.0
24,20,513.7768,10.619,0.0
24,21,425.4745,10.619,0.0
24,22,412.1387,10.619,0.0
24,23,378.066,10.619,0.0
24,24,298.4894,10.619,0.0
24,25,326.3558,10.619,0.0
24,26,256.8278,10.619,0.0
24,27,272.6301,10.619,0.0
24,28,280.2977,10.619,0.0
24,29,215.5023,10.619,0.0
24,30,221.9656,10.619,0.0
24,31,262.153,10.619,0.0
24,32,232.7992,10.619,0.0
24,33,200.0486,10.619,0.0
24,34,180.4705,10.619,0.0
24,35,158.8704,10.619,0.0
24,36,138.9788,10.619,0.0
24,37,692.7359,10.619,0.0
24,38,612.3549,10.619,0.0
24,39,538.9029,10.619,0.0
24,40,485.9447,10.619,0.0
24,41,444.2328,10.619,0.0
24,42,344.8105,10.619,0.0
24,43,383.9186,10.619,0.0
24,44,294.2258,10.619,0.0
24,45,321.1384,10.619,0.0
24,46,298.3014,10.619,0.0
24,47,249.1613,10.619,0.0
24,48,263.4511,10.619,0.0
24,49,328.7836,10.619,0.0
24,50,305.5108,10.619,0.0
24,51,273.8552,10.619,0.0
24,52,255.1077,10.619,0.0
24,53,231.7484,10.619,0.0
24,54,209.3622,10.619,0.0
24,55,844.4635,10.619,0.0
24,56,780.0838,10.619,0.0
24,57,688.3433,10.619,0.0
24,58,323.466,10.619,2.7991
24,59,692.4667,10.619,0.0
24,60,665.3571,10.619,0.0
24,61,648.7727,10.619,0.0
24,62,633.5005,10.619,0.0
24,63,619.9599,10.619,0.0
24,64,490.5998,10.619,0.0
24,65,548.8466,10.619,0.0
24,66,529.8069,10.619,0.0
24,67,559.7016,10.619,0.0
24,68,547.8503,10.619,0.0
24,69,537.2011,10.619,0.0
24,70,530.7581,10.619,0.0
24,71,449.0817,10.619,0.0
24,72,443.5762,10.619,0.0
24,73,406.2841,10.619,0.0
24,74,344.5387,10.619,0.0
24,75,350.834,10.619,0.0
24,76,319.0595,10.619,0.0
24,77,293.0705,10.619,0.0
24,78,244.5597,10.619,0.0
24,79,228.9026,10.619,0.0
24,80,235.5559,10.619,0.0
24,81,338.7402,10.619,0.0
24,82,332.2299,10.619,0.0
24,83,306.7492,10.619,0.0
24,84,293.4799,10.619,0.0
24,85,271.9815,10.619,0.0
24,86,250.3325,10.619,0.0
24,87,800.2739,10.619,0.0
24,88,773.3663,10.619,0.0
24,89,686.3579,10.619,0.0
24,90,620.327,10.619,0.0
24,91,614.7556,10.619,0.0
24,92,595.3863,10.619,0.0
24,93,611.0839,10.619,0.0
24,94,592.083,10.619,0.0
24,1,33.9427,10.619,0.0
24,3,107.7527,10.619,0.9865
24,4,137.8919,10.619,0.9808
24,5,106.7244,10.619,0.9706
24,6,81.2335,10.619,0.9868
24,7,57.1766,10.619,0.9944
24,8,42.1046,10.619,0.9925
24,9,29.3923,10.619,0.9982
24,11,157.383,10.619,0.9684
24,12,243.0049,10.619,0.9628
24,13,247.4372,10.619,0.9648
24,14,200.7344,10.619,0.9507
24,15,165.7628,10.619,0.9947
24,16,141.1092,10.619,0.9948
24,17,116.21,10.619,0.9972
24,19,218.9044,10.619,0.9767
24,20,412.061,10.619,0.9831
24,21,220.1013,10.619,1.8627
24,22,212.645,10.619,1.8299
24,23,208.4094,10.619,1.9138
24,24,206.3426,10.619,1.8269
24,25,190.5528,10.619,1.6406
24,26,176.6607,10.619,1.6483
24,27,168.5969,10.619,1.7149
24,28,164.7847,10.619,1.7937
24,29,162.3545,10.619,0.9576
24,30,153.1295,10.619,1.9419
24,31,246.6796,10.619,0.9601
24,32,218.2207,10.619,0.9434
24,33,196.7631,10.619,0.9889
24,34,180.5365,10.619,0.9901
24,35,159.9362,10.619,0.9974
24,37,261.7869,10.619,0.9738
24,38,501.5114,10.619,0.9801
24,39,387.0982,10.619,1.9153
24,40,291.2297,10.619,1.9355
24,41,294.1186,10.619,1.9545
24,42,274.8422,10.619,1.942
24,43,306.7585,10.619,1.6682
24,44,240.6605,10.619,1.8584
24,45,225.3888,10.619,1.9003
24,46,209.5976,10.619,1.863
24,47,202.6684,10.619,0.9679
24,48,200.9381,10.619,1.9539
24,49,314.0026,10.619,0.9633
24,50,285.6107,10.619,0.9514
24,51,268.6291,10.619,0.9749
24,52,254.9795,10.619,0.9811
24,53,233.894,10.619,0.9968
24,55,310.7016,10.619,0.9909
24,56,649.5624,10.619,0.9797
24,57,489.6953,10.619,1.9373
24,59,313.8469,10.619,2.9425
24,60,307.3826,10.619,2.9455
24,61,297.7522,10.619,2.9413
24,62,298.9583,10.619,2.93
24,63,287.5236,10.619,1.8286
24,64,300.6688,10.619,2.8732
24,65,282.6706,10.619,2.9086
24,66,287.2154,10.619,2.8965
24,67,268.4867,10.619,2.9242
24,68,260.9096,10.619,2.9282
24,69,259.1578,10.619,2.9246
24,70,271.9114,10.619,2.8482
24,71,250.573,10.619,2.9219
24,72,336.2445,10.619,1.9254
24,73,313.2187,10.619,1.9459
24,74,286.9156,10.619,1.9292
24,75,289.4662,10.619,1.8104
24,76,255.5753,10.619,1.8858
24,77,240.906,10.619,1.8648
24,78,230.397,10.619,1.9188
24,79,220.4032,10.619,0.9846
24,80,213.522,10.619,1.9896
24,81,338.0513,10.619,0.9267
24,82,309.6941,10.619,0.9383
24,83,301.2053,10.619,0.982
24,84,293.6645,10.619,0.9815
24,85,275.2552,10.619,0.9954
24,87,349.9893,10.619,0.9705
24,88,647.9337,10.619,0.9662
24,89,371.212,10.619,2.907
24,90,426.7284,10.619,2.8844
24,91,382.5478,10.619,2.8738
24,92,339.2395,10.619,2.8878
24,93,326.7638,10.619,2.9095
24,94,389.365,10.619,1.9209
24,4,91.0985,10.619,1.9697
24,5,89.961,10.619,1.9441
24,6,66.6131,10.619,1.9985
24,7,53.7726,10.619,2.0143
24,8,37.3024,10.619,1.9887
24,12,160.5554,10.619,1.9496
24,13,193.9815,10.619,1.9311
24,14,187.0036,10.619,1.9435
24,15,163.4733,10.619,2.0102
24,16,138.2944,10.619,1.9903
24,20,225.6881,10.619,1.9349
24,21,217.6494,10.619,2.8999
24,22,220.417,10.619,3.8675
24,23,201.8641,10.619,2.911
24,24,153.3435,10.619,10.619
25,1,18.4694,9.8849,0.9118
25,2,12.6985,9.8849,0.0
25,3,256.5689,9.8849,0.0
25,4,154.7687,9.8849,0.0
25,5,107.4866,9.8849,0.0
25,6,74.5511,9.8849,0.0
25,7,53.2828,9.8849,0.0
25,8,41.0237,9.8849,0.0
25,9,31.5582,9.8849,0.0
25,10,24.5957,9.8849,0.0
25,11,307.9557,9.8849,0.0
25,12,244.7517,9.8849,0.0
25,13,228.9125,9.8849,0.0
25,14,184.0945,9.8849,0.0
25,15,146.3175,9.8849,0.0
25,16,123.117,9.8849,0.0
25,17,101.9746,9.8849,0.0
25,18,84.5107,9.8849,0.0
25,19,503.8621,9.8849,0.0
25,20,425.2382,9.8849,0.0
25,21,353.3283,9.8849,0.0
25,22,343.4916,9.8849,0.0
25,23,315.7492,9.8849,0.0
25,24,249.6819,9.8849,0.0
25,25,273.3937,9.8849,0.0
25,26,215.5738,9.8849,0.0
25,27,229.5077,9.8849,0.0
25,28,235.4499,9.8849,0.0
25,29,181.3482,9.8849,0.0
25,30,187.7214,9.8849,0.0
25,31,221.1217,9.8849,0.0
25,32,197.9394,9.8849,0.0
25,33,171.4077,9.8849,0.0
25,34,155.4154,9.8849,0.0
25,35,137.5406,9.8849,0.0
25,36,120.9219,9.8849,0.0
25,37,566.7169,9.8849,0.0
25,38,506.8036,9.8849,0.0
25,39,448.7768,9.8849,0.0
25,40,406.3267,9.8849,0.0
25,41,372.5215,9.8849,0.0
25,42,290.7494,9.8849,0.0
25,43,323.0552,9.8849,0.0
25,44,249.0737,9.8849,0.0
25,45,271.6188,9.8849,0.0
25,46,252.7595,9.8849,0.0
25,47,211.239,9.8849,0.0
25,48,223.7644,9.8849,0.0
25,49,277.635,9.8849,0.0
25,50,259.5584,9.8849,0.0
25,51,234.175,9.8849,0.0
25,52,219.0427,9.8849,0.0
25,53,199.8924,9.8849,0.0
25,54,181.3837,9.8849,0.0
25,55,691.3086,9.8849,0.0
25,56,644.66,9.8849,0.0
25,57,572.2667,9.8849,0.0
25,58,276.3955,9.8849,2.7991
25,59,573.5714,9.8849,0.0
25,60,551.613,9.8849,0.0
25,61,537.9977,9.8849,0.0
25,62,525.4406,9.8849,0.0
25,63,514.3112,9.8849,0.0
25,64,410.0863,9.8849,0.0
25,65,454.6351,9.8849,0.0
25,66,439.4052,9.8849,0.0
25,67,464.973,9.8849,0.0
25,68,455.1812,9.8849,0.0
25,69,446.4219,9.8849,0.0
25,70,440.9182,9.8849,0.0
25,71,374.9975,9.8849,0.0
25,72,372.5965,9.8849,0.0
25,73,342.6995,9.8849,0.0
25,74,291.8077,9.8849,0.0
25,75,297.5289,9.8849,0.0
25,76,271.5797,9.8849,0.0
25,77,250.2211,9.8849,0.0
25,78,209.633,9.8849,0.0
25,79,196.5204,9.8849,0.0
25,80,202.402,9.8849,0.0
25,81,286.867,9.8849,0.0
25,82,282.5665,9.8849,0.0
25,83,262.3487,9.8849,0.0
25,84,251.8481,9.8849,0.0
25,85,234.381,9.8849,0.0
25,86,216.5823,9.8849,0.0
25,87,658.3545,9.8849,0.0
25,88,641.2312,9.8849,0.0
25,89,572.2457,9.8849,0.0
25,90,520.794,9.8849,0.0
25,91,514.6731,9.8849,0.0
25,92,498.5663,9.8849,0.0
25,93,509.6277,9.8849,0.0
25,94,494.1358,9.8849,0.0
25,1,29.1208,9.8849,0.0
25,3,90.4231,9.8849,0.9865
25,4,116.1032,9.8849,0.9808
25,5,91.1091,9.8849,0.9706
25,6,69.9883,9.8849,0.9868
25,7,49.7698,9.8849,0.9944
25,8,36.9692,9.8849,0.9925
25,9,26.0926,9.8849,0.9982
25,11,131.8257,9.8849,0.9684
25,12,203.2173,9.8849,0.9628
25,13,208.2902,9.8849,0.9648
25,14,170.7515,9.8849,0.9507
25,15,142.1674,9.8849,0.9947
25,16,121.7541,9.8849,0.9948
25,17,100.9143,9.8849,0.9972
25,19,184.817,9.8849,0.9767
25,20,341.7674,9.8849,0.9831
25,21,187.1364,9.8849,1.8627
25,22,180.9105,9.8849,1.8299
25,23,177.2993,9.8849,1.9138
25,24,175.3867,9.8849,1.8269
25,25,162.6844,9.8849,1.6406
25,26,151.0768,9.8849,1.6483
25,27,144.2159,9.8849,1.7149
25,28,140.908,9.8849,1.7937
25,29,138.3572,9.8849,0.9576
25,30,131.31,9.8849,1.9419
25,31,208.511,9.8849,0.9601
25,32,185.9246,9.8849,0.9434
25,33,168.678,9.8849,0.9889
25,34,155.4652,9.8849,0.9901
25,35,138.4296,9.8849,0.9974
25,37,221.5102,9.8849,0.9738
25,38,415.834,9.8849,0.9801
25,39,324.9751,9.8849,1.9153
25,40,247.5981,9.8849,1.9355
25,41,250.0266,9.8849,1.9545
25,42,234.1315,9.8849,1.942
25,43,259.8051,9.8849,1.6682
25,44,206.002,9.8849,1.8584
25,45,193.0894,9.8849,1.9003
25,46,179.7824,9.8849,1.863
25,47,173.7381,9.8849,0.9679
25,48,172.7698,9.8849,1.9539
25,49,265.7575,9.8849,0.9633
25,50,243.2984,9.8849,0.9514
25,51,229.9158,9.8849,0.9749
25,52,218.9858,9.8849,0.9811
25,53,201.7229,9.8849,0.9968
25,55,264.118,9.8849,0.9909
25,56,537.5804,9.8849,0.9797
25,57,410.762,9.8849,1.9373
25,59,268.2902,9.8849,2.9425
25,60,262.7854,9.8849,2.9455
25,61,254.6469,9.8849,2.9413
25,62,255.437,9.8849,2.93
25,63,244.9612,9.8849,1.8286
25,64,256.7746,9.8849,2.8732
25,65,241.6291,9.8849,2.9086
25,66,245.1092,9.8849,2.8965
25,67,229.6866,9.8849,2.9242
25,68,223.2746,9.8849,2.9282
25,69,221.7117,9.8849,2.9246
25,70,232.231,9.8849,2.8482
25,71,214.457,9.8849,2.9219
25,72,284.6108,9.8849,1.9254
25,73,266.195,9.8849,1.9459
25,74,244.8688,9.8849,1.9292
25,75,246.2016,9.8849,1.8104
25,76,219.4218,9.8849,1.8858
25,77,207.1846,9.8849,1.8648
25,78,198.3651,9.8849,1.9188
25,79,189.8099,9.8849,0.9846
25,80,184.4413,9.8849,1.9896
25,81,286.7259,9.8849,0.9267
25,82,264.3099,9.8849,0.9383
25,83,257.9329,9.8849,0.982
25,84,252.1251,9.8849,0.9815
25,85,237.1991,9.8849,0.9954
25,87,297.6087,9.8849,0.9705
25,88,538.307,9.8849,0.9662
25,89,317.2251,9.8849,2.907
25,90,362.8017,9.8849,2.8844
25,91,326.0607,9.8849,2.8738
25,92,290.3501,9.8849,2.8878
25,93,279.962,9.8849,2.9095
25,94,329.8132,9.8849,1.9209
25,4,77.7823,9.8849,1.9697
25,5,77.0812,9.8849,1.9441
25,6,57.6893,9.8849,1.9985
25,7,46.8681,9.8849,2.0143
25,8,32.8495,9.8849,1.9887
25,12,136.1619,9.8849,1.9496
25,13,164.4045,9.8849,1.9311
25,14,159.3286,9.8849,1.9435
25,15,140.1443,9.8849,2.0102
25,16,119.3486,9.8849,1.9903
25,20,191.6322,9.8849,1.9349
25,21,185.5544,9.8849,2.8999
25,22,187.9838,9.8849,3.8675
25,23,172.198,9.8849,2.911
25,24,131.8288,9.8849,10.619
25,25,113.8463,9.8849,9.8849
26,1,18.0977,9.1376,0.9118
26,2,12.4277,9.1376,0.0
26,3,253.2432,9.1376,0.0
26,4,152.2986,9.1376,0.0
26,5,105.5581,9.1376,0.0
26,6,73.1079,9.1376,0.0
26,7,52.2028,9.1376,0.0
26,8,40.1709,9.1376,0.0
26,9,30.8925,9.1376,0.0
26,10,24.0741,9.1376,0.0
26,11,303.9124,9.1376,0.0
26,12,240.9962,9.1376,0.0
26,13,225.1663,9.1376,0.0
26,14,180.8346,9.1376,0.0
26,15,143.5585,9.1376,0.0
26,16,120.706,9.1376,0.0
26,17,99.9119,9.1376,0.0
26,18,82.7591,9.1376,0.0
26,19,497.3105,9.1376,0.0
26,20,419.0635,9.1376,0.0
26,21,348.0642,9.1376,0.0
26,22,338.2283,9.1376,0.0
26,23,310.8375,9.1376,0.0
26,24,245.7629,9.1376,0.0
26,25,269.0494,9.1376,0.0
26,26,212.1109,9.1376,0.0
26,27,225.7346,9.1376,0.0
26,28,231.6422,9.1376,0.0
26,29,178.3924,9.1376,0.0
26,30,184.5403,9.1376,0.0
26,31,217.404,9.1376,0.0
26,32,194.4157,9.1376,0.0
26,33,168.1967,9.1376,0.0
26,34,152.4128,9.1376,0.0
26,35,134.8051,9.1376,0.0
26,36,118.4578,9.1376,0.0
26,37,559.2177,9.1376,0.0
26,38,499.4375,9.1376,0.0
26,39,441.9258,9.1376,0.0
26,40,399.9295,9.1376,0.0
26,41,366.5329,9.1376,0.0
26,42,285.8977,9.1376,0.0
26,43,317.7432,9.1376,0.0
26,44,244.8184,9.1376,0.0
26,45,267.0048,9.1376,0.0
26,46,248.4203,9.1376,0.0
26,47,207.6181,9.1376,0.0
26,48,219.875,9.1376,0.0
26,49,272.9769,9.1376,0.0
26,50,255.01,9.1376,0.0
26,51,229.8877,9.1376,0.0
26,52,214.9236,9.1376,0.0
26,53,196.0288,9.1376,0.0
26,54,177.7905,9.1376,0.0
26,55,682.0579,9.1376,0.0
26,56,635.3811,9.1376,0.0
26,57,563.6245,9.1376,0.0
26,58,271.3545,9.1376,2.7991
26,59,565.2043,9.1376,0.0
26,60,543.5117,9.1376,0.0
26,61,530.0826,9.1376,0.0
26,62,517.6989,9.1376,0.0
26,63,506.7226,9.1376,0.0
26,64,403.6739,9.1376,0.0
26,65,447.997,9.1376,0.0
26,66,432.9245,9.1376,0.0
26,67,458.0409,9.1376,0.0
26,68,448.3896,9.1376,0.0
26,69,439.7506,9.1376,0.0
26,70,434.3472,9.1376,0.0
26,71,369.184,9.1376,0.0
26,72,366.5303,9.1376,0.0
26,73,336.9544,9.1376,0.0
26,74,286.7836,9.1376,0.0
26,75,292.3635,9.1376,0.0
26,76,266.7559,9.1376,0.0
26,77,245.6967,9.1376,0.0
26,78,205.7658,9.1376,0.0
26,79,192.8714,9.1376,0.0
26,80,198.6237,9.1376,0.0
26,81,281.969,9.1376,0.0
26,82,277.5965,9.1376,0.0
26,83,257.5598,9.1376,0.0
26,84,247.1479,9.1376,0.0
26,85,229.8923,9.1376,0.0
26,86,212.3388,9.1376,0.0
26,87,649.1664,9.1376,0.0
26,88,631.7438,9.1376,0.0
26,89,563.44,9.1376,0.0
26,90,512.375,9.1376,0.0
26,91,506.5349,9.1376,0.0
26,92,490.6758,9.1376,0.0
26,93,501.8262,9.1376,0.0
26,94,486.5324,9.1376,0.0
26,1,28.5665,9.1376,0.0
26,3,88.9538,9.1376,0.9865
26,4,114.1613,9.1376,0.9808
26,5,89.4354,9.1376,0.9706
26,6,68.6293,9.1376,0.9868
26,7,48.7558,9.1376,0.9944
26,8,36.1919,9.1376,0.9925
26,9,25.5314,9.1376,0.9982
26,11,129.7332,9.1376,0.9684
26,12,200.0041,9.1376,0.9628
26,13,204.8282,9.1376,0.9648
26,14,167.6917,9.1376,0.9507
26,15,139.4802,9.1376,0.9947
26,16,119.3719,9.1376,0.9948
26,17,98.8747,9.1376,0.9972
26,19,181.704,9.1376,0.9767
26,20,336.7038,9.1376,0.9831
26,21,183.8257,9.1376,1.8627
26,22,177.7007,9.1376,1.8299
26,23,174.1594,9.1376,1.9138
26,24,172.3036,9.1376,1.8269
26,25,159.7402,9.1376,1.6406
26,26,148.3171,9.1376,1.6483
26,27,141.5815,9.1376,1.7149
26,28,138.3424,9.1376,1.7937
26,29,135.9019,9.1376,0.9576
26,30,128.876,9.1376,1.9419
26,31,204.9523,9.1376,0.9601
26,32,182.5691,9.1376,0.9434
26,33,165.5084,9.1376,0.9889
26,34,152.4629,9.1376,0.9901
26,35,135.6806,9.1376,0.9974
26,37,217.7195,9.1376,0.9738
26,38,409.6773,9.1376,0.9801
26,39,319.686,9.1376,1.9153
26,40,243.2086,9.1376,1.9355
26,41,245.6037,9.1376,1.9545
26,42,229.9399,9.1376,1.942
26,43,255.333,9.1376,1.6682
26,44,202.213,9.1376,1.8584
26,45,189.5285,9.1376,1.9003
26,46,176.4513,9.1376,1.863
26,47,170.5403,9.1376,0.9679
26,48,169.5246,9.1376,1.9539
26,49,261.2268,9.1376,0.9633
26,50,238.9587,9.1376,0.9514
26,51,225.6812,9.1376,0.9749
26,52,214.8607,9.1376,0.9811
26,53,197.8251,9.1376,0.9968
26,55,259.4193,9.1376,0.9909
26,56,529.7155,9.1376,0.9797
26,57,404.1026,9.1376,1.9373
26,59,263.3851,9.1376,2.9425
26,60,257.9795,9.1376,2.9455
26,61,249.9799,9.1376,2.9413
26,62,250.783,9.1376,2.93
26,63,240.5922,9.1376,1.8286
26,64,252.1075,9.1376,2.8732
26,65,237.2164,9.1376,2.9086
26,66,240.6788,9.1376,2.8965
26,67,225.4697,9.1376,2.9242
26,68,219.1675,9.1376,2.9282
26,69,217.6401,9.1376,2.9246
26,70,228.0072,9.1376,2.8482
26,71,210.5065,9.1376,2.9219
26,72,279.7124,9.1376,1.9254
26,73,261.4925,9.1376,1.9459
26,74,240.4309,9.1376,1.9292
26,75,241.8439,9.1376,1.8104
26,76,215.3079,9.1376,1.8858
26,77,203.2695,9.1376,1.8648
26,78,194.6013,9.1376,1.9188
26,79,186.2152,9.1376,0.9846
26,80,180.884,9.1376,1.9896
26,81,281.7756,9.1376,0.9267
26,82,259.5542,9.1376,0.9383
26,83,253.1848,9.1376,0.982
26,84,247.4035,9.1376,0.9815
26,85,232.6541,9.1376,0.9954
26,87,292.3001,9.1376,0.9705
26,88,530.1871,9.1376,0.9662
26,89,311.4314,9.1376,2.907
26,90,356.397,9.1376,2.8844
26,91,320.2177,9.1376,2.8738
26,92,285.023,9.1376,2.8878
26,93,274.7973,9.1376,2.9095
26,94,324.1654,9.1376,1.9209
26,4,76.3494,9.1376,1.9697
26,5,75.6327,9.1376,1.9441
26,6,56.5429,9.1376,1.9985
26,7,45.914,9.1376,2.0143
26,8,32.1584,9.1376,1.9887
26,12,133.7853,9.1376,1.9496
26,13,161.5357,9.1376,1.9311
26,14,156.4437,9.1376,1.9435
26,15,137.5043,9.1376,2.0102
26,16,117.0121,9.1376,1.9903
26,20,188.2696,9.1376,1.9349
26,21,182.2062,9.1376,2.8999
26,22,184.5856,9.1376,3.8675
26,23,169.09,9.1376,2.911
26,24,129.3444,9.1376,10.619
26,25,111.6491,9.1376,9.8849
26,26,109.5041,9.1376,9.1376
27,1,20.7741,2.9263,0.9118
27,2,13.8804,2.9263,0.0
27,3,319.8448,2.9263,0.0
27,4,184.8938,2.9263,0.0
27,5,124.9087,2.9263,0.0
27,6,84.7552,2.9263,0.0
27,7,59.5628,2.9263,0.0
27,8,45.3066,2.9263,0.0
27,9,34.4935,2.9263,0.0
27,10,26.6627,2.9263,0.0
27,11,382.6821,2.9263,0.0
27,12,294.6091,2.9263,0.0
27,13,271.8226,2.9263,0.0
27,14,214.5726,2.9263,0.0
27,15,167.7356,2.9263,0.0
27,16,139.543,2.9263,0.0
27,17,114.3091,2.9263,0.0
27,18,93.8084,2.9263,0.0
27,19,628.1238,2.9263,0.0
27,20,517.8769,2.9263,0.0
27,21,427.8866,2.9263,0.0
27,22,413.4479,2.9263,0.0
27,23,378.7327,2.9263,0.0
27,24,298.7169,2.9263,0.0
27,25,326.2603,2.9263,0.0
27,26,256.4238,2.9263,0.0
27,27,271.6288,2.9263,0.0
27,28,279.7052,2.9263,0.0
27,29,214.8093,2.9263,0.0
27,30,220.4525,2.9263,0.0
27,31,260.7548,2.9263,0.0
27,32,230.2133,2.9263,0.0
27,33,196.7046,2.9263,0.0
27,34,176.7844,2.9263,0.0
27,35,155.0169,2.9263,0.0
27,36,135.1147,2.9263,0.0
27,37,704.273,2.9263,0.0
27,38,617.2493,2.9263,0.0
27,39,540.8706,2.9263,0.0
27,40,486.3325,2.9263,0.0
27,41,443.7007,2.9263,0.0
27,42,343.071,2.9263,0.0
27,43,382.5646,2.9263,0.0
27,44,291.9635,2.9263,0.0
27,45,318.8732,2.9263,0.0
27,46,295.8366,2.9263,0.0
27,47,247.0487,2.9263,0.0
27,48,260.8701,2.9263,0.0
27,49,326.8852,2.9263,0.0
27,50,302.4131,2.9263,0.0
27,51,269.801,2.9263,0.0
27,52,250.5626,2.9263,0.0
27,53,226.851,2.9263,0.0
27,54,204.2663,2.9263,0.0
27,55,858.1614,2.9263,0.0
27,56,787.1393,2.9263,0.0
27,57,691.6368,2.9263,0.0
27,58,318.8026,2.9263,2.7991
27,59,697.7563,2.9263,0.0
27,60,669.9835,2.9263,0.0
27,61,653.1705,2.9263,0.0
27,62,637.7039,2.9263,0.0
27,63,623.9865,2.9263,0.0
27,64,491.2047,2.9263,0.0
27,65,553.1437,2.9263,0.0
27,66,533.5343,2.9263,0.0
27,67,562.7864,2.9263,0.0
27,68,550.8249,2.9263,0.0
27,69,540.0415,2.9263,0.0
27,70,533.6923,2.9263,0.0
27,71,449.9922,2.9263,0.0
27,72,442.5145,2.9263,0.0
27,73,404.1174,2.9263,0.0
27,74,341.7207,2.9263,0.0
27,75,347.6512,2.9263,0.0
27,76,315.3464,2.9263,0.0
27,77,289.0431,2.9263,0.0
27,78,240.5449,2.9263,0.0
27,79,224.9175,2.9263,0.0
27,80,231.325,2.9263,0.0
27,81,336.116,2.9263,0.0
27,82,328.6327,2.9263,0.0
27,83,302.208,2.9263,0.0
27,84,288.415,2.9263,0.0
27,85,266.4595,2.9263,0.0
27,86,244.5308,2.9263,0.0
27,87,810.3485,2.9263,0.0
27,88,778.5193,2.9263,0.0
27,89,688.3516,2.9263,0.0
27,90,619.1558,2.9263,0.0
27,91,614.849,2.9263,0.0
27,92,595.3907,2.9263,0.0
27,93,612.8794,2.9263,0.0
27,94,593.5301,2.9263,0.0
27,1,33.3307,2.9263,0.0
27,3,107.5582,2.9263,0.9865
27,4,137.2998,2.9263,0.9808
27,5,105.2019,2.9263,0.9706
27,6,79.5273,2.9263,0.9868
27,7,55.5685,2.9263,0.9944
27,8,40.6799,2.9263,0.9925
27,9,28.2122,2.9263,0.9982
27,11,157.3578,2.9263,0.9684
27,12,243.1809,2.9263,0.9628
27,13,246.4539,2.9263,0.9648
27,14,198.4174,2.9263,0.9507
27,15,162.8541,2.9263,0.9947
27,16,138.0159,2.9263,0.9948
27,17,113.1318,2.9263,0.9972
27,19,217.5967,2.9263,0.9767
27,20,414.8338,2.9263,0.9831
27,21,217.6909,2.9263,1.8627
27,22,210.2464,2.9263,1.8299
27,23,206.0757,2.9263,1.9138
27,24,204.175,2.9263,1.8269
27,25,187.9564,2.9263,1.6406
27,26,174.0536,2.9263,1.6483
27,27,166.0911,2.9263,1.7149
27,28,162.3831,2.9263,1.7937
27,29,160.4015,2.9263,0.9576
27,30,150.5946,2.9263,1.9419
27,31,244.9914,2.9263,0.9601
27,32,215.4752,2.9263,0.9434
27,33,193.4021,2.9263,0.9889
27,34,176.8558,2.9263,0.9901
27,35,156.0859,2.9263,0.9974
27,37,259.8039,2.9263,0.9738
27,38,504.9905,2.9263,0.9801
27,39,386.3776,2.9263,1.9153
27,40,288.0243,2.9263,1.9355
27,41,290.8988,2.9263,1.9545
27,42,271.4559,2.9263,1.942
27,43,304.2749,2.9263,1.6682
27,44,236.9046,2.9263,1.8584
27,45,221.7615,2.9263,1.9003
27,46,206.0649,2.9263,1.863
27,47,199.3629,2.9263,0.9679
27,48,197.2313,2.9263,1.9539
27,49,311.6813,2.9263,0.9633
27,50,282.175,2.9263,0.9514
27,51,264.4748,2.9263,0.9749
27,52,250.3896,2.9263,0.9811
27,53,228.9654,2.9263,0.9968
27,55,307.2297,2.9263,0.9909
27,56,654.9942,2.9263,0.9797
27,57,489.058,2.9263,1.9373
27,59,309.2299,2.9263,2.9425
27,60,302.8447,2.9263,2.9455
27,61,293.2805,2.9263,2.9413
27,62,294.6745,2.9263,2.93
27,63,284.0111,2.9263,1.8286
27,64,296.4553,2.9263,2.8732
27,65,278.5319,2.9263,2.9086
27,66,283.352,2.9263,2.8965
27,67,264.4013,2.9263,2.9242
27,68,256.8824,2.9263,2.9282
27,69,255.21,2.9263,2.9246
27,70,268.0922,2.9263,2.8482
27,71,246.6776,2.9263,2.9219
27,72,333.6302,2.9263,1.9254
27,73,309.8782,2.9263,1.9459
27,74,283.0005,2.9263,1.9292
27,75,286.2438,2.9263,1.8104
27,76,251.0341,2.9263,1.8858
27,77,236.3485,2.9263,1.8648
27,78,225.8799,2.9263,1.9188
27,79,216.072,2.9263,0.9846
27,80,208.8699,2.9263,1.9896
27,81,335.0533,2.9263,0.9267
27,82,305.5829,2.9263,0.9383
27,83,296.471,2.9263,0.982
27,84,288.4923,2.9263,0.9815
27,85,269.663,2.9263,0.9954
27,87,345.9951,2.9263,0.9705
27,88,651.4943,2.9263,0.9662
27,89,365.8247,2.9263,2.907
27,90,422.1621,2.9263,2.8844
27,91,377.8279,2.9263,2.8738
27,92,334.0164,2.9263,2.8878
27,93,321.5004,2.9263,2.9095
27,94,386.3011,2.9263,1.9209
27,4,89.7891,2.9263,1.9697
27,5,88.4405,2.9263,1.9441
27,6,64.9856,2.9263,1.9985
27,7,52.2322,2.9263,2.0143
27,8,35.9892,2.9263,1.9887
27,12,159.098,2.9263,1.9496
27,13,192.2755,2.9263,1.9311
27,14,184.6285,2.9263,1.9435
27,15,160.6578,2.9263,2.0102
27,16,135.2456,2.9263,1.9903
27,20,223.4273,2.9263,1.9349
27,21,214.8399,2.9263,2.8999
27,22,217.5178,2.9263,3.8675
27,23,199.2038,2.9263,2.911
27,24,150.4863,2.9263,10.619
27,25,128.9628,2.9263,9.8849
27,26,126.5885,2.9263,9.1376
27,27,148.0657,2.9263,2.9263
28,1,19.4648,6.5458,0.9118
28,2,13.0979,6.5458,0.0
28,3,291.0488,6.5458,0.0
28,4,170.5936,6.5458,0.0
28,5,116.0923,6.5458,0.0
28,6,79.2056,6.5458,0.0
28,7,55.8954,6.5458,0.0
28,8,42.6462,6.5458,0.0
28,9,32.5553,6.5458,0.0
28,10,25.221,6.5458,0.0
28,11,348.5798,6.5458,0.0
28,12,271.2223,6.5458,0.0
28,13,251.1877,6.5458,0.0
28,14,199.2855,6.5458,0.0
28,15,156.4432,6.5458,0.0
28,16,130.5102,6.5458,0.0
28,17,107.1976,6.5458,0.0
28,18,88.1829,6.5458,0.0
28,19,570.8659,6.5458,0.0
28,20,474.8225,6.5458,0.0
28,21,393.0487,6.5458,0.0
28,22,380.4377,6.5458,0.0
28,23,348.851,6.5458,0.0
28,24,275.2551,6.5458,0.0
28,25,300.964,6.5458,0.0
28,26,236.6842,6.5458,0.0
28,27,251.1837,6.5458,0.0
28,28,258.3888,6.5458,0.0
28,29,198.5202,6.5458,0.0
28,30,204.3119,6.5458,0.0
28,31,241.3636,6.5458,0.0
28,32,213.9134,6.5458,0.0
28,33,183.411,6.5458,0.0
28,34,165.1961,6.5458,0.0
28,35,145.1828,6.5458,0.0
28,36,126.8094,6.5458,0.0
28,37,640.5782,6.5458,0.0
28,38,565.779,6.5458,0.0
28,39,497.3996,6.5458,0.0
28,40,448.16,6.5458,0.0
28,41,409.4287,6.5458,0.0
28,42,317.3472,6.5458,0.0
28,43,353.5546,6.5458,0.0
28,44,270.5502,6.5458,0.0
28,45,295.4451,6.5458,0.0
28,46,274.3366,6.5458,0.0
28,47,229.0537,6.5458,0.0
28,48,242.1824,6.5458,0.0
28,49,302.6341,6.5458,0.0
28,50,280.8455,6.5458,0.0
28,51,251.3164,6.5458,0.0
28,52,233.8236,6.5458,0.0
28,53,212.1168,6.5458,0.0
28,54,191.3621,6.5458,0.0
28,55,780.552,6.5458,0.0
28,56,720.7044,6.5458,0.0
28,57,635.3561,6.5458,0.0
28,58,296.8236,6.5458,2.7991
28,59,639.6214,6.5458,0.0
28,60,614.5241,6.5458,0.0
28,61,599.1969,6.5458,0.0
28,62,585.0856,6.5458,0.0
28,63,572.5728,6.5458,0.0
28,64,452.3968,6.5458,0.0
28,65,506.6985,6.5458,0.0
28,66,489.0187,6.5458,0.0
28,67,516.8454,6.5458,0.0
28,68,505.9042,6.5458,0.0
28,69,496.0618,6.5458,0.0
28,70,490.153,6.5458,0.0
28,71,414.2968,6.5458,0.0
28,72,408.7169,6.5458,0.0
28,73,374.002,6.5458,0.0
28,74,316.7847,6.5458,0.0
28,75,322.5147,6.5458,0.0
28,76,293.0506,6.5458,0.0
28,77,268.9834,6.5458,0.0
28,78,224.216,6.5458,0.0
28,79,209.7881,6.5458,0.0
28,80,215.8792,6.5458,0.0
28,81,311.4949,6.5458,0.0
28,82,305.2826,6.5458,0.0
28,83,281.489,6.5458,0.0
28,84,269.0574,6.5458,0.0
28,85,249.0414,6.5458,0.0
28,86,228.941,6.5458,0.0
28,87,739.1647,6.5458,0.0
28,88,714.053,6.5458,0.0
28,89,633.2886,6.5458,0.0
28,90,571.6159,6.5458,0.0
28,91,566.7294,6.5458,0.0
28,92,548.8568,6.5458,0.0
28,93,563.817,6.5458,0.0
28,94,546.2316,6.5458,0.0
28,1,31.0981,6.5458,0.0
28,3,99.3454,6.5458,0.9865
28,4,126.9812,6.5458,0.9808
28,5,97.9268,6.5458,0.9706
28,6,74.3149,6.5458,0.9868
28,7,52.1532,6.5458,0.9944
28,8,38.3194,6.5458,0.9925
28,9,26.7,6.5458,0.9982
28,11,145.1854,6.5458,0.9684
28,12,224.1812,6.5458,0.9628
28,13,227.9565,6.5458,0.9648
28,14,184.4175,6.5458,0.9507
28,15,151.9152,6.5458,0.9947
28,16,129.0763,6.5458,0.9948
28,17,106.0905,6.5458,0.9972
28,19,201.3799,6.5458,0.9767
28,20,380.4201,6.5458,0.9831
28,21,202.2392,6.5458,1.8627
28,22,195.3516,6.5458,1.8299
28,23,191.4715,6.5458,1.9138
28,24,189.6203,6.5458,1.8269
28,25,174.9529,6.5458,1.6406
28,26,162.1293,6.5458,1.6483
28,27,154.7198,6.5458,1.7149
28,28,151.2409,6.5458,1.7937
28,29,149.1479,6.5458,0.9576
28,30,140.4552,6.5458,1.9419
28,31,227.0001,6.5458,0.9601
28,32,200.4003,6.5458,0.9434
28,33,180.3695,6.5458,0.9889
28,34,165.2584,6.5458,0.9901
28,35,146.1681,6.5458,0.9974
28,37,240.6629,6.5458,0.9738
28,38,462.8902,6.5458,0.9801
28,39,356.4737,6.5458,1.9153
28,40,267.4973,6.5458,1.9355
28,41,270.1688,6.5458,1.9545
28,42,252.3281,6.5458,1.942
28,43,281.9707,6.5458,1.6682
28,44,220.7203,6.5458,1.8584
28,45,206.6729,6.5458,1.9003
28,46,192.1416,6.5458,1.863
28,47,185.843,6.5458,0.9679
28,48,184.1433,6.5458,1.9539
28,49,288.8824,6.5458,0.9633
28,50,262.3696,6.5458,0.9514
28,51,246.4555,6.5458,0.9749
28,52,233.6876,6.5458,0.9811
28,53,214.0853,6.5458,0.9968
28,55,285.2553,6.5458,0.9909
28,56,599.5116,6.5458,0.9797
28,57,450.9348,6.5458,1.9373
28,59,287.9649,6.5458,2.9425
28,60,282.0297,6.5458,2.9455
28,61,273.167,6.5458,2.9413
28,62,274.3346,6.5458,2.93
28,63,264.0373,6.5458,1.8286
28,64,275.9455,6.5458,2.8732
28,65,259.3743,6.5458,2.9086
28,66,263.6377,6.5458,2.8965
28,67,246.3103,6.5458,2.9242
28,68,239.3413,6.5458,2.9282
28,69,237.7527,6.5458,2.9246
28,70,249.5747,6.5458,2.8482
28,71,229.8523,6.5458,2.9219
28,72,309.151,6.5458,1.9254
28,73,287.7037,6.5458,1.9459
28,74,263.2796,6.5458,1.9292
28,75,265.8522,6.5458,1.8104
28,76,234.1981,6.5458,1.8858
28,77,220.6612,6.5458,1.8648
28,78,210.9851,6.5458,1.9188
28,79,201.8322,6.5458,0.9846
28,80,195.3965,6.5458,1.9896
28,81,310.7796,6.5458,0.9267
28,82,284.3351,6.5458,0.9383
28,83,276.3091,6.5458,0.982
28,84,269.1896,6.5458,0.9815
28,85,252.0363,6.5458,0.9954
28,87,321.3035,6.5458,0.9705
28,88,597.6475,6.5458,0.9662
28,89,340.6271,6.5458,2.907
28,90,391.9818,6.5458,2.8844
28,91,351.1435,6.5458,2.8738
28,92,311.1729,6.5458,2.8878
28,93,299.6659,6.5458,2.9095
28,94,357.9521,6.5458,1.9209
28,4,83.603,6.5458,1.9697
28,5,82.4474,6.5458,1.9441
28,6,60.8678,6.5458,1.9985
28,7,49.0511,6.5458,2.0143
28,8,33.9427,6.5458,1.9887
28,12,147.6912,6.5458,1.9496
28,13,178.3984,6.5458,1.9311
28,14,171.7269,6.5458,1.9435
28,15,149.8328,6.5458,2.0102
28,16,126.4947,6.5458,1.9903
28,20,207.444,6.5458,1.9349
28,21,199.8502,6.5458,2.8999
28,22,202.3746,6.5458,3.8675
28,23,185.3265,6.5458,2.911
28,24,140.4748,6.5458,10.619
28,25,120.6249,6.5458,9.8849
28,26,118.38,6.5458,9.1376
28,27,138.0223,6.5458,2.9263
28,28,128.782,6.5458,6.5458
31,1,26.9562,1.9315,0.9118
31,2,17.4392,1.9315,0.0
31,3,441.4888,1.9315,0.0
31,4,250.1889,1.9315,0.0
31,5,166.1525,1.9315,0.0
31,6,110.8384,1.9315,0.0
31,7,76.6641,1.9315,0.0
31,8,57.5425,1.9315,0.0
31,9,43.2385,1.9315,0.0
31,10,33.0228,1.9315,0.0
31,11,527.0671,1.9315,0.0
31,12,399.9263,1.9315,0.0
31,13,366.3371,1.9315,0.0
31,14,285.9761,1.9315,0.0
31,15,220.9763,1.9315,0.0
31,16,182.138,1.9315,0.0
31,17,147.7169,1.9315,0.0
31,18,120.0234,1.9315,0.0
31,19,865.1066,1.9315,0.0
31,20,706.2041,1.9315,0.0
31,21,581.915,1.9315,0.0
31,22,560.2945,1.9315,0.0
31,23,512.2075,1.9315,0.0
31,24,402.8309,1.9315,0.0
31,25,439.8829,1.9315,0.0
31,26,344.5352,1.9315,0.0
31,27,364.434,1.9315,0.0
31,28,376.1112,1.9315,0.0
31,29,287.7668,1.9315,0.0
31,30,294.3129,1.9315,0.0
31,31,349.5389,1.9315,0.0
31,32,306.0934,1.9315,0.0
31,33,259.165,1.9315,0.0
31,34,231.3353,1.9315,0.0
31,35,201.2706,1.9315,0.0
31,36,174.023,1.9315,0.0
31,37,968.1682,1.9315,0.0
31,38,841.361,1.9315,0.0
31,39,733.3555,1.9315,0.0
31,40,656.8592,1.9315,0.0
31,41,597.4745,1.9315,0.0
31,42,458.8906,1.9315,0.0
31,43,513.041,1.9315,0.0
31,44,388.6043,1.9315,0.0
31,45,425.2069,1.9315,0.0
31,46,393.637,1.9315,0.0
31,47,327.8852,1.9315,0.0
31,48,346.0568,1.9315,0.0
31,49,436.7407,1.9315,0.0
31,50,401.7251,1.9315,0.0
31,51,355.8474,1.9315,0.0
31,52,328.8076,1.9315,0.0
31,53,295.8817,1.9315,0.0
31,54,264.7126,1.9315,0.0
31,55,1179.2492,1.9315,0.0
31,56,1073.9458,1.9315,0.0
31,57,938.9286,1.9315,0.0
31,58,420.5733,1.9315,2.7991
31,59,949.6978,1.9315,0.0
31,60,911.1851,1.9315,0.0
31,61,888.1417,1.9315,0.0
31,62,866.9787,1.9315,0.0
31,63,848.2084,1.9315,0.0
31,64,662.7701,1.9315,0.0
31,65,752.0406,1.9315,0.0
31,66,724.6816,1.9315,0.0
31,67,764.1475,1.9315,0.0
31,68,747.8611,1.9315,0.0
31,69,733.1234,1.9315,0.0
31,70,724.7596,1.9315,0.0
31,71,608.0882,1.9315,0.0
31,72,595.0976,1.9315,0.0
31,73,541.0622,1.9315,0.0
31,74,455.0721,1.9315,0.0
31,75,462.4347,1.9315,0.0
31,76,417.629,1.9315,0.0
31,77,381.3209,1.9315,0.0
31,78,315.4011,1.9315,0.0
31,79,294.1677,1.9315,0.0
31,80,302.434,1.9315,0.0
31,81,447.0673,1.9315,0.0
31,82,435.4792,1.9315,0.0
31,83,398.0929,1.9315,0.0
31,84,378.4324,1.9315,0.0
31,85,347.7513,1.9315,0.0
31,86,317.3656,1.9315,0.0
31,87,1108.8359,1.9315,0.0
31,88,1059.0662,1.9315,0.0
31,89,931.8768,1.9315,0.0
31,90,832.4224,1.9315,0.0
31,91,828.3485,1.9315,0.0
31,92,801.8639,1.9315,0.0
31,93,828.3682,1.9315,0.0
31,94,801.7037,1.9315,0.0
31,1,43.8881,1.9315,0.0
31,3,145.1043,1.9315,0.9865
31,4,184.5744,1.9315,0.9808
31,5,139.2546,1.9315,0.9706
31,6,103.918,1.9315,0.9868
31,7,71.4234,1.9315,0.9944
31,8,51.4705,1.9315,0.9925
31,9,34.9008,1.9315,0.9982
31,11,212.3618,1.9315,0.9684
31,12,328.9697,1.9315,0.9628
31,13,331.4055,1.9315,0.9648
31,14,263.874,1.9315,0.9507
31,15,214.3903,1.9315,0.9947
31,16,180.1361,1.9315,0.9948
31,17,146.1873,1.9315,0.9972
31,19,290.5739,1.9315,0.9767
31,20,564.1147,1.9315,0.9831
31,21,288.9924,1.9315,1.8627
31,22,278.8293,1.9315,1.8299
31,23,273.244,1.9315,1.9138
31,24,270.9168,1.9315,1.8269
31,25,248.3153,1.9315,1.6406
31,26,229.4318,1.9315,1.6483
31,27,218.7964,1.9315,1.7149
31,28,213.9621,1.9315,1.7937
31,29,212.0275,1.9315,0.9576
31,30,197.8459,1.9315,1.9419
31,31,327.6772,1.9315,0.9601
31,32,285.8049,1.9315,0.9434
31,33,254.6359,1.9315,0.9889
31,34,231.4312,1.9315,0.9901
31,35,202.7225,1.9315,0.9974
31,37,345.9921,1.9315,0.9738
31,38,686.5985,1.9315,0.9801
31,39,519.4437,1.9315,1.9153
31,40,382.1952,1.9315,1.9355
31,41,385.9385,1.9315,1.9545
31,42,359.158,1.9315,1.942
31,43,404.9175,1.9315,1.6682
31,44,311.5991,1.9315,1.8584
31,45,291.2261,1.9315,1.9003
31,46,270.0591,1.9315,1.863
31,47,261.3654,1.9315,0.9679
31,48,257.9007,1.9315,1.9539
31,49,415.4641,1.9315,0.9633
31,50,373.7047,1.9315,0.9514
31,51,348.4425,1.9315,0.9749
31,52,328.4905,1.9315,0.9811
31,53,298.6948,1.9315,0.9968
31,55,407.5724,1.9315,0.9909
31,56,891.8106,1.9315,0.9797
31,57,657.9651,1.9315,1.9373
31,59,407.7143,1.9315,2.9425
31,60,399.2448,1.9315,2.9455
31,61,386.4453,1.9315,2.9413
31,62,388.7055,1.9315,2.93
31,63,375.6249,1.9315,1.8286
31,64,391.3632,1.9315,2.8732
31,65,367.2307,1.9315,2.9086
31,66,374.2592,1.9315,2.8965
31,67,348.3079,1.9315,2.9242
31,68,338.2814,1.9315,2.9282
31,69,336.2103,1.9315,2.9246
31,70,354.0246,1.9315,2.8482
31,71,324.8481,1.9315,2.9219
31,72,444.8023,1.9315,1.9254
31,73,411.205,1.9315,1.9459
31,74,373.6329,1.9315,1.9292
31,75,379.282,1.9315,1.8104
31,76,328.9919,1.9315,1.8858
31,77,308.9063,1.9315,1.8648
31,78,294.6746,1.9315,1.9188
31,79,281.5915,1.9315,0.9846
31,80,271.3018,1.9315,1.9896
31,81,445.0912,1.9315,0.9267
31,82,403.393,1.9315,0.9383
31,83,389.993,1.9315,0.982
31,84,378.3575,1.9315,0.9815
31,85,351.9782,1.9315,0.9954
31,87,458.9149,1.9315,0.9705
31,88,884.0411,1.9315,0.9662
31,89,482.6357,1.9315,2.907
31,90,559.8251,1.9315,2.8844
31,91,499.3495,1.9315,2.8738
31,92,439.3548,1.9315,2.8878
31,93,422.3312,1.9315,2.9095
31,94,513.5961,1.9315,1.9209
31,4,118.9619,1.9315,1.9697
31,5,116.483,1.9315,1.9441
31,6,84.2691,1.9315,1.9985
31,7,66.955,1.9315,2.0143
31,8,45.2336,1.9315,1.9887
31,12,212.3044,1.9315,1.9496
31,13,256.7121,1.9315,1.9311
31,14,245.0585,1.9315,1.9435
31,15,211.5571,1.9315,2.0102
31,16,176.4499,1.9315,1.9903
31,20,297.1084,1.9315,1.9349
31,21,284.487,1.9315,2.8999
31,22,287.8797,1.9315,3.8675
31,23,263.38,1.9315,2.911
31,24,196.7704,1.9315,10.619
31,25,167.5629,1.9315,9.8849
31,26,164.5553,1.9315,9.1376
31,27,194.3868,1.9315,2.9263
31,28,180.7289,1.9315,6.5458
31,31,257.8727,1.9315,1.9315
32,1,28.6359,1.9447,0.9118
32,2,18.6186,1.9447,0.0
32,3,454.1125,1.9447,0.0
32,4,261.6034,1.9447,0.0
32,5,175.0938,1.9447,0.0
32,6,117.4198,1.9447,0.0
32,7,81.5019,1.9447,0.0
32,8,61.3099,1.9447,0.0
32,9,46.1468,1.9447,0.0
32,10,35.2842,1.9447,0.0
32,11,542.6657,1.9447,0.0
32,12,417.0307,1.9447,0.0
32,13,383.6305,1.9447,0.0
32,14,301.138,1.9447,0.0
32,15,233.7044,1.9447,0.0
32,16,193.1315,1.9447,0.0
32,17,157.0031,1.9447,0.0
32,18,127.8113,1.9447,0.0
32,19,887.7075,1.9447,0.0
32,20,732.6433,1.9447,0.0
32,21,605.0343,1.9447,0.0
32,22,583.6237,1.9447,0.0
32,23,534.1256,1.9447,0.0
32,24,420.0642,1.9447,0.0
32,25,459.4314,1.9447,0.0
32,26,359.9172,1.9447,0.0
32,27,381.6588,1.9447,0.0
32,28,393.453,1.9447,0.0
32,29,300.9874,1.9447,0.0
32,30,308.9517,1.9447,0.0
32,31,366.5742,1.9447,0.0
32,32,322.3974,1.9447,0.0
32,33,273.9655,1.9447,0.0
32,34,245.069,1.9447,0.0
32,35,213.6651,1.9447,0.0
32,36,185.0751,1.9447,0.0
32,37,994.2046,1.9447,0.0
32,38,872.4465,1.9447,0.0
32,39,763.341,1.9447,0.0
32,40,685.2716,1.9447,0.0
32,41,624.2061,1.9447,0.0
32,42,480.5552,1.9447,0.0
32,43,536.7795,1.9447,0.0
32,44,407.6339,1.9447,0.0
32,45,446.0876,1.9447,0.0
32,46,413.3244,1.9447,0.0
32,47,344.0065,1.9447,0.0
32,48,363.7536,1.9447,0.0
32,49,457.8119,1.9447,0.0
32,50,422.6322,1.9447,0.0
32,51,375.6047,1.9447,0.0
32,52,347.7286,1.9447,0.0
32,53,313.528,1.9447,0.0
32,54,281.0046,1.9447,0.0
32,55,1210.8497,1.9447,0.0
32,56,1112.0376,1.9447,0.0
32,57,976.0066,1.9447,0.0
32,58,443.6388,1.9447,2.7991
32,59,984.5356,1.9447,0.0
32,60,945.3065,1.9447,0.0
32,61,921.5753,1.9447,0.0
32,62,899.7622,1.9447,0.0
32,63,880.4215,1.9447,0.0
32,64,690.6823,1.9447,0.0
32,65,778.5964,1.9447,0.0
32,66,750.7323,1.9447,0.0
32,67,793.9592,1.9447,0.0
32,68,777.1265,1.9447,0.0
32,69,761.9321,1.9447,0.0
32,70,753.1172,1.9447,0.0
32,71,633.5308,1.9447,0.0
32,72,622.4382,1.9447,0.0
32,73,567.142,1.9447,0.0
32,74,477.7197,1.9447,0.0
32,75,485.8648,1.9447,0.0
32,76,439.5686,1.9447,0.0
32,77,401.9118,1.9447,0.0
32,78,332.8663,1.9447,0.0
32,79,310.6148,1.9447,0.0
32,80,319.5808,1.9447,0.0
32,81,468.9426,1.9447,0.0
32,82,458.1125,1.9447,0.0
32,83,420.0429,1.9447,0.0
32,84,399.9679,1.9447,0.0
32,85,368.2512,1.9447,0.0
32,86,336.6417,1.9447,0.0
32,87,1142.3947,1.9447,0.0
32,88,1098.8136,1.9447,0.0
32,89,970.2576,1.9447,0.0
32,90,870.0209,1.9447,0.0
32,91,864.0175,1.9447,0.0
32,92,836.4744,1.9447,0.0
32,93,862.0587,1.9447,0.0
32,94,834.6893,1.9447,0.0
32,1,46.4409,1.9447,0.0
32,3,151.8759,1.9447,0.9865
32,4,193.4457,1.9447,0.9808
32,5,146.9606,1.9447,0.9706
32,6,110.0651,1.9447,0.9868
32,7,75.9287,1.9447,0.9944
32,8,54.8693,1.9447,0.9925
32,9,37.3202,1.9447,0.9982
32,11,221.9031,1.9447,0.9684
32,12,343.5106,1.9447,0.9628
32,13,347.3879,1.9447,0.9648
32,14,278.0671,1.9447,0.9507
32,15,226.766,1.9447,0.9947
32,16,190.9927,1.9447,0.9948
32,17,155.3672,1.9447,0.9972
32,19,304.4222,1.9447,0.9767
32,20,585.0515,1.9447,0.9831
32,21,304.1902,1.9447,1.8627
32,22,293.4899,1.9447,1.8299
32,23,287.5851,1.9447,1.9138
32,24,284.9729,1.9447,1.8269
32,25,261.8866,1.9447,1.6406
32,26,242.1349,1.9447,1.6483
32,27,230.8956,1.9447,1.7149
32,28,225.7435,1.9447,1.7937
32,29,223.2574,1.9447,0.9576
32,30,209.0707,1.9447,1.9419
32,31,344.0232,1.9447,0.9601
32,32,301.3102,1.9447,0.9434
32,33,269.2308,1.9447,0.9889
32,34,245.1604,1.9447,0.9901
32,35,215.1816,1.9447,0.9974
32,37,362.802,1.9447,0.9738
32,38,711.5862,1.9447,0.9801
32,39,542.3655,1.9447,1.9153
32,40,402.0877,1.9447,1.9355
32,41,406.0194,1.9447,1.9545
32,42,378.1231,1.9447,1.942
32,43,424.7791,1.9447,1.6682
32,44,328.8341,1.9447,1.8584
32,45,307.374,1.9447,1.9003
32,46,285.136,1.9447,1.863
32,47,275.8484,1.9447,0.9679
32,48,272.7228,1.9447,1.9539
32,49,436.0573,1.9447,0.9633
32,50,393.6595,1.9447,0.9514
32,51,367.9463,1.9447,0.9749
32,52,347.4358,1.9447,0.9811
32,53,316.5011,1.9447,0.9968
32,55,428.617,1.9447,0.9909
32,56,922.5046,1.9447,0.9797
32,57,686.4772,1.9447,1.9373
32,59,430.1513,1.9447,2.9425
32,60,421.2295,1.9447,2.9455
32,61,407.7871,1.9447,2.9413
32,62,409.9536,1.9447,2.93
32,63,395.4915,1.9447,1.8286
32,64,412.7144,1.9447,2.8732
32,65,387.4235,1.9447,2.9086
32,66,394.4535,1.9447,2.8965
32,67,367.6206,1.9447,2.9242
32,68,357.0949,1.9447,2.9282
32,69,354.865,1.9447,2.9246
32,70,373.4254,1.9447,2.8482
32,71,342.9616,1.9447,2.9219
32,72,466.7476,1.9447,1.9254
32,73,432.3917,1.9447,1.9459
32,74,393.7121,1.9447,1.9292
32,75,398.9067,1.9447,1.8104
32,76,347.6776,1.9447,1.8858
32,77,326.6525,1.9447,1.8648
32,78,311.7083,1.9447,1.9188
32,79,297.817,1.9447,0.9846
32,80,287.4267,1.9447,1.9896
32,81,467.3755,1.9447,0.9267
32,82,425.1158,1.9447,0.9383
32,83,411.7682,1.9447,0.982
32,84,399.9956,1.9447,0.9815
32,85,372.7413,1.9447,0.9954
32,87,482.7248,1.9447,0.9705
32,88,916.9315,1.9447,0.9662
32,89,509.1698,1.9447,2.907
32,90,588.6206,1.9447,2.8844
32,91,525.4062,1.9447,2.8738
32,92,463.5903,1.9447,2.8878
32,93,445.8627,1.9447,2.9095
32,94,538.558,1.9447,1.9209
32,4,125.6209,1.9447,1.9697
32,5,123.0969,1.9447,1.9441
32,6,89.4448,1.9447,1.9985
32,7,71.2017,1.9447,2.0143
32,8,48.2476,1.9447,1.9887
32,12,223.4249,1.9447,1.9496
32,13,269.9943,1.9447,1.9311
32,14,258.4338,1.9447,1.9435
32,15,223.7008,1.9447,2.0102
32,16,187.0906,1.9447,1.9903
32,20,312.5424,1.9447,1.9349
32,21,299.9014,1.9447,2.8999
32,22,303.5228,1.9447,3.8675
32,23,277.609,1.9447,2.911
32,24,208.0381,1.9447,10.619
32,25,177.4973,1.9447,9.8849
32,26,174.2654,1.9447,9.1376
32,27,205.2122,1.9447,2.9263
32,28,190.9759,1.9447,6.5458
32,31,271.7272,1.9447,1.9315
32,32,286.6545,1.9447,1.9447
33,1,26.7042,1.9793,0.9118
33,2,17.7051,1.9793,0.0
33,3,392.4365,1.9793,0.0
33,4,233.5151,1.9793,0.0
33,5,159.4969,1.9793,0.0
33,6,108.6407,1.9793,0.0
33,7,76.2992,1.9793,0.0
33,8,57.8784,1.9793,0.0
33,9,43.8762,1.9793,0.0
33,10,33.7391,1.9793,0.0
33,11,469.9596,1.9793,0.0
33,12,370.0638,1.9793,0.0
33,13,343.9343,1.9793,0.0
33,14,273.7334,1.9793,0.0
33,15,215.0103,1.9793,0.0
33,16,179.116,1.9793,0.0
33,17,146.7405,1.9793,0.0
33,18,120.2698,1.9793,0.0
33,19,766.5311,1.9793,0.0
33,20,644.0351,1.9793,0.0
33,21,534.1575,1.9793,0.0
33,22,517.5611,1.9793,0.0
33,23,474.8898,1.9793,0.0
33,24,374.0038,1.9793,0.0
33,25,410.0199,1.9793,0.0
33,26,321.8092,1.9793,0.0
33,27,342.7215,1.9793,0.0
33,28,352.3403,1.9793,0.0
33,29,269.933,1.9793,0.0
33,30,279.0375,1.9793,0.0
33,31,330.1881,1.9793,0.0
33,32,293.4322,1.9793,0.0
33,33,251.8155,1.9793,0.0
33,34,226.6845,1.9793,0.0
33,35,198.9308,1.9793,0.0
33,36,173.3582,1.9793,0.0
33,37,860.3672,1.9793,0.0
33,38,766.7421,1.9793,0.0
33,39,676.2036,1.9793,0.0
33,40,610.1761,1.9793,0.0
33,41,557.785,1.9793,0.0
33,42,432.2496,1.9793,0.0
33,43,481.6229,1.9793,0.0
33,44,368.3695,1.9793,0.0
33,45,402.8017,1.9793,0.0
33,46,374.0353,1.9793,0.0
33,47,311.2799,1.9793,0.0
33,48,330.1075,1.9793,0.0
33,49,412.5541,1.9793,0.0
33,50,383.9466,1.9793,0.0
33,51,344.1036,1.9793,0.0
33,52,320.2529,1.9793,0.0
33,53,290.4211,1.9793,0.0
33,54,261.7361,1.9793,0.0
33,55,1048.8144,1.9793,0.0
33,56,975.3242,1.9793,0.0
33,57,862.678,1.9793,0.0
33,58,405.9846,1.9793,2.7991
33,59,865.7939,1.9793,0.0
33,60,832.267,1.9793,0.0
33,61,811.6356,1.9793,0.0
33,62,792.6385,1.9793,0.0
33,63,775.8051,1.9793,0.0
33,64,614.3654,1.9793,0.0
33,65,684.3805,1.9793,0.0
33,66,660.9421,1.9793,0.0
33,67,700.8927,1.9793,0.0
33,68,686.1478,1.9793,0.0
33,69,672.915,1.9793,0.0
33,70,664.8552,1.9793,0.0
33,71,562.896,1.9793,0.0
33,72,557.4729,1.9793,0.0
33,73,510.6138,1.9793,0.0
33,74,432.1746,1.9793,0.0
33,75,440.3127,1.9793,0.0
33,76,400.1807,1.9793,0.0
33,77,367.2724,1.9793,0.0
33,78,305.556,1.9793,0.0
33,79,285.6294,1.9793,0.0
33,80,294.2547,1.9793,0.0
33,81,423.9023,1.9793,0.0
33,82,416.5496,1.9793,0.0
33,83,384.7323,1.9793,0.0
33,84,367.9617,1.9793,0.0
33,85,340.6117,1.9793,0.0
33,86,312.9382,1.9793,0.0
33,87,995.6883,1.9793,0.0
33,88,967.798,1.9793,0.0
33,89,860.6059,1.9793,0.0
33,90,778.4268,1.9793,0.0
33,91,770.0795,1.9793,0.0
33,92,745.6954,1.9793,0.0
33,93,764.3973,1.9793,0.0
33,94,740.8098,1.9793,0.0
33,1,42.7789,1.9793,0.0
33,3,135.9832,1.9793,0.9865
33,4,173.9415,1.9793,0.9808
33,5,134.4704,1.9793,0.9706
33,6,101.8469,1.9793,0.9868
33,7,71.1238,1.9793,0.9944
33,8,51.9199,1.9793,0.9925
33,9,35.7582,1.9793,0.9982
33,11,198.0692,1.9793,0.9684
33,12,306.1275,1.9793,0.9628
33,13,312.2501,1.9793,0.9648
33,14,253.3112,1.9793,0.9507
33,15,208.7309,1.9793,0.9947
33,16,177.1085,1.9793,0.9948
33,17,145.1961,1.9793,0.9972
33,19,274.2325,1.9793,0.9767
33,20,515.4323,1.9793,0.9831
33,21,276.6634,1.9793,1.8627
33,22,267.1055,1.9793,1.8299
33,23,261.6872,1.9793,1.9138
33,24,258.9856,1.9793,1.8269
33,25,239.412,1.9793,1.6406
33,26,221.8034,1.9793,1.6483
33,27,211.5422,1.9793,1.7149
33,28,206.7172,1.9793,1.7937
33,29,203.4807,1.9793,0.9576
33,30,192.1686,1.9793,1.9419
33,31,310.711,1.9793,0.9601
33,32,274.9497,1.9793,0.9434
33,33,247.6174,1.9793,0.9889
33,34,226.7519,1.9793,0.9901
33,35,200.2786,1.9793,0.9974
33,37,327.7032,1.9793,0.9738
33,38,626.5605,1.9793,0.9801
33,39,485.2461,1.9793,1.9153
33,40,365.6312,1.9793,1.9355
33,41,369.1125,1.9793,1.9545
33,42,344.6133,1.9793,1.942
33,43,384.1644,1.9793,1.6682
33,44,301.4924,1.9793,1.8584
33,45,282.0464,1.9793,1.9003
33,46,261.9897,1.9793,1.863
33,47,253.218,1.9793,0.9679
33,48,251.4082,1.9793,1.9539
33,49,394.1073,1.9793,0.9633
33,50,358.8398,1.9793,0.9514
33,51,337.4828,1.9793,0.9749
33,52,320.0878,1.9793,0.9811
33,53,293.1445,1.9793,0.9968
33,55,389.6837,1.9793,0.9909
33,56,810.2357,1.9793,0.9797
33,57,613.5158,1.9793,1.9373
33,59,393.8448,1.9793,2.9425
33,60,385.7096,1.9793,2.9455
33,61,373.5692,1.9793,2.9413
33,62,375.0947,1.9793,2.93
33,63,360.4255,1.9793,1.8286
33,64,377.4212,1.9793,2.8732
33,65,354.6851,1.9793,2.9086
33,66,360.342,1.9793,2.8965
33,67,336.9098,1.9793,2.9242
33,68,327.3956,1.9793,2.9282
33,69,325.2371,1.9793,2.9246
33,70,341.5611,1.9793,2.8482
33,71,314.5113,1.9793,2.9219
33,72,422.015,1.9793,1.9254
33,73,392.9377,1.9793,1.9459
33,74,359.6738,1.9793,1.9292
33,75,362.7743,1.9793,1.8104
33,76,319.9987,1.9793,1.8858
33,77,301.2426,1.9793,1.8648
33,78,287.8078,1.9793,1.9188
33,79,274.9895,1.9793,0.9846
33,80,266.4833,1.9793,1.9896
33,81,423.3891,1.9793,0.9267
33,82,388.2741,1.9793,0.9383
33,83,377.783,1.9793,0.982
33,84,368.2276,1.9793,0.9815
33,85,344.7767,1.9793,0.9954
33,87,439.0839,1.9793,0.9705
33,88,809.3684,1.9793,0.9662
33,89,466.047,1.9793,2.907
33,90,535.0793,1.9793,2.8844
33,91,479.0423,1.9793,2.8738
33,92,424.9509,1.9793,2.8878
33,93,409.2244,1.9793,2.9095
33,94,486.9403,1.9793,1.9209
33,4,115.0137,1.9793,1.9697
33,5,113.1412,1.9793,1.9441
33,6,83.2865,1.9793,1.9985
33,7,66.7818,1.9793,2.0143
33,8,45.7899,1.9793,1.9887
33,12,202.7244,1.9793,1.9496
33,13,244.7896,1.9793,1.9311
33,14,235.9012,1.9793,1.9435
33,15,205.7784,1.9793,2.0102
33,16,173.5234,1.9793,1.9903
33,20,283.8013,1.9793,1.9349
33,21,273.7684,1.9793,2.8999
33,22,277.1939,1.9793,3.8675
33,23,253.5169,1.9793,2.911
33,24,191.7598,1.9793,10.619
33,25,164.5248,1.9793,9.8849
33,26,161.4178,1.9793,9.1376
33,27,188.3702,1.9793,2.9263
33,28,175.7399,1.9793,6.5458
33,31,247.7421,1.9793,1.9315
33,32,262.0354,1.9793,1.9447
33,33,241.2494,1.9793,1.9793
34,1,25.1268,1.9812,0.9118
34,2,16.9157,1.9812,0.0
34,3,351.8104,1.9812,0.0
34,4,213.3149,1.9812,0.0
34,5,147.6502,1.9812,0.0
34,6,101.6786,1.9812,0.0
34,7,72.0328,1.9812,0.0
34,8,54.9943,1.9812,0.0
34,9,41.926,1.9812,0.0
34,10,32.3892,1.9812,0.0
34,11,421.9195,1.9812,0.0
34,12,336.8869,1.9812,0.0
34,13,315.1147,1.9812,0.0
34,14,253.0289,1.9812,0.0
34,15,200.3747,1.9812,0.0
34,16,167.8868,1.9812,0.0
34,17,138.3253,1.9812,0.0
34,18,113.9577,1.9812,0.0
34,19,687.737,1.9812,0.0
34,20,583.4009,1.9812,0.0
34,21,485.0594,1.9812,0.0
34,22,471.3428,1.9812,0.0
34,23,433.183,1.9812,0.0
34,24,341.6637,1.9812,0.0
34,25,374.9026,1.9812,0.0
34,26,294.7778,1.9812,0.0
34,27,314.5706,1.9812,0.0
34,28,322.8238,1.9812,0.0
34,29,247.746,1.9812,0.0
34,30,257.0583,1.9812,0.0
34,31,303.5764,1.9812,0.0
34,32,271.5474,1.9812,0.0
34,33,234.5631,1.9812,0.0
34,34,212.0915,1.9812,0.0
34,35,186.9994,1.9812,0.0
34,36,163.6906,1.9812,0.0
34,37,773.1255,1.9812,0.0
34,38,694.6556,1.9812,0.0
34,39,615.5317,1.9812,0.0
34,40,557.2071,1.9812,0.0
34,41,510.5464,1.9812,0.0
34,42,397.4644,1.9812,0.0
34,43,442.0786,1.9812,0.0
34,44,339.8157,1.9812,0.0
34,45,371.2277,1.9812,0.0
34,46,345.2124,1.9812,0.0
34,47,287.5025,1.9812,0.0
34,48,305.2454,1.9812,0.0
34,49,379.6844,1.9812,0.0
34,50,355.0652,1.9812,0.0
34,51,319.9354,1.9812,0.0
34,52,298.8156,1.9812,0.0
34,53,272.0583,1.9812,0.0
34,54,246.1495,1.9812,0.0
34,55,943.1487,1.9812,0.0
34,56,882.8069,1.9812,0.0
34,57,784.4,1.9812,0.0
34,58,377.3149,1.9812,2.7991
34,59,784.9774,1.9812,0.0
34,60,755.0713,1.9812,0.0
34,61,736.4811,1.9812,0.0
34,62,719.3436,1.9812,0.0
34,63,704.1627,1.9812,0.0
34,64,560.9891,1.9812,0.0
34,65,620.7464,1.9812,0.0
34,66,600.0555,1.9812,0.0
34,67,636.8114,1.9812,0.0
34,68,623.4596,1.9812,0.0
34,69,611.5213,1.9812,0.0
34,70,604.0284,1.9812,0.0
34,71,513.4843,1.9812,0.0
34,72,510.9034,1.9812,0.0
34,73,469.5352,1.9812,0.0
34,74,398.8063,1.9812,0.0
34,75,406.7094,1.9812,0.0
34,76,370.7546,1.9812,0.0
34,77,341.1245,1.9812,0.0
34,78,284.7786,1.9812,0.0
34,79,266.5585,1.9812,0.0
34,80,274.7593,1.9812,0.0
34,81,391.1438,1.9812,0.0
34,82,385.62,1.9812,0.0
34,83,357.7845,1.9812,0.0
34,84,343.1666,1.9812,0.0
34,85,318.8097,1.9812,0.0
34,86,293.9292,1.9812,0.0
34,87,898.7234,1.9812,0.0
34,88,878.2656,1.9812,0.0
34,89,784.1819,1.9812,0.0
34,90,713.1602,1.9812,0.0
34,91,704.0315,1.9812,0.0
34,92,681.8524,1.9812,0.0
34,93,696.6895,1.9812,0.0
34,94,675.5529,1.9812,0.0
34,1,39.8967,1.9812,0.0
34,3,124.4868,1.9812,0.9865
34,4,159.7099,1.9812,0.9808
34,5,124.8845,1.9812,0.9706
34,6,95.3553,1.9812,0.9868
34,7,67.1936,1.9812,0.9944
34,8,49.4291,1.9812,0.9925
34,9,34.3729,1.9812,0.9982
34,11,181.0487,1.9812,0.9684
34,12,279.5035,1.9812,0.9628
34,13,286.5809,1.9812,0.9648
34,14,234.5066,1.9812,0.9507
34,15,194.6017,1.9812,0.9947
34,16,165.9975,1.9812,0.9948
34,17,136.8644,1.9812,0.9972
34,19,252.4498,1.9812,0.9767
34,20,467.8832,1.9812,0.9831
34,21,256.0474,1.9812,1.8627
34,22,247.3402,1.9812,1.8299
34,23,242.3111,1.9812,1.9138
34,24,239.6357,1.9812,1.8269
34,25,222.2961,1.9812,1.6406
34,26,206.2367,1.9812,1.6483
34,27,196.7403,1.9812,1.7149
34,28,192.197,1.9812,1.7937
34,29,188.656,1.9812,0.9576
34,30,179.0747,1.9812,1.9419
34,31,286.1624,1.9812,0.9601
34,32,254.8857,1.9812,0.9434
34,33,230.7558,1.9812,0.9889
34,34,212.1475,1.9812,0.9901
34,35,188.2263,1.9812,0.9974
34,37,302.253,1.9812,0.9738
34,38,568.7416,1.9812,0.9801
34,39,444.7322,1.9812,1.9153
34,40,338.461,1.9812,1.9355
34,41,341.6492,1.9812,1.9545
34,42,319.534,1.9812,1.942
34,43,354.5768,1.9812,1.6682
34,44,280.6374,1.9812,1.8584
34,45,262.7255,1.9812,1.9003
34,46,244.2954,1.9812,1.863
34,47,235.9871,1.9812,0.9679
34,48,234.847,1.9812,1.9539
34,49,363.3697,1.9812,0.9633
34,50,332.5825,1.9812,0.9514
34,51,314.0234,1.9812,0.9749
34,52,298.7247,1.9812,0.9811
34,53,274.5862,1.9812,0.9968
34,55,360.8053,1.9812,0.9909
34,56,734.5865,1.9812,0.9797
34,57,562.0006,1.9812,1.9373
34,59,366.1629,1.9812,2.9425
34,60,358.6221,1.9812,2.9455
34,61,347.4428,1.9812,2.9413
34,62,348.5929,1.9812,2.93
34,63,334.1734,1.9812,1.8286
34,64,350.6032,1.9812,2.8732
34,65,329.7337,1.9812,2.9086
34,66,334.5522,1.9812,2.8965
34,67,313.4113,1.9812,2.9242
34,68,304.6384,1.9812,2.9282
34,69,302.5558,1.9812,2.9246
34,70,317.2786,1.9812,2.8482
34,71,292.6768,1.9812,2.9219
34,72,389.2745,1.9812,1.9254
34,73,363.6525,1.9812,1.9459
34,74,334.0177,1.9812,1.9292
34,75,335.9505,1.9812,1.8104
34,76,298.6221,1.9812,1.8858
34,77,281.5326,1.9812,1.8648
34,78,269.2265,1.9812,1.9188
34,79,257.2948,1.9812,0.9846
34,80,249.947,1.9812,1.9896
34,81,391.1275,1.9812,0.9267
34,82,360.4617,1.9812,0.9383
34,83,351.6912,1.9812,0.982
34,84,343.5506,1.9812,0.9815
34,85,322.7051,1.9812,0.9954
34,87,406.6434,1.9812,0.9705
34,88,735.957,1.9812,0.9662
34,89,433.1665,1.9812,2.907
34,90,495.3332,1.9812,2.8844
34,91,444.4244,1.9812,2.8738
34,92,395.5015,1.9812,2.8878
34,93,381.1814,1.9812,2.9095
34,94,449.4634,1.9812,1.9209
34,4,106.8086,1.9812,1.9697
34,5,105.4167,1.9812,1.9441
34,6,78.3177,1.9812,1.9985
34,7,63.1549,1.9812,2.0143
34,8,43.7022,1.9812,1.9887
34,12,187.1504,1.9812,1.9496
34,13,225.9245,1.9812,1.9311
34,14,218.6853,1.9812,1.9435
34,15,191.7848,1.9812,2.0102
34,16,162.6659,1.9812,1.9903
34,20,262.3613,1.9812,1.9349
34,21,253.9272,1.9812,2.8999
34,22,257.1841,1.9812,3.8675
34,23,235.2729,1.9812,2.911
34,24,179.1559,1.9812,10.619
34,25,154.3023,1.9812,9.8849
34,26,151.3202,1.9812,9.1376
34,27,175.4826,1.9812,2.9263
34,28,163.9864,1.9812,6.5458
34,31,229.569,1.9812,1.9315
34,32,243.2002,1.9812,1.9447
34,33,224.9818,1.9812,1.9793
34,34,210.5231,1.9812,1.9812
38,1,36.8606,1.9143,0.9118
38,2,23.8401,1.9143,0.0
38,3,628.2399,1.9143,0.0
38,4,348.169,1.9143,0.0
38,5,228.9512,1.9143,0.0
38,6,151.9745,1.9143,0.0
38,7,104.9004,1.9143,0.0
38,8,78.6933,1.9143,0.0
38,9,59.1415,1.9143,0.0
38,10,45.1941,1.9143,0.0
38,11,749.3005,1.9143,0.0
38,12,558.7819,1.9143,0.0
38,13,508.8061,1.9143,0.0
38,14,394.3455,1.9143,0.0
38,15,303.2521,1.9143,0.0
38,16,249.4267,1.9143,0.0
38,17,201.9997,1.9143,0.0
38,18,164.0275,1.9143,0.0
38,19,1234.932,1.9143,0.0
38,20,994.4676,1.9143,0.0
38,21,816.9275,1.9143,0.0
38,22,784.6886,1.9143,0.0
38,23,716.2778,1.9143,0.0
38,24,563.7114,1.9143,0.0
38,25,613.8418,1.9143,0.0
38,26,481.0447,1.9143,0.0
38,27,506.7272,1.9143,0.0
38,28,523.7002,1.9143,0.0
38,29,401.1714,1.9143,0.0
38,30,407.9499,1.9143,0.0
38,31,484.8813,1.9143,0.0
38,32,422.1813,1.9143,0.0
38,33,355.9394,1.9143,0.0
38,34,317.0938,1.9143,0.0
38,35,275.4476,1.9143,0.0
38,36,237.9219,1.9143,0.0
38,37,1380.8411,1.9143,0.0
38,38,1185.8018,1.9143,0.0
38,39,1028.2536,1.9143,0.0
38,40,918.2378,1.9143,0.0
38,41,833.7135,1.9143,0.0
38,42,638.7768,1.9143,0.0
38,43,714.7188,1.9143,0.0
38,44,539.9639,1.9143,0.0
38,45,590.3744,1.9143,0.0
38,46,545.9768,1.9143,0.0
38,47,455.7267,1.9143,0.0
38,48,479.3797,1.9143,0.0
38,49,606.8145,1.9143,0.0
38,50,555.3233,1.9143,0.0
38,51,489.8228,1.9143,0.0
38,52,451.6295,1.9143,0.0
38,53,405.6158,1.9143,0.0
38,54,362.3556,1.9143,0.0
38,55,1681.3249,1.9143,0.0
38,56,1516.5369,1.9143,0.0
38,57,1319.0312,1.9143,0.0
38,58,579.7357,1.9143,2.7991
38,59,1338.9789,1.9143,0.0
38,60,1283.6521,1.9143,0.0
38,61,1250.8766,1.9143,0.0
38,62,1220.8006,1.9143,0.0
38,63,1194.1104,1.9143,0.0
38,64,928.2866,1.9143,0.0
38,65,1062.1534,1.9143,0.0
38,66,1022.3708,1.9143,0.0
38,67,1074.322,1.9143,0.0
38,68,1051.2437,1.9143,0.0
38,69,1030.2928,1.9143,0.0
38,70,1018.731,1.9143,0.0
38,71,851.6022,1.9143,0.0
38,72,828.9803,1.9143,0.0
38,73,751.6662,1.9143,0.0
38,74,631.3639,1.9143,0.0
38,75,640.7445,1.9143,0.0
38,76,577.4594,1.9143,0.0
38,77,526.4372,1.9143,0.0
38,78,435.1078,1.9143,0.0
38,79,405.6895,1.9143,0.0
38,80,416.4974,1.9143,0.0
38,81,621.1496,1.9143,0.0
38,82,602.4899,1.9143,0.0
38,83,548.5516,1.9143,0.0
38,84,520.3856,1.9143,0.0
38,85,477.1856,1.9143,0.0
38,86,434.8109,1.9143,0.0
38,87,1574.9942,1.9143,0.0
38,88,1491.7535,1.9143,0.0
38,89,1306.2558,1.9143,0.0
38,90,1161.0723,1.9143,0.0
38,91,1158.7996,1.9143,0.0
38,92,1121.7009,1.9143,0.0
38,93,1162.629,1.9143,0.0
38,94,1124.5057,1.9143,0.0
38,1,60.1892,1.9143,0.0
38,3,201.69,1.9143,0.9865
38,4,256.1295,1.9143,0.9808
38,5,191.6429,1.9143,0.9706
38,6,142.6113,1.9143,0.9868
38,7,97.8085,1.9143,0.9944
38,8,70.4285,1.9143,0.9925
38,9,47.7411,1.9143,0.9982
38,11,296.0005,1.9143,0.9684
38,12,458.8001,1.9143,0.9628
38,13,459.737,1.9143,0.9648
38,14,363.5872,1.9143,0.9507
38,15,294.2134,1.9143,0.9947
38,16,246.7293,1.9143,0.9948
38,17,199.9353,1.9143,0.9972
38,19,404.3537,1.9143,0.9767
38,20,794.5479,1.9143,0.9831
38,21,399.3277,1.9143,1.8627
38,22,385.2756,1.9143,1.8299
38,23,377.6508,1.9143,1.9138
38,24,374.7437,1.9143,1.8269
38,25,342.1821,1.9143,1.6406
38,26,315.9355,1.9143,1.6483
38,27,301.3614,1.9143,1.7149
38,28,294.8004,1.9143,1.7937
38,29,292.9783,1.9143,0.9576
38,30,271.9818,1.9143,1.9419
38,31,453.9182,1.9143,0.9601
38,32,393.766,1.9143,0.9434
38,33,349.6598,1.9143,0.9889
38,34,317.2498,1.9143,0.9901
38,35,277.4689,1.9143,0.9974
38,37,481.0605,1.9143,0.9738
38,38,968.0787,1.9143,0.9801
38,39,725.1809,1.9143,1.9153
38,40,528.6574,1.9143,1.9355
38,41,534.0203,1.9143,1.9545
38,42,496.5128,1.9143,1.942
38,43,562.4313,1.9143,1.6682
38,44,429.5383,1.9143,1.8584
38,45,401.5048,1.9143,1.9003
38,46,372.2612,1.9143,1.863
38,47,360.4891,1.9143,0.9679
38,48,354.6096,1.9143,1.9539
38,49,576.2896,1.9143,0.9633
38,50,515.7606,1.9143,0.9514
38,51,479.3863,1.9143,0.9749
38,52,451.1258,1.9143,0.9811
38,53,409.4712,1.9143,0.9968
38,55,564.3454,1.9143,0.9909
38,56,1260.1619,1.9143,0.9797
38,57,919.449,1.9143,1.9373
38,59,561.9076,1.9143,2.9425
38,60,550.2241,1.9143,2.9455
38,61,532.4996,1.9143,2.9413
38,62,535.9497,1.9143,2.93
38,63,519.2271,1.9143,1.8286
38,64,539.6227,1.9143,2.8732
38,65,506.1454,1.9143,2.9086
38,66,516.4699,1.9143,2.8965
38,67,479.7811,1.9143,2.9242
38,68,465.8723,1.9143,2.9282
38,69,463.074,1.9143,2.9246
38,70,487.8628,1.9143,2.8482
38,71,447.2511,1.9143,2.9219
38,72,617.1707,1.9143,1.9254
38,73,569.1975,1.9143,1.9459
38,74,515.9599,1.9143,1.9292
38,75,525.0503,1.9143,1.8104
38,76,452.7634,1.9143,1.8858
38,77,424.9597,1.9143,1.8648
38,78,405.3197,1.9143,1.9188
38,79,387.5404,1.9143,0.9846
38,80,372.4749,1.9143,1.9896
38,81,617.4175,1.9143,0.9267
38,82,556.8068,1.9143,0.9383
38,83,536.9214,1.9143,0.982
38,84,520.0852,1.9143,0.9815
38,85,482.9352,1.9143,0.9954
38,87,635.1845,1.9143,0.9705
38,88,1245.2372,1.9143,0.9662
38,89,665.1167,1.9143,2.907
38,90,774.8483,1.9143,2.8844
38,91,690.5246,1.9143,2.8738
38,92,605.6815,1.9143,2.8878
38,93,581.8705,1.9143,2.9095
38,94,713.8157,1.9143,1.9209
38,4,163.4621,1.9143,1.9697
38,5,160.1098,1.9143,1.9441
38,6,115.4107,1.9143,1.9985
38,7,91.6725,1.9143,2.0143
38,8,61.9159,1.9143,1.9887
38,12,292.9174,1.9143,1.9496
38,13,354.5526,1.9143,1.9311
38,14,337.3757,1.9143,1.9435
38,15,290.4761,1.9143,2.0102
38,16,241.6949,1.9143,1.9903
38,20,410.7857,1.9143,1.9349
38,21,392.1967,1.9143,2.8999
38,22,396.8216,1.9143,3.8675
38,23,363.3125,1.9143,2.911
38,24,270.7543,1.9143,10.619
38,25,230.1231,1.9143,9.8849
38,26,226.0537,1.9143,9.1376
38,27,267.8234,1.9143,2.9263
38,28,248.7379,1.9143,6.5458
38,31,355.5621,1.9143,1.9315
38,32,374.0975,1.9143,1.9447
38,33,340.0688,1.9143,1.9793
38,34,314.6933,1.9143,1.9812
38,38,491.7448,1.9143,1.9143
39,1,36.0543,2.8903,0.9118
39,2,23.6462,2.8903,0.0
39,3,567.3202,2.8903,0.0
39,4,326.9186,2.8903,0.0
39,5,219.3347,2.8903,0.0
39,6,147.6049,2.8903,0.0
39,7,102.8479,2.8903,0.0
39,8,77.6335,2.8903,0.0
39,9,58.6359,2.8903,0.0
39,10,44.9753,2.8903,0.0
39,11,678.1726,2.8903,0.0
39,12,521.143,2.8903,0.0
39,13,479.6884,2.8903,0.0
39,14,377.0639,2.8903,0.0
39,15,293.2324,2.8903,0.0
39,16,242.8256,2.8903,0.0
39,17,197.8796,2.8903,0.0
39,18,161.5056,2.8903,0.0
39,19,1110.5426,2.8903,0.0
39,20,916.0855,2.8903,0.0
39,21,756.5443,2.8903,0.0
39,22,730.0584,2.8903,0.0
39,23,668.2729,2.8903,0.0
39,24,526.0324,2.8903,0.0
39,25,575.006,2.8903,0.0
39,26,450.912,2.8903,0.0
39,27,477.8977,2.8903,0.0
39,28,492.5198,2.8903,0.0
39,29,377.2375,2.8903,0.0
39,30,387.0821,2.8903,0.0
39,31,458.9033,2.8903,0.0
39,32,403.9646,2.8903,0.0
39,33,343.7975,2.8903,0.0
39,34,307.9733,2.8903,0.0
39,35,268.988,2.8903,0.0
39,36,233.4581,2.8903,0.0
39,37,1244.1578,2.8903,0.0
39,38,1091.2408,2.8903,0.0
39,39,955.0153,2.8903,0.0
39,40,857.6527,2.8903,0.0
39,41,781.5377,2.8903,0.0
39,42,602.4253,2.8903,0.0
39,43,672.5553,2.8903,0.0
39,44,511.4722,2.8903,0.0
39,45,559.3453,2.8903,0.0
39,46,518.4374,2.8903,0.0
39,47,431.9705,2.8903,0.0
39,48,456.4875,2.8903,0.0
39,49,573.8021,2.8903,0.0
39,50,529.9186,2.8903,0.0
39,51,471.4064,2.8903,0.0
39,52,436.8022,2.8903,0.0
39,53,394.3185,2.8903,0.0
39,54,353.9178,2.8903,0.0
39,55,1515.3755,2.8903,0.0
39,56,1391.1764,2.8903,0.0
39,57,1221.2152,2.8903,0.0
39,58,556.9697,2.8903,2.7991
39,59,1231.989,2.8903,0.0
39,60,1182.9141,2.8903,0.0
39,61,1153.2166,2.8903,0.0
39,62,1125.9127,2.8903,0.0
39,63,1101.7008,2.8903,0.0
39,64,865.0011,2.8903,0.0
39,65,974.9708,2.8903,0.0
39,66,940.1178,2.8903,0.0
39,67,993.5143,2.8903,0.0
39,68,972.4302,2.8903,0.0
39,69,953.4036,2.8903,0.0
39,70,942.3249,2.8903,0.0
39,71,793.1059,2.8903,0.0
39,72,779.3004,2.8903,0.0
39,73,710.479,2.8903,0.0
39,74,599.1342,2.8903,0.0
39,75,609.3615,2.8903,0.0
39,76,551.689,2.8903,0.0
39,77,504.7716,2.8903,0.0
39,78,418.6696,2.8903,0.0
39,79,390.9131,2.8903,0.0
39,80,402.0942,2.8903,0.0
39,81,588.4579,2.8903,0.0
39,82,574.8974,2.8903,0.0
39,83,527.4831,2.8903,0.0
39,84,502.5688,2.8903,0.0
39,85,463.1644,2.8903,0.0
39,86,423.8939,2.8903,0.0
39,87,1430.0247,2.8903,0.0
39,88,1374.934,2.8903,0.0
39,89,1214.286,2.8903,0.0
39,90,1089.5911,2.8903,0.0
39,91,1082.1909,2.8903,0.0
39,92,1047.7793,2.8903,0.0
39,93,1079.5998,2.8903,0.0
39,94,1045.3553,2.8903,0.0
39,1,58.2755,2.8903,0.0
39,3,189.8894,2.8903,0.9865
39,4,242.008,2.8903,0.9808
39,5,184.2847,2.8903,0.9706
39,6,138.4353,2.8903,0.9868
39,7,95.8897,2.8903,0.9944
39,8,69.5806,2.8903,0.9925
39,9,47.5914,2.8903,0.9982
39,11,277.5701,2.8903,0.9684
39,12,429.5059,2.8903,0.9628
39,13,434.5102,2.8903,0.9648
39,14,348.3162,2.8903,0.9507
39,15,284.5819,2.8903,0.9947
39,16,240.1493,2.8903,0.9948
39,17,195.8267,2.8903,0.9972
39,19,381.7778,2.8903,0.9767
39,20,732.1243,2.8903,0.9831
39,21,381.4719,2.8903,1.8627
39,22,368.1481,2.8903,1.8299
39,23,360.7708,2.8903,1.9138
39,24,357.4837,2.8903,1.8269
39,25,328.6223,2.8903,1.6406
39,26,303.9644,2.8903,1.6483
39,27,289.9137,2.8903,1.7149
39,28,283.4424,2.8903,1.7937
39,29,280.2569,2.8903,0.9576
39,30,262.5735,2.8903,1.9419
39,31,430.7925,2.8903,0.9601
39,32,377.693,2.8903,0.9434
39,33,337.9057,2.8903,0.9889
39,34,308.092,2.8903,0.9901
39,35,270.881,2.8903,0.9974
39,37,455.246,2.8903,0.9738
39,38,890.744,2.8903,0.9801
39,39,679.4591,2.8903,1.9153
39,40,504.4325,2.8903,1.9355
39,41,509.4181,2.8903,1.9545
39,42,474.6807,2.8903,1.942
39,43,532.9719,2.8903,1.6682
39,44,413.1903,2.8903,1.8584
39,45,386.3915,2.8903,1.9003
39,46,358.6133,2.8903,1.863
39,47,346.936,2.8903,0.9679
39,48,342.9987,2.8903,1.9539
39,49,546.669,2.8903,0.9633
39,50,493.8129,2.8903,0.9514
39,51,461.8766,2.8903,0.9749
39,52,436.452,2.8903,0.9811
39,53,398.0382,2.8903,0.9968
39,55,537.9093,2.8903,0.9909
39,56,1154.9423,2.8903,0.9797
39,57,860.0465,2.8903,1.9373
39,59,540.0992,2.8903,2.9425
39,60,528.9145,2.8903,2.9455
39,61,512.0867,2.8903,2.9413
39,62,514.7308,2.8903,2.93
39,63,496.5039,2.8903,1.8286
39,64,518.0912,2.8903,2.8732
39,65,486.465,2.8903,2.9086
39,66,495.1913,2.8903,2.8965
39,67,461.6481,2.8903,2.9242
39,68,448.4531,2.8903,2.9282
39,69,445.6186,2.8903,2.9246
39,70,468.6784,2.8903,2.8482
39,71,430.6794,2.8903,2.9219
39,72,585.2116,2.8903,1.9254
39,73,542.5268,2.8903,1.9459
39,74,494.4099,2.8903,1.9292
39,75,500.7127,2.8903,1.8104
39,76,437.1359,2.8903,1.8858
39,77,410.9617,2.8903,1.8648
39,78,392.3386,2.8903,1.9188
39,79,374.9956,2.8903,0.9846
39,80,362.0333,2.8903,1.9896
39,81,586.4827,2.8903,0.9267
39,82,533.7582,2.8903,0.9383
39,83,517.1837,2.8903,0.982
39,84,502.6241,2.8903,0.9815
39,85,468.785,2.8903,0.9954
39,87,605.7876,2.8903,0.9705
39,88,1148.1563,2.8903,0.9662
39,89,639.1977,2.8903,2.907
39,90,738.6104,2.8903,2.8844
39,91,659.7771,2.8903,2.8738
39,92,582.4722,2.8903,2.8878
39,93,560.3237,2.8903,2.9095
39,94,675.9532,2.8903,1.9209
39,4,157.4277,2.8903,1.9697
39,5,154.528,2.8903,1.9441
39,6,112.668,2.8903,1.9985
39,7,89.9626,2.8903,2.0143
39,8,61.2796,2.8903,1.9887
39,12,279.6834,2.8903,1.9496
39,13,338.0153,2.8903,1.9311
39,14,323.8305,2.8903,1.9435
39,15,280.7471,2.8903,2.0102
39,16,235.2717,2.8903,1.9903
39,20,391.836,2.8903,1.9349
39,21,376.1623,2.8903,2.8999
39,22,380.7419,2.8903,3.8675
39,23,348.3728,2.8903,2.911
39,24,261.7042,2.8903,10.619
39,25,223.5637,2.8903,9.8849
39,26,219.4714,2.8903,9.1376
39,27,257.919,2.8903,2.9263
39,28,240.1326,2.8903,6.5458
39,31,340.6535,2.8903,1.9315
39,32,359.4274,2.8903,1.9447
39,33,328.9431,2.8903,1.9793
39,34,305.6508,2.8903,1.9812
39,38,469.2639,2.8903,1.9143
39,39,451.0845,2.8903,2.8903
40,1,36.5405,3.9106,0.9118
40,2,24.0883,3.9106,0.0
40,3,562.1583,3.9106,0.0
40,4,327.2192,3.9106,0.0
40,5,220.8361,3.9106,0.0
40,6,149.2658,3.9106,0.0
40,7,104.338,3.9106,0.0
40,8,78.9339,3.9106,0.0
40,9,59.7299,3.9106,0.0
40,10,45.8824,3.9106,0.0
40,11,672.4303,3.9106,0.0
40,12,520.6868,3.9106,0.0
40,13,480.7313,3.9106,0.0
40,14,379.4212,3.9106,0.0
40,15,296.0806,3.9106,0.0
40,16,245.7286,3.9106,0.0
40,17,200.6665,3.9106,0.0
40,18,164.0761,3.9106,0.0
40,19,1099.8393,3.9106,0.0
40,20,912.5205,3.9106,0.0
40,21,754.6182,3.9106,0.0
40,22,729.1622,3.9106,0.0
40,23,667.9695,3.9106,0.0
40,24,525.9535,3.9106,0.0
40,25,575.392,3.9106,0.0
40,26,451.413,3.9106,0.0
40,27,479.1089,3.9106,0.0
40,28,493.3692,3.9106,0.0
40,29,377.9964,3.9106,0.0
40,30,388.7295,3.9106,0.0
40,31,460.4959,3.9106,0.0
40,32,406.6196,3.9106,0.0
40,33,347.0371,3.9106,0.0
40,34,311.4245,3.9106,0.0
40,35,272.491,3.9106,0.0
40,36,236.8855,3.9106,0.0
40,37,1232.9252,3.9106,0.0
40,38,1086.8394,3.9106,0.0
40,39,953.4821,3.9106,0.0
40,40,857.6011,3.9106,0.0
40,41,782.3088,3.9106,0.0
40,42,604.1475,3.9106,0.0
40,43,674.0068,3.9106,0.0
40,44,513.6197,3.9106,0.0
40,45,561.6169,3.9106,0.0
40,46,520.8781,3.9106,0.0
40,47,433.9278,3.9106,0.0
40,48,459.0164,3.9106,0.0
40,49,575.802,3.9106,0.0
40,50,533.0732,3.9106,0.0
40,51,475.3821,3.9106,0.0
40,52,441.1513,3.9106,0.0
40,53,398.8895,3.9106,0.0
40,54,358.5675,3.9106,0.0
40,55,1502.0119,3.9106,0.0
40,56,1384.6011,3.9106,0.0
40,57,1218.3604,3.9106,0.0
40,58,561.4468,3.9106,2.7991
40,59,1227.1618,3.9106,0.0
40,60,1178.7222,3.9106,0.0
40,61,1149.2501,3.9106,0.0
40,62,1122.1393,3.9106,0.0
40,63,1098.1031,3.9106,0.0
40,64,864.5896,3.9106,0.0
40,65,970.8551,3.9106,0.0
40,66,936.5992,3.9106,0.0
40,67,990.844,3.9106,0.0
40,68,969.8725,3.9106,0.0
40,69,950.9799,3.9106,0.0
40,70,939.8169,3.9106,0.0
40,71,792.5089,3.9106,0.0
40,72,780.627,3.9106,0.0
40,73,712.7902,3.9106,0.0
40,74,601.8801,3.9106,0.0
40,75,612.4907,3.9106,0.0
40,76,555.2609,3.9106,0.0
40,77,508.5899,3.9106,0.0
40,78,422.3535,3.9106,0.0
40,79,394.5421,3.9106,0.0
40,80,406.0045,3.9106,0.0
40,81,590.9783,3.9106,0.0
40,82,578.4188,3.9106,0.0
40,83,531.8665,3.9106,0.0
40,84,507.3933,3.9106,0.0
40,85,468.329,3.9106,0.0
40,86,429.2215,3.9106,0.0
40,87,1420.1434,3.9106,0.0
40,88,1370.1849,3.9106,0.0
40,89,1212.751,3.9106,0.0
40,90,1091.0589,3.9106,0.0
40,91,1082.3309,3.9106,0.0
40,92,1047.982,3.9106,0.0
40,93,1078.0658,3.9106,0.0
40,94,1044.1684,3.9106,0.0
40,1,58.8625,3.9106,0.0
40,3,190.2283,3.9106,0.9865
40,4,242.7264,3.9106,0.9808
40,5,185.7762,3.9106,0.9706
40,6,139.9877,3.9106,0.9868
40,7,97.2881,3.9106,0.9944
40,8,70.7865,3.9106,0.9925
40,9,48.5769,3.9106,0.9982
40,11,277.7936,3.9106,0.9684
40,12,429.6462,3.9106,0.9628
40,13,435.7814,3.9106,0.9648
40,14,350.7076,3.9106,0.9507
40,15,287.383,3.9106,0.9947
40,16,243.0089,3.9106,0.9948
40,17,198.5775,3.9106,0.9972
40,19,383.0224,3.9106,0.9767
40,20,729.6211,3.9106,0.9831
40,21,383.8645,3.9106,1.8627
40,22,370.5158,3.9106,1.8299
40,23,363.0711,3.9106,1.9138
40,24,359.6267,3.9106,1.8269
40,25,331.1873,3.9106,1.6406
40,26,306.5124,3.9106,1.6483
40,27,292.3514,3.9106,1.7149
40,28,285.7823,3.9106,1.7937
40,29,282.1724,3.9106,0.9576
40,30,265.0402,3.9106,1.9419
40,31,432.6309,3.9106,0.9601
40,32,380.4575,3.9106,0.9434
40,33,341.1482,3.9106,0.9889
40,34,311.5368,3.9106,0.9901
40,35,274.3837,3.9106,0.9974
40,37,457.0717,3.9106,0.9738
40,38,887.481,3.9106,0.9801
40,39,680.2683,3.9106,1.9153
40,40,507.5216,3.9106,1.9355
40,41,512.4995,3.9106,1.9545
40,42,477.887,3.9106,1.942
40,43,535.3153,3.9106,1.6682
40,44,416.7152,3.9106,1.8584
40,45,389.7673,3.9106,1.9003
40,46,361.8771,3.9106,1.863
40,47,349.9975,3.9106,0.9679
40,48,346.4792,3.9106,1.9539
40,49,549.0572,3.9106,0.9633
40,50,497.2424,3.9106,0.9514
40,51,465.9289,3.9106,0.9749
40,52,440.8392,3.9106,0.9811
40,53,402.6413,3.9106,0.9968
40,55,541.1259,3.9106,0.9909
40,56,1149.7163,3.9106,0.9797
40,57,860.7503,3.9106,1.9373
40,59,544.5203,3.9106,2.9425
40,60,533.2574,3.9106,2.9455
40,61,516.3573,3.9106,2.9413
40,62,518.8345,3.9106,2.93
40,63,499.8637,3.9106,1.8286
40,64,522.1512,3.9106,2.8732
40,65,490.4332,3.9106,2.9086
40,66,498.9051,3.9106,2.8965
40,67,465.5596,3.9106,2.9242
40,68,452.3068,3.9106,2.9282
40,69,449.4035,3.9106,2.9246
40,70,472.3967,3.9106,2.8482
40,71,434.4148,3.9106,2.9219
40,72,587.7889,3.9106,1.9254
40,73,545.7275,3.9106,1.9459
40,74,498.0917,3.9106,1.9292
40,75,503.7649,3.9106,1.8104
40,76,441.3526,3.9106,1.8858
40,77,415.1517,3.9106,1.8648
40,78,396.4686,3.9106,1.9188
40,79,378.9334,3.9106,0.9846
40,80,366.2855,3.9106,1.9896
40,81,589.3899,3.9106,0.9267
40,82,537.734,3.9106,0.9383
40,83,521.7376,3.9106,0.982
40,84,507.5476,3.9106,0.9815
40,85,474.0194,3.9106,0.9954
40,87,609.5011,3.9106,0.9705
40,88,1144.7357,3.9106,0.9662
40,89,644.3806,3.9106,2.907
40,90,743.0278,3.9106,2.8844
40,91,664.2618,3.9106,2.8738
40,92,587.4053,3.9106,2.8878
40,93,565.283,3.9106,2.9095
40,94,678.8516,3.9106,1.9209
40,4,158.7442,3.9106,1.9697
40,5,155.9706,3.9106,1.9441
40,6,114.1335,3.9106,1.9985
40,7,91.3072,3.9106,2.0143
40,8,62.3893,3.9106,1.9887
40,12,281.295,3.9106,1.9496
40,13,339.8622,3.9106,1.9311
40,14,326.2431,3.9106,1.9435
40,15,283.4537,3.9106,2.0102
40,16,238.0843,3.9106,1.9903
40,20,394.111,3.9106,1.9349
40,21,378.9395,3.9106,2.8999
40,22,383.5999,3.9106,3.8675
40,23,350.9659,3.9106,2.911
40,24,264.3347,3.9106,10.619
40,25,226.1684,3.9106,9.8849
40,26,221.9858,3.9106,9.1376
40,27,260.2108,3.9106,2.9263
40,28,242.4422,3.9106,6.5458
40,31,343.052,3.9106,1.9315
40,32,362.2407,3.9106,1.9447
40,33,332.1968,3.9106,1.9793
40,34,309.0838,3.9106,1.9812
40,38,472.1081,3.9106,1.9143
40,39,454.7356,3.9106,2.8903
40,40,458.6896,3.9106,3.9106
41,1,35.3152,2.9225,0.9118
41,2,23.3592,2.9225,0.0
41,3,549.6114,2.9225,0.0
41,4,316.7162,2.9225,0.0
41,5,213.3735,2.9225,0.0
41,6,144.2558,2.9225,0.0
41,7,100.946,2.9225,0.0
41,8,76.4658,2.9225,0.0
41,9,57.9467,2.9225,0.0
41,10,44.5776,2.9225,0.0
41,11,657.1151,2.9225,0.0
41,12,504.6753,2.9225,0.0
41,13,465.2259,2.9225,0.0
41,14,366.6169,2.9225,0.0
41,15,285.9926,2.9225,0.0
41,16,237.4448,2.9225,0.0
41,17,194.0301,2.9225,0.0
41,18,158.7915,2.9225,0.0
41,19,1078.8336,2.9225,0.0
41,20,887.6167,2.9225,0.0
41,21,733.0114,2.9225,0.0
41,22,707.8111,2.9225,0.0
41,23,648.112,2.9225,0.0
41,24,510.7385,2.9225,0.0
41,25,557.9514,2.9225,0.0
41,26,438.0603,2.9225,0.0
41,27,464.0668,2.9225,0.0
41,28,478.0372,2.9225,0.0
41,29,366.6648,2.9225,0.0
41,30,376.2399,2.9225,0.0
41,31,445.7279,2.9225,0.0
41,32,393.0366,2.9225,0.0
41,33,335.2921,2.9225,0.0
41,34,300.9258,2.9225,0.0
41,35,263.4034,2.9225,0.0
41,36,229.1191,2.9225,0.0
41,37,1209.2081,2.9225,0.0
41,38,1057.8748,2.9225,0.0
41,39,926.1439,2.9225,0.0
41,40,832.1743,2.9225,0.0
41,41,758.7789,2.9225,0.0
41,42,585.8126,2.9225,0.0
41,43,653.6028,2.9225,0.0
41,44,497.9286,2.9225,0.0
41,45,544.0821,2.9225,0.0
41,46,504.5037,2.9225,0.0
41,47,420.8552,2.9225,0.0
41,48,444.4932,2.9225,0.0
41,49,557.934,2.9225,0.0
41,50,515.7374,2.9225,0.0
41,51,459.575,2.9225,0.0
41,52,426.4202,2.9225,0.0
41,53,385.5923,2.9225,0.0
41,54,346.7063,2.9225,0.0
41,55,1473.797,2.9225,0.0
41,56,1349.397,2.9225,0.0
41,57,1184.661,2.9225,0.0
41,58,543.0506,2.9225,2.7991
41,59,1195.2654,2.9225,0.0
41,60,1147.4757,2.9225,0.0
41,61,1118.6278,2.9225,0.0
41,62,1092.1025,2.9225,0.0
41,63,1068.5805,2.9225,0.0
41,64,840.0098,2.9225,0.0
41,65,947.3214,2.9225,0.0
41,66,913.6348,2.9225,0.0
41,67,963.5525,2.9225,0.0
41,68,943.0626,2.9225,0.0
41,69,924.5841,2.9225,0.0
41,70,913.774,2.9225,0.0
41,71,769.7801,2.9225,0.0
41,72,756.6313,2.9225,0.0
41,73,690.3939,2.9225,0.0
41,74,583.0888,2.9225,0.0
41,75,593.0872,2.9225,0.0
41,76,537.463,2.9225,0.0
41,77,492.1917,2.9225,0.0
41,78,408.9156,2.9225,0.0
41,79,382.05,2.9225,0.0
41,80,392.9405,2.9225,0.0
41,81,573.0274,2.9225,0.0
41,82,559.9755,2.9225,0.0
41,83,514.4452,2.9225,0.0
41,84,490.6394,2.9225,0.0
41,85,452.8196,2.9225,0.0
41,86,415.0605,2.9225,0.0
41,87,1390.4637,2.9225,0.0
41,88,1333.9556,2.9225,0.0
41,89,1178.2143,2.9225,0.0
41,90,1058.2704,2.9225,0.0
41,91,1051.1231,2.9225,0.0
41,92,1017.7328,2.9225,0.0
41,93,1048.1038,2.9225,0.0
41,94,1014.8828,2.9225,0.0
41,1,56.8466,2.9225,0.0
41,3,184.1222,2.9225,0.9865
41,4,234.9568,2.9225,0.9808
41,5,179.5291,2.9225,0.9706
41,6,135.3493,2.9225,0.9868
41,7,94.1631,2.9225,0.9944
41,8,68.6087,2.9225,0.9925
41,9,47.1941,2.9225,0.9982
41,11,269.1778,2.9225,0.9684
41,12,416.4183,2.9225,0.9628
41,13,421.6461,2.9225,0.9648
41,14,338.8785,2.9225,0.9507
41,15,277.6188,2.9225,0.9947
41,16,234.8321,2.9225,0.9948
41,17,192.0192,2.9225,0.9972
41,19,371.4433,2.9225,0.9767
41,20,710.7573,2.9225,0.9831
41,21,371.3244,2.9225,1.8627
41,22,358.5232,2.9225,1.8299
41,23,351.3471,2.9225,1.9138
41,24,348.1021,2.9225,1.8269
41,25,320.2256,2.9225,1.6406
41,26,296.3749,2.9225,1.6483
41,27,282.7396,2.9225,1.7149
41,28,276.4113,2.9225,1.7937
41,29,273.1065,2.9225,0.9576
41,30,256.2171,2.9225,1.9419
41,31,418.6209,2.9225,0.9601
41,32,367.7137,2.9225,0.9434
41,33,329.6139,2.9225,0.9889
41,34,301.0426,2.9225,0.9901
41,35,265.234,2.9225,0.9974
41,37,443.2682,2.9225,0.9738
41,38,865.2462,2.9225,0.9801
41,39,660.7377,2.9225,1.9153
41,40,491.3081,2.9225,1.9355
41,41,496.1127,2.9225,1.9545
41,42,462.6546,2.9225,1.942
41,43,519.0845,2.9225,1.6682
41,44,403.2032,2.9225,1.8584
41,45,377.2249,2.9225,1.9003
41,46,350.291,2.9225,1.863
41,47,338.8335,2.9225,0.9679
41,48,335.1312,2.9225,1.9539
41,49,531.772,2.9225,0.9633
41,50,480.9564,2.9225,0.9514
41,51,450.4159,2.9225,0.9749
41,52,426.1118,2.9225,0.9811
41,53,389.2112,2.9225,0.9968
41,55,524.1562,2.9225,0.9909
41,56,1122.7672,2.9225,0.9797
41,57,836.5504,2.9225,1.9373
41,59,526.6759,2.9225,2.9425
41,60,515.7797,2.9225,2.9455
41,61,499.4343,2.9225,2.9413
41,62,501.917,2.9225,2.93
41,63,483.8542,2.9225,1.8286
41,64,505.062,2.9225,2.8732
41,65,474.3613,2.9225,2.9086
41,66,482.738,2.9225,2.8965
41,67,450.2413,2.9225,2.9242
41,68,437.4079,2.9225,2.9282
41,69,434.6007,2.9225,2.9246
41,70,456.7992,2.9225,2.8482
41,71,420.0614,2.9225,2.9219
41,72,569.5935,2.9225,1.9254
41,73,528.5265,2.9225,1.9459
41,74,482.148,2.9225,1.9292
41,75,487.9361,2.9225,1.8104
41,76,426.9773,2.9225,1.8858
41,77,401.6831,2.9225,1.8648
41,78,383.6596,2.9225,1.9188
41,79,366.807,2.9225,0.9846
41,80,354.378,2.9225,1.9896
41,81,571.1344,2.9225,0.9267
41,82,520.3442,2.9225,0.9383
41,83,504.5697,2.9225,0.982
41,84,490.7521,2.9225,0.9815
41,85,458.301,2.9225,0.9954
41,87,590.308,2.9225,0.9705
41,88,1116.0377,2.9225,0.9662
41,89,623.2027,2.9225,2.907
41,90,719.7804,2.9225,2.8844
41,91,643.7098,2.9225,2.8738
41,92,568.4114,2.9225,2.8878
41,93,546.9287,2.9225,2.9095
41,94,658.5955,2.9225,1.9209
41,4,153.2948,2.9225,1.9697
41,5,150.7698,2.9225,1.9441
41,6,110.3639,2.9225,1.9985
41,7,88.3944,2.9225,2.0143
41,8,60.5217,2.9225,1.9887
41,12,271.7876,2.9225,1.9496
41,13,328.5727,2.9225,1.9311
41,14,315.2073,2.9225,1.9435
41,15,273.8649,2.9225,2.0102
41,16,230.0871,2.9225,1.9903
41,20,381.2592,2.9225,1.9349
41,21,366.3716,2.9225,2.8999
41,22,370.88,2.9225,3.8675
41,23,339.491,2.9225,2.911
41,24,255.7658,2.9225,10.619
41,25,218.8458,2.9225,9.8849
41,26,214.8053,2.9225,9.1376
41,27,251.7856,2.9225,2.9263
41,28,234.5558,2.9225,6.5458
41,31,331.6718,2.9225,1.9315
41,32,350.0801,2.9225,1.9447
41,33,320.9667,2.9225,1.9793
41,34,298.6808,2.9225,1.9812
41,38,456.8822,2.9225,1.9143
41,39,439.6548,2.9225,2.8903
41,40,443.4182,2.9225,3.9106
41,41,428.8962,2.9225,2.9225
42,1,31.6681,11.056,0.9118
42,2,21.3516,11.056,0.0
42,3,461.5751,11.056,0.0
42,4,273.5446,11.056,0.0
42,5,187.4666,11.056,0.0
42,6,128.4978,11.056,0.0
42,7,90.9043,11.056,0.0
42,8,69.4181,11.056,0.0
42,9,52.9845,11.056,0.0
42,10,41.0035,11.056,0.0
42,11,553.0357,11.056,0.0
42,12,433.8278,11.056,0.0
42,13,403.2914,11.056,0.0
42,14,321.5163,11.056,0.0
42,15,253.4123,11.056,0.0
42,16,211.9069,11.056,0.0
42,17,174.392,11.056,0.0
42,18,143.6389,11.056,0.0
42,19,905.0848,11.056,0.0
42,20,757.0858,11.056,0.0
42,21,627.556,11.056,0.0
42,22,608.3,11.056,0.0
42,23,558.2324,11.056,0.0
42,24,440.5516,11.056,0.0
42,25,482.1362,11.056,0.0
42,26,379.2688,11.056,0.0
42,27,403.1484,11.056,0.0
42,28,414.3156,11.056,0.0
42,29,318.3239,11.056,0.0
42,30,328.4707,11.056,0.0
42,31,388.0446,11.056,0.0
42,32,345.1578,11.056,0.0
42,33,296.9165,11.056,0.0
42,34,267.9623,11.056,0.0
42,35,235.9264,11.056,0.0
42,36,206.3637,11.056,0.0
42,37,1016.3718,11.056,0.0
42,38,902.1097,11.056,0.0
42,39,795.1764,11.056,0.0
42,40,717.6632,11.056,0.0
42,41,656.3774,11.056,0.0
42,42,509.7424,11.056,0.0
42,43,567.4441,11.056,0.0
42,44,435.0888,11.056,0.0
42,45,475.0273,11.056,0.0
42,46,441.3319,11.056,0.0
42,47,368.2898,11.056,0.0
42,48,389.83,11.056,0.0
42,49,486.2116,11.056,0.0
42,50,452.4616,11.056,0.0
42,51,406.0312,11.056,0.0
42,52,378.4312,11.056,0.0
42,53,343.9096,11.056,0.0
42,54,310.7442,11.056,0.0
42,55,1239.1934,11.056,0.0
42,56,1148.5106,11.056,0.0
42,57,1015.1154,11.056,0.0
42,58,479.4247,11.056,2.7991
42,59,1019.8084,11.056,0.0
42,60,980.1462,11.056,0.0
42,61,955.7891,11.056,0.0
42,62,933.3543,11.056,0.0
42,63,913.4679,11.056,0.0
42,64,723.9342,11.056,0.0
42,65,807.7328,11.056,0.0
42,66,779.9682,11.056,0.0
42,67,825.0243,11.056,0.0
42,68,807.5992,11.056,0.0
42,69,791.9602,11.056,0.0
42,70,782.4179,11.056,0.0
42,71,662.6977,11.056,0.0
42,72,655.7541,11.056,0.0
42,73,601.0596,11.056,0.0
42,74,509.8157,11.056,0.0
42,75,519.3135,11.056,0.0
42,76,472.4957,11.056,0.0
42,77,434.1316,11.056,0.0
42,78,362.2168,11.056,0.0
42,79,338.9881,11.056,0.0
42,80,348.9752,11.056,0.0
42,81,500.8333,11.056,0.0
42,82,491.8144,11.056,0.0
42,83,454.5781,11.056,0.0
42,84,435.1405,11.056,0.0
42,85,403.4489,11.056,0.0
42,86,371.4277,11.056,0.0
42,87,1175.8873,11.056,0.0
42,88,1139.5556,11.056,0.0
42,89,1012.7341,11.056,0.0
42,90,916.5263,11.056,0.0
42,91,907.4304,11.056,0.0
42,92,878.8304,11.056,0.0
42,93,901.047,11.056,0.0
42,94,873.1869,11.056,0.0
42,1,50.4173,11.056,0.0
42,3,159.4404,11.056,0.9865
42,4,204.1519,11.056,0.9808
42,5,158.3563,11.056,0.9706
42,6,120.5946,11.056,0.9868
42,7,84.8582,11.056,0.9944
42,8,62.4324,11.056,0.9925
42,9,43.476,11.056,0.9982
42,11,232.5932,11.056,0.9684
42,12,359.1888,11.056,0.9628
42,13,366.3171,11.056,0.9648
42,14,297.7436,11.056,0.9507
42,15,246.1086,11.056,0.9947
42,16,209.5599,11.056,0.9948
42,17,172.5758,11.056,0.9972
42,19,323.6381,11.056,0.9767
42,20,607.0919,11.056,0.9831
42,21,326.0787,11.056,1.8627
42,22,314.9983,11.056,1.8299
42,23,308.6801,11.056,1.9138
42,24,305.5273,11.056,1.8269
42,25,282.4334,11.056,1.6406
42,26,261.863,11.056,1.6483
42,27,249.8695,11.056,1.7149
42,28,244.1847,11.056,1.7937
42,29,240.3673,11.056,0.9576
42,30,227.0405,11.056,1.9419
42,31,365.2802,11.056,0.9601
42,32,323.6293,11.056,0.9434
42,33,292.0475,11.056,0.9889
42,34,268.0526,11.056,0.9901
42,35,237.5019,11.056,0.9974
42,37,387.1236,11.056,0.9738
42,38,738.6401,11.056,0.9801
42,39,571.853,11.056,1.9153
42,40,431.3512,11.056,1.9355
42,41,435.5692,11.056,1.9545
42,42,407.0659,11.056,1.942
42,43,453.7197,11.056,1.6682
42,44,356.6338,11.056,1.8584
42,45,333.9387,11.056,1.9003
42,46,310.5005,11.056,1.863
42,47,300.1493,11.056,0.9679
42,48,297.8478,11.056,1.9539
42,49,464.5679,11.056,0.9633
42,50,423.157,11.056,0.9514
42,51,398.3318,11.056,0.9749
42,52,378.2579,11.056,0.9811
42,53,347.1,11.056,0.9968
42,55,460.1263,11.056,0.9909
42,56,956.0229,11.056,0.9797
42,57,723.2437,11.056,1.9373
42,59,465.1818,11.056,2.9425
42,60,455.5995,11.056,2.9455
42,61,441.3364,11.056,2.9413
42,62,443.0547,11.056,2.93
42,63,425.7815,11.056,1.8286
42,64,445.6125,11.056,2.8732
42,65,418.9542,11.056,2.9086
42,66,425.555,11.056,2.8965
42,67,397.9983,11.056,2.9242
42,68,386.7854,11.056,2.9282
42,69,384.1823,11.056,2.9246
42,70,403.0686,11.056,2.8482
42,71,371.5016,11.056,2.9219
42,72,497.5872,11.056,1.9254
42,73,463.7843,11.056,1.9459
42,74,425.063,11.056,1.9292
42,75,428.5383,11.056,1.8104
42,76,378.8885,11.056,1.8858
42,77,357.1156,11.056,1.8648
42,78,341.4967,11.056,1.9188
42,79,326.5738,11.056,0.9846
42,80,316.5633,11.056,1.9896
42,81,500.0588,11.056,0.9267
42,82,458.7239,11.056,0.9383
42,83,446.4655,11.056,0.982
42,84,435.4646,11.056,0.9815
42,85,408.3283,11.056,0.9954
42,87,518.3775,11.056,0.9705
42,88,954.6301,11.056,0.9662
42,89,550.2508,11.056,2.907
42,90,631.7419,11.056,2.8844
42,91,566.3773,11.056,2.8738
42,92,502.6517,11.056,2.8878
42,93,484.2162,11.056,2.9095
42,94,575.6198,11.056,1.9209
42,4,135.2428,11.056,1.9697
42,5,133.509,11.056,1.9441
42,6,98.8903,11.056,1.9985
42,7,79.7672,11.056,2.0143
42,8,55.2484,11.056,1.9887
42,12,238.0169,11.056,1.9496
42,13,287.5225,11.056,1.9311
42,14,277.4312,11.056,1.9435
42,15,242.6676,11.056,2.0102
42,16,205.3695,11.056,1.9903
42,20,334.3206,11.056,1.9349
42,21,322.6655,11.056,2.8999
42,22,326.767,11.056,3.8675
42,23,299.1495,11.056,2.911
42,24,227.2947,11.056,10.619
42,25,195.4456,11.056,9.8849
42,26,191.7333,11.056,9.1376
42,27,222.9546,11.056,2.9263
42,28,208.157,11.056,6.5458
42,31,291.7241,11.056,1.9315
42,32,308.5781,11.056,1.9447
42,33,284.6411,11.056,1.9793
42,34,265.9986,11.056,1.9812
42,38,401.0541,11.056,1.9143
42,39,388.0718,11.056,2.8903
42,40,392.0655,11.056,3.9106
42,41,379.2075,11.056,2.9225
42,42,337.1075,11.056,11.056
43,1,28.2627,9.5402,0.9118
43,2,19.3556,9.5402,0.0
43,3,391.4255,9.5402,0.0
43,4,236.8457,9.5402,0.0
43,5,164.5777,9.5402,0.0
43,6,114.0774,9.5402,0.0
43,7,81.4217,9.5402,0.0
43,8,62.5886,9.5402,0.0
43,9,48.054,9.5402,0.0
43,10,37.3723,9.5402,0.0
43,11,469.7696,9.5402,0.0
43,12,374.2691,9.5402,0.0
43,13,350.2804,9.5402,0.0
43,14,281.848,9.5402,0.0
43,15,224.0034,9.5402,0.0
43,16,188.4044,9.5402,0.0
43,17,155.9405,9.5402,0.0
43,18,129.1105,9.5402,0.0
43,19,767.9339,9.5402,0.0
43,20,649.5,9.5402,0.0
43,21,539.8662,9.5402,0.0
43,22,524.9173,9.5402,0.0
43,23,482.5622,9.5402,0.0
43,24,381.4006,9.5402,0.0
43,25,417.8614,9.5402,0.0
43,26,329.3116,9.5402,0.0
43,27,350.8564,9.5402,0.0
43,28,359.9017,9.5402,0.0
43,29,276.997,9.5402,0.0
43,30,286.9927,9.5402,0.0
43,31,338.2627,9.5402,0.0
43,32,302.9389,9.5402,0.0
43,33,262.348,9.5402,0.0
43,34,237.8235,9.5402,0.0
43,35,210.3812,9.5402,0.0
43,36,184.8477,9.5402,0.0
43,37,863.7655,9.5402,0.0
43,38,773.9463,9.5402,0.0
43,39,685.7489,9.5402,0.0
43,40,621.0438,9.5402,0.0
43,41,569.4159,9.5402,0.0
43,42,444.3471,9.5402,0.0
43,43,493.743,9.5402,0.0
43,44,380.573,9.5402,0.0
43,45,415.1463,9.5402,0.0
43,46,386.2986,9.5402,0.0
43,47,322.5821,9.5402,0.0
43,48,341.9237,9.5402,0.0
43,49,424.3145,9.5402,0.0
43,50,396.892,9.5402,0.0
43,51,358.1519,9.5402,0.0
43,52,335.0059,9.5402,0.0
43,53,305.6667,9.5402,0.0
43,54,277.2771,9.5402,0.0
43,55,1053.7818,9.5402,0.0
43,56,984.1861,9.5402,0.0
43,57,874.2449,9.5402,0.0
43,58,422.6628,9.5402,2.7991
43,59,875.5927,9.5402,0.0
43,60,842.1651,9.5402,0.0
43,61,821.4043,9.5402,0.0
43,62,802.2571,9.5402,0.0
43,63,785.2898,9.5402,0.0
43,64,626.3824,9.5402,0.0
43,65,693.6613,9.5402,0.0
43,66,670.5114,9.5402,0.0
43,67,710.0771,9.5402,0.0
43,68,695.1436,9.5402,0.0
43,69,681.792,9.5402,0.0
43,70,673.3797,9.5402,0.0
43,71,572.8558,9.5402,0.0
43,72,569.6644,9.5402,0.0
43,73,524.0213,9.5402,0.0
43,74,446.0838,9.5402,0.0
43,75,454.886,9.5402,0.0
43,76,415.195,9.5402,0.0
43,77,382.4974,9.5402,0.0
43,78,320.2724,9.5402,0.0
43,79,300.1539,9.5402,0.0
43,80,309.195,9.5402,0.0
43,81,438.2248,9.5402,0.0
43,82,431.87,9.5402,0.0
43,83,401.07,9.5402,0.0
43,84,385.0417,9.5402,0.0
43,85,358.3106,9.5402,0.0
43,86,331.0301,9.5402,0.0
43,87,1004.0757,9.5402,0.0
43,88,979.253,9.5402,0.0
43,89,874.2843,9.5402,0.0
43,90,795.9004,9.5402,0.0
43,91,786.1896,9.5402,0.0
43,92,761.5579,9.5402,0.0
43,93,778.1249,9.5402,0.0
43,94,754.5169,9.5402,0.0
43,1,44.5963,9.5402,0.0
43,3,138.3613,9.5402,0.9865
43,4,177.6837,9.5402,0.9808
43,5,139.4763,9.5402,0.9706
43,6,107.0906,9.5402,0.9868
43,7,76.0532,9.5402,0.9944
43,8,56.3962,9.5402,0.9925
43,9,39.6668,9.5402,0.9982
43,11,201.5403,9.5402,0.9684
43,12,310.8083,9.5402,0.9628
43,13,318.7388,9.5402,0.9648
43,14,261.4105,9.5402,0.9507
43,15,217.6347,9.5402,0.9947
43,16,186.3093,9.5402,0.9948
43,17,154.3118,9.5402,0.9972
43,19,282.4384,9.5402,0.9767
43,20,521.8458,9.5402,0.9831
43,21,286.2241,9.5402,1.8627
43,22,276.6567,9.5402,1.8299
43,23,271.1001,9.5402,1.9138
43,24,268.1325,9.5402,1.8269
43,25,248.7895,9.5402,1.6406
43,26,231.0081,9.5402,1.6483
43,27,220.4802,9.5402,1.7149
43,28,215.403,9.5402,1.7937
43,29,211.4238,9.5402,0.9576
43,30,200.7562,9.5402,1.9419
43,31,318.9968,9.5402,0.9601
43,32,284.5505,9.5402,0.9434
43,33,258.1617,9.5402,0.9889
43,34,237.8953,9.5402,0.9901
43,35,211.741,9.5402,0.9974
43,37,338.5014,9.5402,0.9738
43,38,634.8168,9.5402,0.9801
43,39,496.6399,9.5402,1.9153
43,40,378.6511,9.5402,1.9355
43,41,382.3225,9.5402,1.9545
43,42,357.9634,9.5402,1.942
43,43,397.0367,9.5402,1.6682
43,44,314.9171,9.5402,1.8584
43,45,295.1012,9.5402,1.9003
43,46,274.6918,9.5402,1.863
43,47,265.4033,9.5402,0.9679
43,48,264.0201,9.5402,1.9539
43,49,406.2117,9.5402,0.9633
43,50,372.041,9.5402,0.9514
43,51,351.639,9.5402,0.9749
43,52,334.923,9.5402,0.9811
43,53,308.4743,9.5402,0.9968
43,55,403.9077,9.5402,0.9909
43,56,820.4174,9.5402,0.9797
43,57,627.7003,9.5402,1.9373
43,59,410.2593,9.5402,2.9425
43,60,401.8371,9.5402,2.9455
43,61,389.3842,9.5402,2.9413
43,62,390.5841,9.5402,2.93
43,63,374.4473,9.5402,1.8286
43,64,392.6667,9.5402,2.8732
43,65,369.4767,9.5402,2.9086
43,66,374.7726,9.5402,2.8965
43,67,351.2333,9.5402,2.9242
43,68,341.4299,9.5402,2.9282
43,69,339.0464,9.5402,2.9246
43,70,355.1823,9.5402,2.8482
43,71,327.9709,9.5402,2.9219
43,72,435.1558,9.5402,1.9254
43,73,407.0101,9.5402,1.9459
43,74,374.3879,9.5402,1.9292
43,75,376.3463,9.5402,1.8104
43,76,335.4372,9.5402,1.8858
43,77,316.648,9.5402,1.8648
43,78,303.0984,9.5402,1.9188
43,79,289.9329,9.5402,0.9846
43,80,281.7677,9.5402,1.9896
43,81,438.1048,9.5402,0.9267
43,82,404.0065,9.5402,0.9383
43,83,394.3395,9.5402,0.982
43,84,385.4828,9.5402,0.9815
43,85,362.6374,9.5402,0.9954
43,87,455.1575,9.5402,0.9705
43,88,821.8739,9.5402,0.9662
43,89,485.1384,9.5402,2.907
43,90,554.5883,9.5402,2.8844
43,91,498.3202,9.5402,2.8738
43,92,443.8041,9.5402,2.8878
43,93,427.909,9.5402,2.9095
43,94,503.7865,9.5402,1.9209
43,4,119.1206,9.5402,1.9697
43,5,117.9758,9.5402,1.9441
43,6,88.2158,9.5402,1.9985
43,7,71.5723,9.5402,2.0143
43,8,50.0406,9.5402,1.9887
43,12,208.4131,9.5402,1.9496
43,13,251.6421,9.5402,1.9311
43,14,243.9188,9.5402,1.9435
43,15,214.5176,9.5402,2.0102
43,16,182.617,9.5402,1.9903
43,20,293.1198,9.5402,1.9349
43,21,283.8784,9.5402,2.8999
43,22,287.5807,9.5402,3.8675
43,23,263.3409,9.5402,2.911
43,24,201.4707,9.5402,10.619
43,25,173.9292,9.5402,9.8849
43,26,170.5557,9.5402,9.1376
43,27,197.068,9.5402,2.9263
43,28,184.3086,9.5402,6.5458
43,31,256.3933,9.5402,1.9315
43,32,271.6474,9.5402,1.9447
43,33,251.7973,9.5402,1.9793
43,34,236.1084,9.5402,1.9812
43,38,351.9564,9.5402,1.9143
43,39,342.0346,9.5402,2.8903
43,40,346.0266,9.5402,3.9106
43,41,334.7174,9.5402,2.9225
43,42,298.8508,9.5402,11.056
43,43,265.8654,9.5402,9.5402
44,1,26.8142,8.8895,0.9118
44,2,18.4864,8.8895,0.0
44,3,364.4102,8.8895,0.0
44,4,222.1489,8.8895,0.0
44,5,155.1628,8.8895,0.0
44,6,108.02,8.8895,0.0
44,7,77.3772,8.8895,0.0
44,8,59.646,8.8895,0.0
44,9,45.9133,8.8895,0.0
44,10,35.7884,8.8895,0.0
44,11,437.6491,8.8895,0.0
44,12,350.6141,8.8895,0.0
44,13,328.9434,8.8895,0.0
44,14,265.5808,8.8895,0.0
44,15,211.739,8.8895,0.0
44,16,178.4935,8.8895,0.0
44,17,148.0763,8.8895,0.0
44,18,122.8625,8.8895,0.0
44,19,715.2376,8.8895,0.0
44,20,607.2921,8.8895,0.0
44,21,505.2854,8.8895,0.0
44,22,491.8643,8.8895,0.0
44,23,452.4755,8.8895,0.0
44,24,357.8667,8.8895,0.0
44,25,392.1922,8.8895,0.0
44,26,309.338,8.8895,0.0
44,27,329.8121,8.8895,0.0
44,28,338.0805,8.8895,0.0
44,29,260.4199,8.8895,0.0
44,30,270.1794,8.8895,0.0
44,31,318.1224,8.8895,0.0
44,32,285.6102,8.8895,0.0
44,33,247.9607,8.8895,0.0
44,34,225.167,8.8895,0.0
44,35,199.5549,8.8895,0.0
44,36,175.6524,8.8895,0.0
44,37,805.0065,8.8895,0.0
44,38,723.6911,8.8895,0.0
44,39,642.4279,8.8895,0.0
44,40,582.5544,8.8895,0.0
44,41,534.6266,8.8895,0.0
44,42,417.9889,8.8895,0.0
44,43,464.1239,8.8895,0.0
44,44,358.484,8.8895,0.0
44,45,390.8937,8.8895,0.0
44,46,363.9513,8.8895,0.0
44,47,304.055,8.8895,0.0
44,48,322.4084,8.8895,0.0
44,49,399.3109,8.8895,0.0
44,50,374.187,8.8895,0.0
44,51,338.3541,8.8895,0.0
44,52,316.9123,8.8895,0.0
44,53,289.6001,8.8895,0.0
44,54,263.1051,8.8895,0.0
44,55,982.3016,8.8895,0.0
44,56,919.911,8.8895,0.0
44,57,818.6281,8.8895,0.0
44,58,399.2351,8.8895,2.7991
44,59,819.0425,8.8895,0.0
44,60,787.9846,8.8895,0.0
44,61,768.6159,8.8895,0.0
44,62,750.7432,8.8895,0.0
44,63,734.9066,8.8895,0.0
44,64,587.6156,8.8895,0.0
44,65,648.9904,8.8895,0.0
44,66,627.5659,8.8895,0.0
44,67,664.7955,8.8895,0.0
44,68,650.8338,8.8895,0.0
44,69,638.3682,8.8895,0.0
44,70,630.4213,8.8895,0.0
44,71,537.1925,8.8895,0.0
44,72,535.116,8.8895,0.0
44,73,492.9016,8.8895,0.0
44,74,420.197,8.8895,0.0
44,75,428.6524,8.8895,0.0
44,76,391.7261,8.8895,0.0
44,77,361.2481,8.8895,0.0
44,78,302.9243,8.8895,0.0
44,79,284.0633,8.8895,0.0
44,80,292.6744,8.8895,0.0
44,81,412.8587,8.8895,0.0
44,82,407.3744,8.8895,0.0
44,83,378.974,8.8895,0.0
44,84,364.2197,8.8895,0.0
44,85,339.4027,8.8895,0.0
44,86,313.9849,8.8895,0.0
44,87,937.3847,8.8895,0.0
44,88,916.2401,8.8895,0.0
44,89,819.4093,8.8895,0.0
44,90,747.5898,8.8895,0.0
44,91,737.8924,8.8895,0.0
44,92,714.8344,8.8895,0.0
44,93,729.4873,8.8895,0.0
44,94,707.5095,8.8895,0.0
44,1,42.1627,8.8895,0.0
44,3,129.8907,8.8895,0.9865
44,4,166.9872,8.8895,0.9808
44,5,131.665,8.8895,0.9706
44,6,101.4184,8.8895,0.9868
44,7,72.295,8.8895,0.9944
44,8,53.7863,8.8895,0.9925
44,9,37.9961,8.8895,0.9982
44,11,189.13,8.8895,0.9684
44,12,291.4916,8.8895,0.9628
44,13,299.5256,8.8895,0.9648
44,14,246.468,8.8895,0.9507
44,15,205.7533,8.8895,0.9947
44,16,176.5078,8.8895,0.9948
44,17,146.5298,8.8895,0.9972
44,19,265.8033,8.8895,0.9767
44,20,488.3352,8.8895,0.9831
44,21,269.9059,8.8895,1.8627
44,22,260.9491,8.8895,1.8299
44,23,255.7125,8.8895,1.9138
44,24,252.8515,8.8895,1.8269
44,25,234.9229,8.8895,1.6406
44,26,218.2588,8.8895,1.6483
44,27,208.3381,8.8895,1.7149
44,28,203.5228,8.8895,1.7937
44,29,199.5641,8.8895,0.9576
44,30,189.8458,8.8895,1.9419
44,31,300.2053,8.8895,0.9601
44,32,268.4538,8.8895,0.9434
44,33,244.0467,8.8895,0.9889
44,34,225.233,8.8895,0.9901
44,35,200.8289,8.8895,0.9974
44,37,318.8041,8.8895,0.9738
44,38,594.0387,8.8895,0.9801
44,39,466.5106,8.8895,1.9153
44,40,357.0819,8.8895,1.9355
44,41,360.543,8.8895,1.9545
44,42,337.8186,8.8895,1.942
44,43,374.0345,8.8895,1.6682
44,44,297.6676,8.8895,1.8584
44,45,279.0333,8.8895,1.9003
44,46,259.8584,8.8895,1.863
44,47,251.0367,8.8895,0.9679
44,48,249.936,8.8895,1.9539
44,49,382.5457,8.8895,0.9633
44,50,351.0591,8.8895,0.9514
44,51,332.2995,8.8895,0.9749
44,52,316.8578,8.8895,0.9811
44,53,292.2483,8.8895,0.9968
44,55,380.901,8.8895,0.9909
44,56,767.3168,8.8895,0.9797
44,57,589.4768,8.8895,1.9373
44,59,387.5759,8.8895,2.9425
44,60,379.6309,8.8895,2.9455
44,61,367.9133,8.8895,2.9413
44,62,368.9368,8.8895,2.93
44,63,353.3996,8.8895,1.8286
44,64,370.835,8.8895,2.8732
44,65,349.0479,8.8895,2.9086
44,66,353.87,8.8895,2.8965
44,67,331.8942,8.8895,2.9242
44,68,322.663,8.8895,2.9282
44,69,320.3788,8.8895,2.9246
44,70,335.4266,8.8895,2.8482
44,71,309.9502,8.8895,2.9219
44,72,409.8023,8.8895,1.9254
44,73,383.8019,8.8895,1.9459
44,74,353.5293,8.8895,1.9292
44,75,355.0036,8.8895,1.8104
44,76,317.3701,8.8895,1.8858
44,77,299.7835,8.8895,1.8648
44,78,287.077,8.8895,1.9188
44,79,274.6562,8.8895,0.9846
44,80,267.1668,8.8895,1.9896
44,81,412.9246,8.8895,0.9267
44,82,381.5077,8.8895,0.9383
44,83,372.761,8.8895,0.982
44,84,364.6873,8.8895,0.9815
44,85,343.4945,8.8895,0.9954
44,87,429.2648,8.8895,0.9705
44,88,769.5781,8.8895,0.9662
44,89,458.2519,8.8895,2.907
44,90,523.0508,8.8895,2.8844
44,91,470.4022,8.8895,2.8738
44,92,419.484,8.8895,2.8878
44,93,404.5998,8.8895,2.9095
44,94,474.6763,8.8895,1.9209
44,4,112.4391,8.8895,1.9697
44,5,111.5108,8.8895,1.9441
44,6,83.6946,8.8895,1.9985
44,7,68.072,8.8895,2.0143
44,8,47.7847,8.8895,1.9887
44,12,196.3102,8.8895,1.9496
44,13,236.9854,8.8895,1.9311
44,14,230.0988,8.8895,1.9435
44,15,202.7848,8.8895,2.0102
44,16,173.0241,8.8895,1.9903
44,20,276.2842,8.8895,1.9349
44,21,267.9088,8.8895,2.8999
44,22,271.4387,8.8895,3.8675
44,23,248.6021,8.8895,2.911
44,24,190.717,8.8895,10.619
44,25,164.9015,8.8895,9.8849
44,26,161.6818,8.8895,9.1376
44,27,186.3559,8.8895,2.9263
44,28,174.407,8.8895,6.5458
44,31,241.8646,8.8895,1.9315
44,32,256.3994,8.8895,1.9447
44,33,238.0966,8.8895,1.9793
44,34,223.5555,8.8895,1.9812
44,38,331.8687,8.8895,1.9143
44,39,323.0124,8.8895,2.8903
44,40,326.9477,8.8895,3.9106
44,41,316.299,8.8895,2.9225
44,42,282.8832,8.8895,11.056
44,43,252.0075,8.8895,9.5402
44,44,239.0071,8.8895,8.8895
45,1,26.9803,2.9696,0.9118
45,2,18.4026,2.9696,0.0
45,3,390.2766,2.9696,0.0
45,4,230.8996,2.9696,0.0
45,5,158.7124,2.9696,0.0
45,6,109.2841,2.9696,0.0
45,7,77.7074,2.9696,0.0
45,8,59.6194,2.9696,0.0
45,9,45.7289,2.9696,0.0
45,10,35.5563,2.9696,0.0
45,11,467.8086,2.9696,0.0
45,12,366.3245,2.9696,0.0
45,13,340.7455,2.9696,0.0
45,14,272.0913,2.9696,0.0
45,15,215.0145,2.9696,0.0
45,16,180.27,2.9696,0.0
45,17,148.8148,2.9696,0.0
45,18,122.9822,2.9696,0.0
45,19,767.4205,2.9696,0.0
45,20,640.1431,2.9696,0.0
45,21,530.5111,2.9696,0.0
45,22,514.4744,2.9696,0.0
45,23,472.2401,2.9696,0.0
45,24,373.2232,2.9696,0.0
45,25,408.0411,2.9696,0.0
45,26,321.485,2.9696,0.0
45,27,341.376,2.9696,0.0
45,28,350.7171,2.9696,0.0
45,29,269.9886,2.9696,0.0
45,30,278.362,2.9696,0.0
45,31,328.3978,2.9696,0.0
45,32,292.392,2.9696,0.0
45,33,252.0,2.9696,0.0
45,34,227.8311,2.9696,0.0
45,35,201.0472,2.9696,0.0
45,36,176.3002,2.9696,0.0
45,37,862.1222,2.9696,0.0
45,38,763.1756,2.9696,0.0
45,39,672.6836,2.9696,0.0
45,40,607.308,2.9696,0.0
45,41,555.7204,2.9696,0.0
45,42,432.2782,2.9696,0.0
45,43,480.9081,2.9696,0.0
45,44,369.4328,2.9696,0.0
45,45,402.9498,2.9696,0.0
45,46,374.5394,2.9696,0.0
45,47,313.1143,2.9696,0.0
45,48,331.0815,2.9696,0.0
45,49,412.2889,2.9696,0.0
45,50,383.7851,2.9696,0.0
45,51,344.8082,2.9696,0.0
45,52,321.7225,2.9696,0.0
45,53,292.8227,2.9696,0.0
45,54,265.0611,2.9696,0.0
45,55,1051.361,2.9696,0.0
45,56,972.1452,2.9696,0.0
45,57,859.0221,2.9696,0.0
45,58,407.2558,2.9696,2.7991
45,59,863.5344,2.9696,0.0
45,60,829.8526,2.9696,0.0
45,61,809.2032,2.9696,0.0
45,62,790.1791,2.9696,0.0
45,63,773.3122,2.9696,0.0
45,64,613.3959,2.9696,0.0
45,65,684.9715,2.9696,0.0
45,66,661.4373,2.9696,0.0
45,67,698.3448,2.9696,0.0
45,68,683.5612,2.9696,0.0
45,69,670.294,2.9696,0.0
45,70,662.1785,2.9696,0.0
45,71,561.189,2.9696,0.0
45,72,555.1063,2.9696,0.0
45,73,509.1475,2.9696,0.0
45,74,432.5391,2.9696,0.0
45,75,440.5866,2.9696,0.0
45,76,401.228,2.9696,0.0
45,77,368.9849,2.9696,0.0
45,78,308.4915,2.9696,0.0
45,79,288.9578,2.9696,0.0
45,80,297.3762,2.9696,0.0
45,81,425.4193,2.9696,0.0
45,82,417.683,2.9696,0.0
45,83,386.3661,2.9696,0.0
45,84,370.1147,2.9696,0.0
45,85,343.5805,2.9696,0.0
45,86,316.7738,2.9696,0.0
45,87,997.3856,2.9696,0.0
45,88,964.614,2.9696,0.0
45,89,857.2133,2.9696,0.0
45,90,776.3662,2.9696,0.0
45,91,768.9612,2.9696,0.0
45,92,744.7989,2.9696,0.0
45,93,763.5726,2.9696,0.0
45,94,739.9621,2.9696,0.0
45,1,42.7714,2.9696,0.0
45,3,134.6931,2.9696,0.9865
45,4,172.6021,2.9696,0.9808
45,5,134.2505,2.9696,0.9706
45,6,102.6155,2.9696,0.9868
45,7,72.5863,2.9696,0.9944
45,8,53.6934,2.9696,0.9925
45,9,37.6967,2.9696,0.9982
45,11,196.6926,2.9696,0.9684
45,12,303.5312,2.9696,0.9628
45,13,309.6367,2.9696,0.9648
45,14,252.1101,2.9696,0.9507
45,15,208.8723,2.9696,0.9947
45,16,178.2877,2.9696,0.9948
45,17,147.2755,2.9696,0.9972
45,19,274.5928,2.9696,0.9767
45,20,514.1385,2.9696,0.9831
45,21,276.5669,2.9696,1.8627
45,22,267.2985,2.9696,1.8299
45,23,261.9807,2.9696,1.9138
45,24,259.3191,2.9696,1.8269
45,25,239.7905,2.9696,1.6406
45,26,222.464,2.9696,1.6483
45,27,212.35,2.9696,1.7149
45,28,207.5282,2.9696,1.7937
45,29,204.2511,2.9696,0.9576
45,30,193.0221,2.9696,1.9419
45,31,309.2352,2.9696,0.9601
45,32,274.299,2.9696,0.9434
45,33,247.9167,2.9696,0.9889
45,34,227.9132,2.9696,0.9901
45,35,202.3758,2.9696,0.9974
45,37,328.6889,2.9696,0.9738
45,38,625.8949,2.9696,0.9801
45,39,484.7257,2.9696,1.9153
45,40,366.0539,2.9696,1.9355
45,41,369.6744,2.9696,1.9545
45,42,345.76,2.9696,1.942
45,43,385.2595,2.9696,1.6682
45,44,303.2934,2.9696,1.8584
45,45,284.1821,2.9696,1.9003
45,46,264.4321,2.9696,1.863
45,47,255.6479,2.9696,0.9679
45,48,253.6663,2.9696,1.9539
45,49,394.037,2.9696,0.9633
45,50,359.138,2.9696,0.9514
45,51,338.3472,2.9696,0.9749
45,52,321.5899,2.9696,0.9811
45,53,295.5179,2.9696,0.9968
45,55,390.6048,2.9696,0.9909
45,56,810.5895,2.9696,0.9797
45,57,613.1365,2.9696,1.9373
45,59,395.2161,2.9696,2.9425
45,60,387.0905,2.9696,2.9455
45,61,375.0228,2.9696,2.9413
45,62,376.4231,2.9696,2.93
45,63,361.7114,2.9696,1.8286
45,64,378.4806,2.9696,2.8732
45,65,355.9594,2.9696,2.9086
45,66,361.4953,2.9696,2.8965
45,67,338.1899,2.9696,2.9242
45,68,328.6834,2.9696,2.9282
45,69,326.4378,2.9696,2.9246
45,70,342.2465,2.9696,2.8482
45,71,315.6639,2.9696,2.9219
45,72,422.0471,2.9696,1.9254
45,73,393.7048,2.9696,1.9459
45,74,361.1971,2.9696,1.9292
45,75,363.9955,2.9696,1.8104
45,76,322.4625,2.9696,1.8858
45,77,304.1992,2.9696,1.8648
45,78,291.0874,2.9696,1.9188
45,79,278.5389,2.9696,0.9846
45,80,270.113,2.9696,1.9896
45,81,424.7038,2.9696,0.9267
45,82,389.82,2.9696,0.9383
45,83,379.552,2.9696,0.982
45,84,370.4046,2.9696,0.9815
45,85,347.7047,2.9696,0.9954
45,87,440.0217,2.9696,0.9705
45,88,809.243,2.9696,0.9662
45,89,467.3661,2.9696,2.907
45,90,536.4947,2.9696,2.8844
45,91,481.5173,2.9696,2.8738
45,92,427.5054,2.9696,2.8878
45,93,411.9411,2.9696,2.9095
45,94,489.14,2.9696,1.9209
45,4,114.5587,2.9696,1.9697
45,5,113.3508,2.9696,1.9441
45,6,84.3298,2.9696,1.9985
45,7,68.3029,2.9696,2.0143
45,8,47.6422,2.9696,1.9887
45,12,201.3988,2.9696,1.9496
45,13,243.321,2.9696,1.9311
45,14,235.0108,2.9696,1.9435
45,15,205.9678,2.9696,2.0102
45,16,174.7517,2.9696,1.9903
45,20,283.4399,2.9696,1.9349
45,21,273.7179,2.9696,2.8999
45,22,277.2406,2.9696,3.8675
45,23,253.9853,2.9696,2.911
45,24,193.597,2.9696,10.619
45,25,166.7533,2.9696,9.8849
45,26,163.5813,2.9696,9.1376
45,27,189.738,2.9696,2.9263
45,28,177.2508,2.9696,6.5458
45,31,247.3262,2.9696,1.9315
45,32,261.6413,2.9696,1.9447
45,33,241.6956,2.9696,1.9793
45,34,226.1893,2.9696,1.9812
45,38,340.2392,2.9696,1.9143
45,39,329.4057,2.9696,2.8903
45,40,332.9103,2.9696,3.9106
45,41,322.2101,2.9696,2.9225
45,42,286.934,2.9696,11.056
45,43,254.7749,2.9696,9.5402
45,44,241.3497,2.9696,8.8895
45,45,244.6586,2.9696,2.9696
46,1,28.0631,5.7095,0.9118
46,2,19.0208,5.7095,0.0
46,3,412.2171,5.7095,0.0
46,4,242.8825,5.7095,0.0
46,5,166.1533,5.7095,0.0
46,6,113.9126,5.7095,0.0
46,7,80.7118,5.7095,0.0
46,8,61.7619,5.7095,0.0
46,9,47.2645,5.7095,0.0
46,10,36.6837,5.7095,0.0
46,11,493.9241,5.7095,0.0
46,12,385.7118,5.7095,0.0
46,13,358.0287,5.7095,0.0
46,14,285.0138,5.7095,0.0
46,15,224.5211,5.7095,0.0
46,16,187.8007,5.7095,0.0
46,17,154.6693,5.7095,0.0
46,18,127.5483,5.7095,0.0
46,19,809.4255,5.7095,0.0
46,20,674.574,5.7095,0.0
46,21,558.7593,5.7095,0.0
46,22,541.3741,5.7095,0.0
46,23,496.6905,5.7095,0.0
46,24,392.2297,5.7095,0.0
46,25,428.8509,5.7095,0.0
46,26,337.577,5.7095,0.0
46,27,358.3743,5.7095,0.0
46,28,368.4032,5.7095,0.0
46,29,283.3292,5.7095,0.0
46,30,291.8725,5.7095,0.0
46,31,344.5686,5.7095,0.0
46,32,306.1192,5.7095,0.0
46,33,263.1821,5.7095,0.0
46,34,237.5192,5.7095,0.0
46,35,209.1971,5.7095,0.0
46,36,183.1095,5.7095,0.0
46,37,908.8152,5.7095,0.0
46,38,804.0036,5.7095,0.0
46,39,707.8343,5.7095,0.0
46,40,638.4463,5.7095,0.0
46,41,583.7653,5.7095,0.0
46,42,453.3284,5.7095,0.0
46,43,504.6607,5.7095,0.0
46,44,386.9728,5.7095,0.0
46,45,422.3203,5.7095,0.0
46,46,392.3548,5.7095,0.0
46,47,327.8015,5.7095,0.0
46,48,346.6055,5.7095,0.0
46,49,432.3183,5.7095,0.0
46,50,401.8433,5.7095,0.0
46,51,360.342,5.7095,0.0
46,52,335.7605,5.7095,0.0
46,53,305.1216,5.7095,0.0
46,54,275.7577,5.7095,0.0
46,55,1107.7988,5.7095,0.0
46,56,1024.0901,5.7095,0.0
46,57,903.9928,5.7095,0.0
46,58,425.6143,5.7095,2.7991
46,59,909.2919,5.7095,0.0
46,60,873.7547,5.7095,0.0
46,61,851.9952,5.7095,0.0
46,62,831.9541,5.7095,0.0
46,63,814.1845,5.7095,0.0
46,64,644.6362,5.7095,0.0
46,65,720.7315,5.7095,0.0
46,66,695.7803,5.7095,0.0
46,67,735.1282,5.7095,0.0
46,68,719.5693,5.7095,0.0
46,69,705.5909,5.7095,0.0
46,70,697.1131,5.7095,0.0
46,71,590.0466,5.7095,0.0
46,72,582.9509,5.7095,0.0
46,73,534.0983,5.7095,0.0
46,74,453.0906,5.7095,0.0
46,75,461.4103,5.7095,0.0
46,76,419.75,5.7095,0.0
46,77,385.6667,5.7095,0.0
46,78,321.9839,5.7095,0.0
46,79,301.4373,5.7095,0.0
46,80,310.1954,5.7095,0.0
46,81,445.5561,5.7095,0.0
46,82,437.0899,5.7095,0.0
46,83,403.6983,5.7095,0.0
46,84,386.3114,5.7095,0.0
46,85,358.1189,5.7095,0.0
46,86,329.7218,5.7095,0.0
46,87,1050.175,5.7095,0.0
46,88,1015.476,5.7095,0.0
46,89,901.6018,5.7095,0.0
46,90,815.2635,5.7095,0.0
46,91,807.8493,5.7095,0.0
46,92,782.4275,5.7095,0.0
46,93,802.9025,5.7095,0.0
46,94,777.9791,5.7095,0.0
46,1,44.6498,5.7095,0.0
46,3,141.5639,5.7095,0.9865
46,4,181.1811,5.7095,0.9808
46,5,140.3599,5.7095,0.9706
46,6,106.932,5.7095,0.9868
46,7,75.3636,5.7095,0.9944
46,8,55.5744,5.7095,0.9925
46,9,38.8697,5.7095,0.9982
46,11,206.794,5.7095,0.9684
46,12,319.2176,5.7095,0.9628
46,13,325.137,5.7095,0.9648
46,14,263.9234,5.7095,0.9507
46,15,218.0675,5.7095,0.9947
46,16,185.7368,5.7095,0.9948
46,17,153.0708,5.7095,0.9972
46,19,287.826,5.7095,0.9767
46,20,541.0773,5.7095,0.9831
46,21,289.4965,5.7095,1.8627
46,22,279.7105,5.7095,1.8299
46,23,274.149,5.7095,1.9138
46,24,271.425,5.7095,1.8269
46,25,250.7187,5.7095,1.6406
46,26,232.475,5.7095,1.6483
46,27,221.8767,5.7095,1.7149
46,28,216.8602,5.7095,1.7937
46,29,213.6379,5.7095,0.9576
46,30,201.5508,5.7095,1.9419
46,31,324.2726,5.7095,0.9601
46,32,286.987,5.7095,0.9434
46,33,258.8699,5.7095,0.9889
46,34,237.6065,5.7095,0.9901
46,35,210.597,5.7095,0.9974
46,37,344.267,5.7095,0.9738
46,38,658.5196,5.7095,0.9801
46,39,508.6839,5.7095,1.9153
46,40,383.0425,5.7095,1.9355
46,41,386.8574,5.7095,1.9545
46,42,361.5781,5.7095,1.942
46,43,403.4188,5.7095,1.6682
46,44,316.7499,5.7095,1.8584
46,45,296.6934,5.7095,1.9003
46,46,275.9575,5.7095,1.863
46,47,266.8459,5.7095,0.9679
46,48,264.5941,5.7095,1.9539
46,49,412.9408,5.7095,0.9633
46,50,375.7345,5.7095,0.9514
46,51,353.4857,5.7095,0.9749
46,52,335.5949,5.7095,0.9811
46,53,307.941,5.7095,0.9968
46,55,408.6188,5.7095,0.9909
46,56,852.768,5.7095,0.9797
46,57,643.4443,5.7095,1.9373
46,59,412.9759,5.7095,2.9425
46,60,404.4764,5.7095,2.9455
46,61,391.819,5.7095,2.9413
46,62,393.3803,5.7095,2.93
46,63,378.3019,5.7095,1.8286
46,64,395.609,5.7095,2.8732
46,65,371.9667,5.7095,2.9086
46,66,377.9042,5.7095,2.8965
46,67,353.3208,5.7095,2.9242
46,68,343.3582,5.7095,2.9282
46,69,341.0443,5.7095,2.9246
46,70,357.7685,5.7095,2.8482
46,71,329.7526,5.7095,2.9219
46,72,442.1134,5.7095,1.9254
46,73,411.9669,5.7095,1.9459
46,74,377.505,5.7095,1.9292
46,75,380.7868,5.7095,1.8104
46,76,336.4471,5.7095,1.8858
46,77,317.2071,5.7095,1.8648
46,78,303.4215,5.7095,1.9188
46,79,290.3004,5.7095,0.9846
46,80,281.2884,5.7095,1.9896
46,81,444.6818,5.7095,0.9267
46,82,407.5342,5.7095,0.9383
46,83,396.4304,5.7095,0.982
46,84,386.5596,5.7095,0.9815
46,85,362.4211,5.7095,0.9954
46,87,460.2859,5.7095,0.9705
46,88,850.8433,5.7095,0.9662
46,89,488.431,5.7095,2.907
46,90,561.2936,5.7095,2.8844
46,91,503.3017,5.7095,2.8738
46,92,446.4908,5.7095,2.8878
46,93,430.1169,5.7095,2.9095
46,94,512.1336,5.7095,1.9209
46,4,119.796,5.7095,1.9697
46,5,118.3487,5.7095,1.9441
46,6,87.732,5.7095,1.9985
46,7,70.8909,5.7095,2.0143
46,8,49.2629,5.7095,1.9887
46,12,211.0831,5.7095,1.9496
46,13,254.9948,5.7095,1.9311
46,14,245.8989,5.7095,1.9435
46,15,215.0564,5.7095,2.0102
46,16,182.0388,5.7095,1.9903
46,20,296.8146,5.7095,1.9349
46,21,286.3025,5.7095,2.8999
46,22,289.953,5.7095,3.8675
46,23,265.5767,5.7095,2.911
46,24,201.9007,5.7095,10.619
46,25,173.6495,5.7095,9.8849
46,26,170.3774,5.7095,9.1376
46,27,198.1008,5.7095,2.9263
46,28,184.9554,5.7095,6.5458
46,31,258.7879,5.7095,1.9315
46,32,273.6234,5.7095,1.9447
46,33,252.303,5.7095,1.9793
46,34,235.7943,5.7095,1.9812
46,38,356.1148,5.7095,1.9143
46,39,344.3053,5.7095,2.8903
46,40,347.7992,5.7095,3.9106
46,41,336.5535,5.7095,2.9225
46,42,299.2251,5.7095,11.056
46,43,265.3352,5.7095,9.5402
46,44,251.2231,5.7095,8.8895
46,45,254.9713,5.7095,2.9696
46,46,265.8746,5.7095,5.7095
49,1,34.8931,1.9378,0.9118
49,2,22.9076,1.9378,0.0
49,3,565.2654,1.9378,0.0
49,4,320.2807,1.9378,0.0
49,5,213.4484,1.9378,0.0
49,6,143.1602,1.9378,0.0
49,7,99.6435,1.9378,0.0
49,8,75.2351,1.9378,0.0
49,9,56.8922,1.9378,0.0
49,10,43.7215,1.9378,0.0
49,11,675.2268,1.9378,0.0
49,12,512.0902,1.9378,0.0
49,13,469.454,1.9378,0.0
49,14,367.2028,1.9378,0.0
49,15,284.6146,1.9378,0.0
49,16,235.3301,1.9378,0.0
49,17,191.5816,1.9378,0.0
49,18,156.3179,1.9378,0.0
49,19,1110.1907,1.9378,0.0
49,20,905.1186,1.9378,0.0
49,21,745.8282,1.9378,0.0
49,22,718.5537,1.9378,0.0
49,23,657.1002,1.9378,0.0
49,24,517.5497,1.9378,0.0
49,25,564.6362,1.9378,0.0
49,26,442.9855,1.9378,0.0
49,27,468.158,1.9378,0.0
49,28,482.9577,1.9378,0.0
49,29,370.2813,1.9378,0.0
49,30,378.4634,1.9378,0.0
49,31,448.7448,1.9378,0.0
49,32,393.4823,1.9378,0.0
49,33,333.9114,1.9378,0.0
49,34,298.6933,1.9378,0.0
49,35,260.5925,1.9378,0.0
49,36,226.0215,1.9378,0.0
49,37,1243.0036,1.9378,0.0
49,38,1078.8447,1.9378,0.0
49,39,940.6363,1.9378,0.0
49,40,842.9594,1.9378,0.0
49,41,767.2243,1.9378,0.0
49,42,590.405,1.9378,0.0
49,43,659.5747,1.9378,0.0
49,44,500.7277,1.9378,0.0
49,45,547.33,1.9378,0.0
49,46,506.9866,1.9378,0.0
49,47,423.1021,1.9378,0.0
49,48,446.1184,1.9378,0.0
49,49,561.9006,1.9378,0.0
49,50,517.1479,1.9378,0.0
49,51,458.7676,1.9378,0.0
49,52,424.4718,1.9378,0.0
49,53,382.6809,1.9378,0.0
49,54,343.1281,1.9378,0.0
49,55,1514.1166,1.9378,0.0
49,56,1377.5185,1.9378,0.0
49,57,1204.5072,1.9378,0.0
49,58,542.3835,1.9378,2.7991
49,59,1218.8063,1.9378,0.0
49,60,1169.3656,1.9378,0.0
49,61,1139.7842,1.9378,0.0
49,62,1112.6065,1.9378,0.0
49,63,1088.4965,1.9378,0.0
49,64,851.5816,1.9378,0.0
49,65,966.3182,1.9378,0.0
49,66,931.2135,1.9378,0.0
49,67,980.606,1.9378,0.0
49,68,959.6719,1.9378,0.0
49,69,940.7333,1.9378,0.0
49,70,929.9326,1.9378,0.0
49,71,780.8531,1.9378,0.0
49,72,764.1181,1.9378,0.0
49,73,695.3446,1.9378,0.0
49,74,585.8808,1.9378,0.0
49,75,595.389,1.9378,0.0
49,76,538.3114,1.9378,0.0
49,77,492.0619,1.9378,0.0
49,78,407.984,1.9378,0.0
49,79,380.9134,1.9378,0.0
49,80,391.4931,1.9378,0.0
49,81,576.2784,1.9378,0.0
49,82,561.3762,1.9378,0.0
49,83,513.7324,1.9378,0.0
49,84,488.8057,1.9378,0.0
49,85,449.8564,1.9378,0.0
49,86,411.2899,1.9378,0.0
49,87,1423.9693,1.9378,0.0
49,88,1358.7684,1.9378,0.0
49,89,1195.9642,1.9378,0.0
49,90,1069.5257,1.9378,0.0
49,91,1064.5406,1.9378,0.0
49,92,1030.6377,1.9378,0.0
49,93,1064.4434,1.9378,0.0
49,94,1030.2277,1.9378,0.0
49,1,56.5189,1.9378,0.0
49,3,185.917,1.9378,0.9865
49,4,236.6771,1.9378,0.9808
49,5,179.1755,1.9378,0.9706
49,6,134.3014,1.9378,0.9868
49,7,92.9086,1.9378,0.9944
49,8,67.4193,1.9378,0.9925
49,9,46.2082,1.9378,0.9982
49,11,272.3735,1.9378,0.9684
49,12,421.5573,1.9378,0.9628
49,13,424.8967,1.9378,0.9648
49,14,339.0315,1.9378,0.9507
49,15,276.2154,1.9378,0.9947
49,16,232.7649,1.9378,0.9948
49,17,189.6139,1.9378,0.9972
49,19,374.0585,1.9378,0.9767
49,20,723.9814,1.9378,0.9831
49,21,372.0117,1.9378,1.8627
49,22,359.1057,1.9378,1.8299
49,23,351.9807,1.9378,1.9138
49,24,348.993,1.9378,1.8269
49,25,320.0431,1.9378,1.6406
49,26,295.9209,1.9378,1.6483
49,27,282.313,1.9378,1.7149
49,28,276.0871,1.9378,1.7937
49,29,273.5167,1.9378,0.9576
49,30,255.4101,1.9378,1.9419
49,31,420.8557,1.9378,0.9601
49,32,367.6282,1.9378,0.9434
49,33,328.1518,1.9378,0.9889
49,34,298.8244,1.9378,0.9901
49,35,262.4494,1.9378,0.9974
49,37,445.7605,1.9378,0.9738
49,38,881.5739,1.9378,0.9801
49,39,667.6471,1.9378,1.9153
49,40,492.2291,1.9378,1.9355
49,41,497.1382,1.9378,1.9545
49,42,463.067,1.9378,1.942
49,43,521.6978,1.9378,1.6682
49,44,402.3825,1.9378,1.8584
49,45,376.3625,1.9378,1.9003
49,46,349.3149,1.9378,1.863
49,47,338.1165,1.9378,0.9679
49,48,333.6408,1.9378,1.9539
49,49,534.7248,1.9378,0.9633
49,50,481.4185,1.9378,0.9514
49,51,449.3448,1.9378,0.9749
49,52,424.0862,1.9378,0.9811
49,53,386.2858,1.9378,0.9968
49,55,525.0776,1.9378,0.9909
49,56,1145.3931,1.9378,0.9797
49,57,845.7173,1.9378,1.9373
49,59,525.8956,1.9378,2.9425
49,60,514.9974,1.9378,2.9455
49,61,498.5669,1.9378,2.9413
49,62,501.3687,1.9378,2.93
49,63,484.4102,1.9378,1.8286
49,64,504.6237,1.9378,2.8732
49,65,473.7077,1.9378,2.9086
49,66,482.6219,1.9378,2.8965
49,67,449.3638,1.9378,2.9242
49,68,436.4645,1.9378,2.9282
49,69,433.7382,1.9378,2.9246
49,70,456.3409,1.9378,2.8482
49,71,419.087,1.9378,2.9219
49,72,572.3997,1.9378,1.9254
49,73,529.748,1.9378,1.9459
49,74,481.9745,1.9378,1.9292
49,75,488.9642,1.9378,1.8104
49,76,425.239,1.9378,1.8858
49,77,399.704,1.9378,1.8648
49,78,381.5949,1.9378,1.9188
49,79,364.9131,1.9378,0.9846
49,80,351.7891,1.9378,1.9896
49,81,573.7031,1.9378,0.9267
49,82,520.4284,1.9378,0.9383
49,83,503.418,1.9378,0.982
49,84,488.735,1.9378,0.9815
49,85,455.2761,1.9378,0.9954
49,87,591.1792,1.9378,0.9705
49,88,1135.5611,1.9378,0.9662
49,89,622.3426,1.9378,2.907
49,90,721.4876,1.9378,2.8844
49,91,644.3323,1.9378,2.8738
49,92,567.3904,1.9378,2.8878
49,93,545.6093,1.9378,2.9095
49,94,662.2469,1.9378,1.9209
49,4,152.9239,1.9378,1.9697
49,5,150.1267,1.9378,1.9441
49,6,109.2,1.9378,1.9985
49,7,87.2076,1.9378,2.0143
49,8,59.4511,1.9378,1.9887
49,12,272.5677,1.9378,1.9496
49,13,329.592,1.9378,1.9311
49,14,315.0177,1.9378,1.9435
49,15,272.5864,1.9378,2.0102
49,16,228.0473,1.9378,1.9903
49,20,382.272,1.9378,1.9349
49,21,366.3017,1.9378,2.8999
49,22,370.739,1.9378,3.8675
49,23,339.4399,1.9378,2.911
49,24,254.5781,1.9378,10.619
49,25,217.2467,1.9378,9.8849
49,26,213.3373,1.9378,9.1376
49,27,251.2206,1.9378,2.9263
49,28,233.7477,1.9378,6.5458
49,31,331.7913,1.9378,1.9315
49,32,349.68,1.9378,1.9447
49,33,319.3719,1.9378,1.9793
49,34,296.4552,1.9378,1.9812
49,38,457.8102,1.9378,1.9143
49,39,438.9483,1.9378,2.8903
49,40,442.226,1.9378,3.9106
49,41,427.8632,1.9378,2.9225
49,42,377.1375,1.9378,11.056
49,43,332.1088,1.9378,9.5402
49,44,313.5888,1.9378,8.8895
49,45,320.4011,1.9378,2.9696
49,46,334.9874,1.9378,5.7095
49,49,427.914,1.9378,1.9378
50,1,37.9122,1.9505,0.9118
50,2,24.7833,1.9505,0.0
50,3,611.5612,1.9505,0.0
50,4,348.3949,1.9505,0.0
50,5,232.2513,1.9505,0.0
50,6,155.6083,1.9505,0.0
50,7,108.1299,1.9505,0.0
50,8,81.5058,1.9505,0.0
50,9,61.5214,1.9505,0.0
50,10,47.1942,1.9505,0.0
50,11,730.6587,1.9505,0.0
50,12,556.6241,1.9505,0.0
50,13,510.6087,1.9505,0.0
50,14,399.5774,1.9505,0.0
50,15,309.5992,1.9505,0.0
50,16,255.8013,1.9505,0.0
50,17,208.0402,1.9505,0.0
50,18,169.5457,1.9505,0.0
50,19,1198.2993,1.9505,0.0
50,20,981.8206,1.9505,0.0
50,21,809.6247,1.9505,0.0
50,22,780.2017,1.9505,0.0
50,23,713.606,1.9505,0.0
50,24,561.6694,1.9505,0.0
50,25,613.323,1.9505,0.0
50,26,480.8588,1.9505,0.0
50,27,508.7598,1.9505,0.0
50,28,524.7928,1.9505,0.0
50,29,401.9752,1.9505,0.0
50,30,411.3778,1.9505,0.0
50,31,487.8786,1.9505,0.0
50,32,428.0103,1.9505,0.0
50,33,363.1576,1.9505,0.0
50,34,324.7135,1.9505,0.0
50,35,283.1051,1.9505,0.0
50,36,245.3409,1.9505,0.0
50,37,1341.6152,1.9505,0.0
50,38,1169.7495,1.9505,0.0
50,39,1020.9627,1.9505,0.0
50,40,915.3455,1.9505,0.0
50,41,833.205,1.9505,0.0
50,42,641.0643,1.9505,0.0
50,43,716.2239,1.9505,0.0
50,44,543.6104,1.9505,0.0
50,45,594.5277,1.9505,0.0
50,46,550.7159,1.9505,0.0
50,47,459.1219,1.9505,0.0
50,48,484.5759,1.9505,0.0
50,49,610.3382,1.9505,0.0
50,50,562.1276,1.9505,0.0
50,51,498.7395,1.9505,0.0
50,52,461.3868,1.9505,0.0
50,53,415.8173,1.9505,0.0
50,54,372.648,1.9505,0.0
50,55,1633.6348,1.9505,0.0
50,56,1492.4625,1.9505,0.0
50,57,1306.5898,1.9505,0.0
50,58,589.4528,1.9505,2.7991
50,59,1320.7683,1.9505,0.0
50,60,1267.6087,1.9505,0.0
50,61,1235.6389,1.9505,0.0
50,62,1206.2616,1.9505,0.0
50,63,1180.2039,1.9505,0.0
50,64,923.8826,1.9505,0.0
50,65,1045.8286,1.9505,0.0
50,66,1007.9093,1.9505,0.0
50,67,1063.6161,1.9505,0.0
50,68,1040.9736,1.9505,0.0
50,69,1020.4995,1.9505,0.0
50,70,1008.7709,1.9505,0.0
50,71,847.3202,1.9505,0.0
50,72,830.141,1.9505,0.0
50,73,755.5917,1.9505,0.0
50,74,636.375,1.9505,0.0
50,75,646.856,1.9505,0.0
50,76,584.8506,1.9505,0.0
50,77,534.555,1.9505,0.0
50,78,442.9323,1.9505,0.0
50,79,413.4353,1.9505,0.0
50,80,425.0605,1.9505,0.0
50,81,625.523,1.9505,0.0
50,82,609.8491,1.9505,0.0
50,83,558.2505,1.9505,0.0
50,84,531.1573,1.9505,0.0
50,85,488.7337,1.9505,0.0
50,86,446.6683,1.9505,0.0
50,87,1538.2573,1.9505,0.0
50,88,1472.9117,1.9505,0.0
50,89,1297.8097,1.9505,0.0
50,90,1161.3917,1.9505,0.0
50,91,1155.1516,1.9505,0.0
50,92,1118.3627,1.9505,0.0
50,93,1154.4374,1.9505,0.0
50,94,1117.4761,1.9505,0.0
50,1,61.4868,1.9505,0.0
50,3,202.2053,1.9505,0.9865
50,4,257.3551,1.9505,0.9808
50,5,194.8895,1.9505,0.9706
50,6,145.9274,1.9505,0.9868
50,7,100.7826,1.9505,0.9944
50,8,72.9923,1.9505,0.9925
50,9,49.8778,1.9505,0.9982
50,11,296.0155,1.9505,0.9684
50,12,458.1425,1.9505,0.9628
50,13,462.1521,1.9505,0.9648
50,14,368.8796,1.9505,0.9507
50,15,300.4318,1.9505,0.9947
50,16,253.0003,1.9505,0.9948
50,17,205.8954,1.9505,0.9972
50,19,406.0845,1.9505,0.9767
50,20,784.4219,1.9505,0.9831
50,21,404.4096,1.9505,1.8627
50,22,390.2655,1.9505,1.8299
50,23,382.4997,1.9505,1.9138
50,24,379.2021,1.9505,1.8269
50,25,347.9151,1.9505,1.6406
50,26,321.6484,1.9505,1.6483
50,27,306.8041,1.9505,1.7149
50,28,300.0232,1.9505,1.7937
50,29,297.1406,1.9505,0.9576
50,30,277.6083,1.9505,1.9419
50,31,457.6031,1.9505,0.9601
50,32,399.8646,1.9505,0.9434
50,33,356.8734,1.9505,0.9889
50,34,324.8502,1.9505,0.9901
50,35,285.1261,1.9505,0.9974
50,37,483.8461,1.9505,0.9738
50,38,954.6446,1.9505,0.9801
50,39,724.2934,1.9505,1.9153
50,40,534.8274,1.9505,1.9355
50,41,540.1792,1.9505,1.9545
50,42,503.0236,1.9505,1.942
50,43,566.2902,1.9505,1.6682
50,44,437.1184,1.9505,1.8584
50,45,408.7434,1.9505,1.9003
50,46,379.2791,1.9505,1.863
50,47,367.0907,1.9505,0.9679
50,48,362.3966,1.9505,1.9539
50,49,580.926,1.9505,0.9633
50,50,523.291,1.9505,0.9514
50,51,488.4839,1.9505,0.9749
50,52,460.9671,1.9505,0.9811
50,53,419.745,1.9505,0.9968
50,55,570.2993,1.9505,0.9909
50,56,1239.0351,1.9505,0.9797
50,57,917.1231,1.9505,1.9373
50,59,571.5166,1.9505,2.9425
50,60,559.6696,1.9505,2.9455
50,61,541.7976,1.9505,2.9413
50,62,544.8078,1.9505,2.93
50,63,526.2392,1.9505,1.8286
50,64,548.4168,1.9505,2.8732
50,65,514.7943,1.9505,2.9086
50,66,524.3974,1.9505,2.8965
50,67,488.36,1.9505,2.9242
50,68,474.3436,1.9505,2.9282
50,69,471.3898,1.9505,2.9246
50,70,496.0454,1.9505,2.8482
50,71,455.4901,1.9505,2.9219
50,72,621.6569,1.9505,1.9254
50,73,575.4163,1.9505,1.9459
50,74,523.5547,1.9505,1.9292
50,75,531.0329,1.9505,1.8104
50,76,461.9058,1.9505,1.8858
50,77,434.0633,1.9505,1.8648
50,78,414.3111,1.9505,1.9188
50,79,396.0864,1.9505,0.9846
50,80,381.9067,1.9505,1.9896
50,81,622.9381,1.9505,0.9267
50,82,565.4247,1.9505,0.9383
50,83,547.0601,1.9505,0.982
50,84,531.0959,1.9505,0.9815
50,85,494.6422,1.9505,0.9954
50,87,642.1473,1.9505,0.9705
50,88,1229.5628,1.9505,0.9662
50,89,676.4019,1.9505,2.907
50,90,783.5129,1.9505,2.8844
50,91,699.3799,1.9505,2.8738
50,92,616.3352,1.9505,2.8878
50,93,592.6848,1.9505,2.9095
50,94,718.5424,1.9505,1.9209
50,4,166.4248,1.9505,1.9697
50,5,163.2184,1.9505,1.9441
50,6,118.5942,1.9505,1.9985
50,7,94.5696,1.9505,2.0143
50,8,64.3022,1.9505,1.9887
50,12,296.6147,1.9505,1.9496
50,13,358.55,1.9505,1.9311
50,14,342.7407,1.9505,1.9435
50,15,296.4572,1.9505,2.0102
50,16,247.8563,1.9505,1.9903
50,20,415.5727,1.9505,1.9349
50,21,398.2795,1.9505,2.8999
50,22,403.0919,1.9505,3.8675
50,23,368.9209,1.9505,2.911
50,24,276.4674,1.9505,10.619
50,25,235.8366,1.9505,9.8849
50,26,231.5914,1.9505,9.1376
50,27,272.8668,1.9505,2.9263
50,28,253.8779,1.9505,6.5458
50,31,360.8017,1.9505,1.9315
50,32,380.3291,1.9505,1.9447
50,33,347.3049,1.9505,1.9793
50,34,322.2635,1.9505,1.9812
50,38,497.5316,1.9505,1.9143
50,39,477.2036,1.9505,2.8903
50,40,480.7668,1.9505,3.9106
50,41,464.9556,1.9505,2.9225
50,42,409.6963,1.9505,11.056
50,43,360.6378,1.9505,9.5402
50,44,340.4508,1.9505,8.8895
50,45,347.8166,1.9505,2.9696
50,46,363.7391,1.9505,5.7095
50,49,464.9677,1.9505,1.9378
50,50,505.4148,1.9505,1.9505
51,1,36.2277,1.9523,0.9118
51,2,24.0141,1.9523,0.0
51,3,546.8547,1.9523,0.0
51,4,321.117,1.9523,0.0
51,5,217.7905,1.9523,0.0
51,6,147.7519,1.9523,0.0
51,7,103.5908,1.9523,0.0
51,8,78.56,1.9523,0.0
51,9,59.5937,1.9523,0.0
51,10,45.8894,1.9523,0.0
51,11,654.5716,1.9523,0.0
51,12,510.2824,1.9523,0.0
51,13,472.3352,1.9523,0.0
51,14,374.0566,1.9523,0.0
51,15,292.7145,1.9523,0.0
51,16,243.3785,1.9523,0.0
51,17,199.1082,1.9523,0.0
51,18,163.0783,1.9523,0.0
51,19,1069.4211,1.9523,0.0
51,20,891.8232,1.9523,0.0
51,21,738.4121,1.9523,0.0
51,22,714.3497,1.9523,0.0
51,23,654.8718,1.9523,0.0
51,24,515.8152,1.9523,0.0
51,25,564.711,1.9523,0.0
51,26,443.2412,1.9523,0.0
51,27,471.0186,1.9523,0.0
51,28,484.7111,1.9523,0.0
51,29,371.5028,1.9523,0.0
51,30,382.7819,1.9523,0.0
51,31,452.9662,1.9523,0.0
51,32,401.0098,1.9523,0.0
51,33,343.0487,1.9523,0.0
51,34,308.2846,1.9523,0.0
51,35,270.1506,1.9523,0.0
51,36,235.1882,1.9523,0.0
51,37,1199.4646,1.9523,0.0
51,38,1061.9947,1.9523,0.0
51,39,933.6956,1.9523,0.0
51,40,840.9533,1.9523,0.0
51,41,767.8415,1.9523,0.0
51,42,593.9624,1.9523,0.0
51,43,662.2699,1.9523,0.0
51,44,505.6089,1.9523,0.0
51,45,552.8128,1.9523,0.0
51,46,513.0345,1.9523,0.0
51,47,427.3871,1.9523,0.0
51,48,452.4998,1.9523,0.0
51,49,566.5642,1.9523,0.0
51,50,525.631,1.9523,0.0
51,51,469.7255,1.9523,0.0
51,52,436.443,1.9523,0.0
51,53,395.1626,1.9523,0.0
51,54,355.6742,1.9523,0.0
51,55,1461.4083,1.9523,0.0
51,56,1352.0527,1.9523,0.0
51,57,1192.2239,1.9523,0.0
51,58,554.4976,1.9523,2.7991
51,59,1199.3914,1.9523,0.0
51,60,1152.426,1.9523,0.0
51,61,1123.7195,1.9523,0.0
51,62,1097.2997,1.9523,0.0
51,63,1073.8792,1.9523,0.0
51,64,847.6165,1.9523,0.0
51,65,948.6782,1.9523,0.0
51,66,915.6032,1.9523,0.0
51,67,969.4956,1.9523,0.0
51,68,949.0275,1.9523,0.0
51,69,930.6131,1.9523,0.0
51,70,919.5959,1.9523,0.0
51,71,776.799,1.9523,0.0
51,72,766.6701,1.9523,0.0
51,73,700.9976,1.9523,0.0
51,74,592.6175,1.9523,0.0
51,75,603.374,1.9523,0.0
51,76,547.653,1.9523,0.0
51,77,502.123,1.9523,0.0
51,78,417.4805,1.9523,0.0
51,79,390.1975,1.9523,0.0
51,80,401.7099,1.9523,0.0
51,81,581.9141,1.9523,0.0
51,82,570.4625,1.9523,0.0
51,83,525.5339,1.9523,0.0
51,84,501.8893,1.9523,0.0
51,85,463.8486,1.9523,0.0
51,86,425.6205,1.9523,0.0
51,87,1384.041,1.9523,0.0
51,88,1339.4353,1.9523,0.0
51,89,1188.0075,1.9523,0.0
51,90,1071.3664,1.9523,0.0
51,91,1061.693,1.9523,0.0
51,92,1028.0688,1.9523,0.0
51,93,1056.1396,1.9523,0.0
51,94,1023.2018,1.9523,0.0
51,1,58.1962,1.9523,0.0
51,3,186.8353,1.9523,0.9865
51,4,238.6037,1.9523,0.9808
51,5,183.4,1.9523,0.9706
51,6,138.5349,1.9523,0.9868
51,7,96.5724,1.9523,0.9944
51,8,70.4634,1.9523,0.9925
51,9,48.5766,1.9523,0.9982
51,11,272.6893,1.9523,0.9684
51,12,421.4626,1.9523,0.9628
51,13,428.4437,1.9523,0.9648
51,14,345.9236,1.9523,0.9507
51,15,284.1462,1.9523,0.9947
51,16,240.6781,1.9523,0.9948
51,17,197.033,1.9523,0.9972
51,19,376.6755,1.9523,0.9767
51,20,713.3777,1.9523,0.9831
51,21,378.5124,1.9523,1.8627
51,22,365.4257,1.9523,1.8299
51,23,358.0883,1.9523,1.9138
51,24,354.5977,1.9523,1.8269
51,25,327.0807,1.9523,1.6406
51,26,302.8803,1.9523,1.6483
51,27,288.9115,1.9523,1.7149
51,28,282.3973,1.9523,1.7937
51,29,278.5192,1.9523,0.9576
51,30,262.1684,1.9523,1.9419
51,31,425.8475,1.9523,0.9601
51,32,375.4438,1.9523,0.9434
51,33,337.2763,1.9523,0.9889
51,34,308.3906,1.9523,0.9901
51,35,272.0076,1.9523,0.9974
51,37,449.7669,1.9523,0.9738
51,38,867.4828,1.9523,0.9801
51,39,667.7703,1.9523,1.9153
51,40,500.3168,1.9523,1.9355
51,41,505.2035,1.9523,1.9545
51,42,471.399,1.9523,1.942
51,43,527.0,1.9523,1.6682
51,44,411.743,1.9523,1.8584
51,45,385.2196,1.9523,1.9003
51,46,357.8055,1.9523,1.863
51,47,346.0216,1.9523,0.9679
51,48,342.9362,1.9523,1.9539
51,49,540.6624,1.9523,0.9633
51,50,490.7203,1.9523,0.9514
51,51,460.515,1.9523,0.9749
51,52,436.1655,1.9523,0.9811
51,53,398.866,1.9523,0.9968
51,55,533.2393,1.9523,0.9909
51,56,1122.9068,1.9523,0.9797
51,57,844.5925,1.9523,1.9373
51,59,537.8508,1.9523,2.9425
51,60,526.7389,1.9523,2.9455
51,61,510.1049,1.9523,2.9413
51,62,512.3917,1.9523,2.93
51,63,493.1741,1.9523,1.8286
51,64,515.5966,1.9523,2.8732
51,65,484.4278,1.9523,2.9086
51,66,492.5152,1.9523,2.8965
51,67,459.9774,1.9523,2.9242
51,68,446.9312,1.9523,2.9282
51,69,444.0225,1.9523,2.9246
51,70,466.512,1.9523,2.8482
51,71,429.2735,1.9523,2.9219
51,72,578.6131,1.9523,1.9254
51,73,537.9048,1.9523,1.9459
51,74,491.6191,1.9523,1.9292
51,75,496.6738,1.9523,1.8104
51,76,436.4869,1.9523,1.8858
51,77,410.8007,1.9523,1.8648
51,78,392.4608,1.9523,1.9188
51,79,375.1424,1.9523,0.9846
51,80,363.0226,1.9523,1.9896
51,81,580.6826,1.9523,0.9267
51,82,530.9459,1.9523,0.9383
51,83,515.7394,1.9523,0.982
51,84,502.1181,1.9523,0.9815
51,85,469.4814,1.9523,0.9954
51,87,600.6902,1.9523,0.9705
51,88,1119.5215,1.9523,0.9662
51,89,636.4292,1.9523,2.907
51,90,732.5785,1.9523,2.8844
51,91,655.4188,1.9523,2.8738
51,92,580.4423,1.9523,2.8878
51,93,558.7827,1.9523,2.9095
51,94,668.4225,1.9523,1.9209
51,4,156.7541,1.9523,1.9697
51,5,154.1335,1.9523,1.9441
51,6,113.1548,1.9523,1.9985
51,7,90.7043,1.9523,2.0143
51,8,62.1954,1.9523,1.9887
51,12,277.2781,1.9523,1.9496
51,13,334.865,1.9523,1.9311
51,14,321.9519,1.9523,1.9435
51,15,280.2178,1.9523,2.0102
51,16,235.8128,1.9523,1.9903
51,20,388.4468,1.9523,1.9349
51,21,373.9963,1.9523,2.8999
51,22,378.6459,1.9523,3.8675
51,23,346.4532,1.9523,2.911
51,24,261.5413,1.9523,10.619
51,25,224.1126,1.9523,9.8849
51,26,219.9538,1.9523,9.1376
51,27,257.2754,1.9523,2.9263
51,28,239.8735,1.9523,6.5458
51,31,338.4772,1.9523,1.9315
51,32,357.6221,1.9523,1.9447
51,33,328.5083,1.9523,1.9793
51,34,305.9773,1.9523,1.9812
51,38,465.3683,1.9523,1.9143
51,39,449.0205,1.9523,2.8903
51,40,453.157,1.9523,3.9106
51,41,438.041,1.9523,2.9225
51,42,387.8818,1.9523,11.056
51,43,342.7635,1.9523,9.5402
51,44,324.0357,1.9523,8.8895
51,45,329.569,1.9523,2.9696
51,46,344.1857,1.9523,5.7095
51,49,436.652,1.9523,1.9378
51,50,474.672,1.9523,1.9505
51,51,448.0573,1.9523,1.9523
52,1,35.2461,1.9639,0.9118
52,2,23.5851,1.9639,0.0
52,3,512.7164,1.9639,0.0
52,4,305.7629,1.9639,0.0
52,5,209.4559,1.9639,0.0
52,6,143.1947,1.9639,0.0
52,7,100.9745,1.9639,0.0
52,8,76.8863,1.9639,0.0
52,9,58.5223,1.9639,0.0
52,10,45.1836,1.9639,0.0
52,11,614.3523,1.9639,0.0
52,12,484.5038,1.9639,0.0
52,13,450.7267,1.9639,0.0
52,14,359.364,1.9639,0.0
52,15,282.8902,1.9639,0.0
52,16,236.1456,1.9639,0.0
52,17,193.9269,1.9639,0.0
52,18,159.3608,1.9639,0.0
52,19,1002.5559,1.9639,0.0
52,20,843.054,1.9639,0.0
52,21,699.4586,1.9639,0.0
52,22,678.1485,1.9639,0.0
52,23,622.4635,1.9639,0.0
52,24,490.6786,1.9639,0.0
52,25,537.747,1.9639,0.0
52,26,422.5068,1.9639,0.0
52,27,449.8664,1.9639,0.0
52,28,462.3208,1.9639,0.0
52,29,354.6423,1.9639,0.0
52,30,366.6162,1.9639,0.0
52,31,433.2665,1.9639,0.0
52,32,385.5109,1.9639,0.0
52,33,331.3844,1.9639,0.0
52,34,298.7331,1.9639,0.0
52,35,262.6226,1.9639,0.0
52,36,229.3135,1.9639,0.0
52,37,1125.7134,1.9639,0.0
52,38,1003.8665,1.9639,0.0
52,39,885.9576,1.9639,0.0
52,40,799.9471,1.9639,0.0
52,41,731.6741,1.9639,0.0
52,42,567.8341,1.9639,0.0
52,43,632.3502,1.9639,0.0
52,44,484.474,1.9639,0.0
52,45,529.4579,1.9639,0.0
52,46,491.8812,1.9639,0.0
52,47,409.7995,1.9639,0.0
52,48,434.4358,1.9639,0.0
52,49,542.0891,1.9639,0.0
52,50,504.8763,1.9639,0.0
52,51,453.0254,1.9639,0.0
52,52,422.0187,1.9639,0.0
52,53,383.1837,1.9639,0.0
52,54,345.8283,1.9639,0.0
52,55,1372.2422,1.9639,0.0
52,56,1276.8973,1.9639,0.0
52,57,1130.1276,1.9639,0.0
52,58,534.5244,1.9639,2.7991
52,59,1134.1681,1.9639,0.0
52,60,1090.3536,1.9639,0.0
52,61,1063.3516,1.9639,0.0
52,62,1038.4792,1.9639,0.0
52,63,1016.4371,1.9639,0.0
52,64,805.9652,1.9639,0.0
52,65,897.0258,1.9639,0.0
52,66,866.4126,1.9639,0.0
52,67,918.419,1.9639,0.0
52,68,899.0951,1.9639,0.0
52,69,881.76,1.9639,0.0
52,70,871.1424,1.9639,0.0
52,71,738.1763,1.9639,0.0
52,72,731.3413,1.9639,0.0
52,73,670.4007,1.9639,0.0
52,74,568.1201,1.9639,0.0
52,75,578.9038,1.9639,0.0
52,76,526.6101,1.9639,0.0
52,77,483.7108,1.9639,0.0
52,78,403.0774,1.9639,0.0
52,79,377.0592,1.9639,0.0
52,80,388.4099,1.9639,0.0
52,81,557.6754,1.9639,0.0
52,82,548.2096,1.9639,0.0
52,83,506.8129,1.9639,0.0
52,84,485.0492,1.9639,0.0
52,85,449.465,1.9639,0.0
52,86,413.4353,1.9639,0.0
52,87,1303.4917,1.9639,0.0
52,88,1267.5667,1.9639,0.0
52,89,1128.0206,1.9639,0.0
52,90,1021.5531,1.9639,0.0
52,91,1010.4948,1.9639,0.0
52,92,978.5969,1.9639,0.0
52,93,1002.7172,1.9639,0.0
52,94,971.8689,1.9639,0.0
52,1,56.2769,1.9639,0.0
52,3,178.1745,1.9639,0.9865
52,4,228.034,1.9639,0.9808
52,5,176.7765,1.9639,0.9706
52,6,134.2742,1.9639,0.9868
52,7,94.1622,1.9639,0.9944
52,8,69.0399,1.9639,0.9925
52,9,47.8771,1.9639,0.9982
52,11,259.6698,1.9639,0.9684
52,12,401.0304,1.9639,0.9628
52,13,409.3685,1.9639,0.9648
52,14,332.696,1.9639,0.9507
52,15,274.6795,1.9639,0.9947
52,16,233.5109,1.9639,0.9948
52,17,191.896,1.9639,0.9972
52,19,360.3799,1.9639,0.9767
52,20,675.2096,1.9639,0.9831
52,21,363.7755,1.9639,1.8627
52,22,351.3179,1.9639,1.8299
52,23,344.2372,1.9639,1.9138
52,24,340.6774,1.9639,1.8269
52,25,315.1229,1.9639,1.6406
52,26,292.0979,1.9639,1.6483
52,27,278.6529,1.9639,1.7149
52,28,272.3038,1.9639,1.7937
52,29,267.9569,1.9639,0.9576
52,30,253.252,1.9639,1.9419
52,31,407.8626,1.9639,0.9601
52,32,361.3931,1.9639,0.9434
52,33,325.9092,1.9639,0.9889
52,34,298.8255,1.9639,0.9901
52,35,264.3868,1.9639,0.9974
52,37,430.889,1.9639,0.9738
52,38,820.9055,1.9639,0.9801
52,39,636.7834,1.9639,1.9153
52,40,480.8308,1.9639,1.9355
52,41,485.4685,1.9639,1.9545
52,42,453.5417,1.9639,1.942
52,43,505.183,1.9639,1.6682
52,44,397.2874,1.9639,1.8584
52,45,371.8493,1.9639,1.9003
52,46,345.614,1.9639,1.863
52,47,334.0775,1.9639,0.9679
52,48,331.7567,1.9639,1.9539
52,49,518.0408,1.9639,0.9633
52,50,472.1243,1.9639,0.9514
52,51,444.3975,1.9639,0.9749
52,52,421.8178,1.9639,0.9811
52,53,386.755,1.9639,0.9968
52,55,512.4692,1.9639,0.9909
52,56,1061.4185,1.9639,0.9797
52,57,805.0118,1.9639,1.9373
52,59,518.6075,1.9639,2.9425
52,60,507.9139,1.9639,2.9455
52,61,491.9827,1.9639,2.9413
52,62,493.8976,1.9639,2.93
52,63,474.466,1.9639,1.8286
52,64,496.8526,1.9639,2.8732
52,65,467.0673,1.9639,2.9086
52,66,474.3763,1.9639,2.8965
52,67,443.7162,1.9639,2.9242
52,68,431.2148,1.9639,2.9282
52,69,428.3345,1.9639,2.9246
52,70,449.5817,1.9639,2.8482
52,71,414.2217,1.9639,2.9219
52,72,554.5564,1.9639,1.9254
52,73,516.8114,1.9639,1.9459
52,74,473.5452,1.9639,1.9292
52,75,477.3719,1.9639,1.8104
52,76,421.9537,1.9639,1.8858
52,77,397.5083,1.9639,1.8648
52,78,379.9862,1.9639,1.9188
52,79,363.2286,1.9639,0.9846
52,80,352.1763,1.9639,1.9896
52,81,557.0521,1.9639,0.9267
52,82,511.3353,1.9639,0.9383
52,83,497.7687,1.9639,0.982
52,84,485.4233,1.9639,0.9815
52,85,454.9303,1.9639,0.9954
52,87,577.4214,1.9639,0.9705
52,88,1060.7432,1.9639,0.9662
52,89,613.5605,1.9639,2.907
52,90,703.9665,1.9639,2.8844
52,91,630.7562,1.9639,2.8738
52,92,560.0071,1.9639,2.8878
52,93,539.4399,1.9639,2.9095
52,94,640.6828,1.9639,1.9209
52,4,151.1275,1.9639,1.9697
52,5,148.8998,1.9639,1.9441
52,6,110.0087,1.9639,1.9985
52,7,88.4953,1.9639,2.0143
52,8,61.0258,1.9639,1.9887
52,12,266.1377,1.9639,1.9496
52,13,321.3129,1.9639,1.9311
52,14,309.9478,1.9639,1.9435
52,15,270.8005,1.9639,2.0102
52,16,228.8128,1.9639,1.9903
52,20,373.0245,1.9639,1.9349
52,21,360.0716,1.9639,2.8999
52,22,364.6262,1.9639,3.8675
52,23,333.6308,1.9639,2.911
52,24,253.0195,1.9639,10.619
52,25,217.3993,1.9639,9.8849
52,26,213.2923,1.9639,9.1376
52,27,248.3821,1.9639,2.9263
52,28,231.8603,1.9639,6.5458
52,31,325.6786,1.9639,1.9315
52,32,344.5346,1.9639,1.9447
52,33,317.5986,1.9639,1.9793
52,34,296.5153,1.9639,1.9812
52,38,447.1555,1.9639,1.9143
52,39,432.8478,1.9639,2.8903
52,40,437.2712,1.9639,3.9106
52,41,422.6552,1.9639,2.9225
52,42,375.3725,1.9639,11.056
52,43,332.4971,1.9639,9.5402
52,44,314.6082,1.9639,8.8895
52,45,319.1735,1.9639,2.9696
52,46,333.0245,1.9639,5.7095
52,49,420.5155,1.9639,1.9378
52,50,457.0793,1.9639,1.9505
52,51,432.6941,1.9639,1.9523
52,52,418.5789,1.9639,1.9639
56,1,44.8321,1.8467,0.9118
56,2,29.1864,1.8467,0.0
56,3,750.3227,1.8467,0.0
56,4,417.8652,1.8467,0.0
56,5,276.343,1.8467,0.0
56,6,184.3462,1.8467,0.0
56,7,127.7419,1.8467,0.0
56,8,96.095,1.8467,0.0
56,9,72.3852,1.8467,0.0
56,10,55.4092,1.8467,0.0
56,11,895.1626,1.8467,0.0
56,12,669.7642,1.8467,0.0
56,13,611.4261,1.8467,0.0
56,14,475.6506,1.8467,0.0
56,15,367.1449,1.8467,0.0
56,16,302.7908,1.8467,0.0
56,17,245.8635,1.8467,0.0
56,18,200.1094,1.8467,0.0
56,19,1476.8694,1.8467,0.0
56,20,1190.5306,1.8467,0.0
56,21,978.5884,1.8467,0.0
56,22,940.9324,1.8467,0.0
56,23,859.373,1.8467,0.0
56,24,676.8113,1.8467,0.0
56,25,737.0898,1.8467,0.0
56,26,578.0899,1.8467,0.0
56,27,609.2865,1.8467,0.0
56,28,629.2493,1.8467,0.0
56,29,482.4149,1.8467,0.0
56,30,491.2073,1.8467,0.0
56,31,583.5203,1.8467,0.0
56,32,509.452,1.8467,0.0
56,33,430.8021,1.8467,0.0
56,34,384.5873,1.8467,0.0
56,35,334.8115,1.8467,0.0
56,36,289.7981,1.8467,0.0
56,37,1652.2832,1.8467,0.0
56,38,1419.9417,1.8467,0.0
56,39,1233.0006,1.8467,0.0
56,40,1102.2638,1.8467,0.0
56,41,1001.666,1.8467,0.0
56,42,768.8382,1.8467,0.0
56,43,859.6392,1.8467,0.0
56,44,650.7128,1.8467,0.0
56,45,711.0892,1.8467,0.0
56,46,657.9647,1.8467,0.0
56,47,549.4299,1.8467,0.0
56,48,578.1096,1.8467,0.0
56,49,730.5114,1.8467,0.0
56,50,669.796,1.8467,0.0
56,51,592.2077,1.8467,0.0
56,52,546.9393,1.8467,0.0
56,53,492.1377,1.8467,0.0
56,54,440.4668,1.8467,0.0
56,55,2013.0282,1.8467,0.0
56,56,1816.0675,1.8467,0.0
56,57,1581.4671,1.8467,0.0
56,58,700.8041,1.8467,2.7991
56,59,1604.0906,1.8467,0.0
56,60,1537.9273,1.8467,0.0
56,61,1498.6941,1.8467,0.0
56,62,1462.6834,1.8467,0.0
56,63,1430.7306,1.8467,0.0
56,64,1114.5114,1.8467,0.0
56,65,1273.3916,1.8467,0.0
56,66,1226.1232,1.8467,0.0
56,67,1287.4672,1.8467,0.0
56,68,1259.8096,1.8467,0.0
56,69,1234.7344,1.8467,0.0
56,70,1220.7557,1.8467,0.0
56,71,1021.9725,1.8467,0.0
56,72,996.3785,1.8467,0.0
56,73,904.6021,1.8467,0.0
56,74,760.9816,1.8467,0.0
56,75,772.542,1.8467,0.0
56,76,697.0822,1.8467,0.0
56,77,636.1508,1.8467,0.0
56,78,526.5538,1.8467,0.0
56,79,491.2122,1.8467,0.0
56,80,504.4111,1.8467,0.0
56,81,748.6479,1.8467,0.0
56,82,727.0069,1.8467,0.0
56,83,663.2201,1.8467,0.0
56,84,630.0014,1.8467,0.0
56,85,578.6848,1.8467,0.0
56,86,528.1695,1.8467,0.0
56,87,1887.1061,1.8467,0.0
56,88,1787.7406,1.8467,0.0
56,89,1567.0784,1.8467,0.0
56,90,1395.4519,1.8467,0.0
56,91,1391.8292,1.8467,0.0
56,92,1347.3076,1.8467,0.0
56,93,1394.8404,1.8467,0.0
56,94,1349.3008,1.8467,0.0
56,1,72.9013,1.8467,0.0
56,3,242.2872,1.8467,0.9865
56,4,308.141,1.8467,0.9808
56,5,231.6543,1.8467,0.9706
56,6,173.0249,1.8467,0.9868
56,7,119.1434,1.8467,0.9944
56,8,86.0773,1.8467,0.9925
56,9,58.5836,1.8467,0.9982
56,11,355.3439,1.8467,0.9684
56,12,550.6761,1.8467,0.9628
56,13,552.8634,1.8467,0.9648
56,14,438.8597,1.8467,0.9507
56,15,356.2697,1.8467,0.9947
56,16,299.5059,1.8467,0.9948
56,17,243.3421,1.8467,0.9972
56,19,486.9346,1.8467,0.9767
56,20,952.5771,1.8467,0.9831
56,21,481.8238,1.8467,1.8627
56,22,465.0211,1.8467,1.8299
56,23,455.7896,1.8467,1.9138
56,24,452.1352,1.8467,1.8269
56,25,413.4328,1.8467,1.6406
56,26,381.9591,1.8467,1.6483
56,27,364.376,1.8467,1.7149
56,28,356.3892,1.8467,1.7937
56,29,353.7227,1.8467,0.9576
56,30,329.1343,1.8467,1.9419
56,31,546.6402,1.8467,0.9601
56,32,475.5382,1.8467,0.9434
56,33,423.2918,1.8467,0.9889
56,34,384.7697,1.8467,0.9901
56,35,337.2327,1.8467,0.9974
56,37,579.798,1.8467,0.9738
56,38,1160.904,1.8467,0.9801
56,39,872.2882,1.8467,1.9153
56,40,638.0792,1.8467,1.9355
56,41,644.4515,1.8467,1.9545
56,42,599.6614,1.8467,1.942
56,43,678.1232,1.8467,1.6682
56,44,519.5738,1.8467,1.8584
56,45,485.8072,1.8467,1.9003
56,46,450.6082,1.8467,1.863
56,47,436.2139,1.8467,0.9679
56,48,429.5551,1.8467,1.9539
56,49,694.256,1.8467,0.9633
56,50,622.6826,1.8467,0.9514
56,51,579.8,1.8467,0.9749
56,52,546.3872,1.8467,0.9811
56,53,496.799,1.8467,0.9968
56,55,681.3467,1.8467,0.9909
56,56,1511.343,1.8467,0.9797
56,57,1105.9643,1.8467,1.9373
56,59,679.3561,1.8467,2.9425
56,60,665.2422,1.8467,2.9455
56,61,643.9008,1.8467,2.9413
56,62,647.8742,1.8467,2.93
56,63,626.9684,1.8467,1.8286
56,64,652.181,1.8467,2.8732
56,65,611.9003,1.8467,2.9086
56,66,624.0645,1.8467,2.8965
56,67,580.1915,1.8467,2.9242
56,68,563.4346,1.8467,2.9282
56,69,559.991,1.8467,2.9246
56,70,589.5932,1.8467,2.8482
56,71,540.9402,1.8467,2.9219
56,72,743.9419,1.8467,1.9254
56,73,686.9912,1.8467,1.9459
56,74,623.587,1.8467,1.9292
56,75,633.8163,1.8467,1.8104
56,76,548.3161,1.8467,1.8858
56,77,514.9544,1.8467,1.8648
56,78,491.3347,1.8467,1.9188
56,79,469.7999,1.8467,0.9846
56,80,452.0452,1.8467,1.9896
56,81,744.4526,1.8467,0.9267
56,82,672.6963,1.8467,0.9383
56,83,649.4718,1.8467,0.982
56,84,629.7613,1.8467,0.9815
56,85,585.6643,1.8467,0.9954
56,87,766.9569,1.8467,0.9705
56,88,1494.4404,1.8467,0.9662
56,89,804.0492,1.8467,2.907
56,90,935.3603,1.8467,2.8844
56,91,834.4609,1.8467,2.8738
56,92,732.6064,1.8467,2.8878
56,93,704.0257,1.8467,2.9095
56,94,860.6585,1.8467,1.9209
56,4,197.5839,1.8467,1.9697
56,5,193.8381,1.8467,1.9441
56,6,140.2904,1.8467,1.9985
56,7,111.7057,1.8467,2.0143
56,8,75.7417,1.8467,1.9887
56,12,353.0531,1.8467,1.9496
56,13,427.3949,1.8467,1.9311
56,14,407.462,1.8467,1.9435
56,15,351.6844,1.8467,2.0102
56,16,293.4143,1.8467,1.9903
56,20,495.4172,1.8467,1.9349
56,21,473.6984,1.8467,2.8999
56,22,479.3449,1.8467,3.8675
56,23,438.919,1.8467,2.911
56,24,328.0436,1.8467,10.619
56,25,279.2953,1.8467,9.8849
56,26,274.2873,1.8467,9.1376
56,27,324.0498,1.8467,2.9263
56,28,301.1629,1.8467,6.5458
56,31,429.3221,1.8467,1.9315
56,32,452.0196,1.8467,1.9447
56,33,411.8184,1.8467,1.9793
56,34,381.6942,1.8467,1.9812
56,38,593.3572,1.8467,1.9143
56,39,567.2445,1.8467,2.8903
56,40,571.0295,1.8467,3.9106
56,41,552.6718,1.8467,2.9225
56,42,486.0298,1.8467,11.056
56,43,427.1818,1.8467,9.5402
56,44,403.028,1.8467,8.8895
56,45,412.5321,1.8467,2.9696
56,46,431.4907,1.8467,5.7095
56,49,553.0827,1.8467,1.9378
56,50,600.9779,1.8467,1.9505
56,51,563.1051,1.8467,1.9523
56,52,541.6776,1.8467,1.9639
56,56,716.5475,1.8467,1.8467
57,1,46.8202,2.9175,0.9118
57,2,30.5886,2.9175,0.0
57,3,748.9052,2.9175,0.0
57,4,428.0498,2.9175,0.0
57,5,286.029,2.9175,0.0
57,6,191.9355,2.9175,0.0
57,7,133.441,2.9175,0.0
57,8,100.5575,2.9175,0.0
57,9,75.8298,2.9175,0.0
57,10,58.0795,2.9175,0.0
57,11,894.7448,2.9175,0.0
57,12,683.2371,2.9175,0.0
57,13,627.5348,2.9175,0.0
57,14,491.8929,2.9175,0.0
57,15,381.6757,2.9175,0.0
57,16,315.6193,2.9175,0.0
57,17,256.8455,2.9175,0.0
57,18,209.3707,2.9175,0.0
57,19,1467.2405,2.9175,0.0
57,20,1204.1091,2.9175,0.0
57,21,993.2805,2.9175,0.0
57,22,957.57,2.9175,0.0
57,23,876.005,2.9175,0.0
57,24,689.4794,2.9175,0.0
57,25,753.0932,2.9175,0.0
57,26,590.439,2.9175,0.0
57,27,625.0103,2.9175,0.0
57,28,644.5028,2.9175,0.0
57,29,493.6053,2.9175,0.0
57,30,505.5837,2.9175,0.0
57,31,599.8301,2.9175,0.0
57,32,526.866,2.9175,0.0
57,33,447.5546,2.9175,0.0
57,34,400.4704,2.9175,0.0
57,35,349.371,2.9175,0.0
57,36,302.896,2.9175,0.0
57,37,1643.0879,2.9175,0.0
57,38,1434.6583,2.9175,0.0
57,39,1253.1317,2.9175,0.0
57,40,1124.0457,2.9175,0.0
57,41,1023.5,2.9175,0.0
57,42,787.9045,2.9175,0.0
57,43,880.0314,2.9175,0.0
57,44,668.2859,2.9175,0.0
57,45,730.8135,2.9175,0.0
57,46,677.0271,2.9175,0.0
57,47,564.249,2.9175,0.0
57,48,595.7322,2.9175,0.0
57,49,749.9911,2.9175,0.0
57,50,691.3637,2.9175,0.0
57,51,613.9793,2.9175,0.0
57,52,568.3523,2.9175,0.0
57,53,512.5389,2.9175,0.0
57,54,459.5735,2.9175,0.0
57,55,2001.2557,2.9175,0.0
57,56,1830.2684,2.9175,0.0
57,57,1603.5452,2.9175,0.0
57,58,725.6894,2.9175,2.7991
57,59,1619.6684,2.9175,0.0
57,60,1554.6376,2.9175,0.0
57,61,1515.4611,2.9175,0.0
57,62,1479.4584,2.9175,0.0
57,63,1447.5288,2.9175,0.0
57,64,1134.1326,2.9175,0.0
57,65,1282.3779,2.9175,0.0
57,66,1236.0668,2.9175,0.0
57,67,1304.7191,2.9175,0.0
57,68,1276.9567,2.9175,0.0
57,69,1251.8739,2.9175,0.0
57,70,1237.4305,2.9175,0.0
57,71,1039.9691,2.9175,0.0
57,72,1019.9809,2.9175,0.0
57,73,928.8454,2.9175,0.0
57,74,782.6068,2.9175,0.0
57,75,795.6002,2.9175,0.0
57,76,719.5979,2.9175,0.0
57,77,657.8799,2.9175,0.0
57,78,545.1997,2.9175,0.0
57,79,508.8669,2.9175,0.0
57,80,523.2255,2.9175,0.0
57,81,768.7997,2.9175,0.0
57,82,749.9894,2.9175,0.0
57,83,687.0637,2.9175,0.0
57,84,654.0503,2.9175,0.0
57,85,602.1577,2.9175,0.0
57,86,550.601,2.9175,0.0
57,87,1885.5867,2.9175,0.0
57,88,1807.1153,2.9175,0.0
57,89,1593.0087,2.9175,0.0
57,90,1426.54,2.9175,0.0
57,91,1418.2359,2.9175,0.0
57,92,1373.0549,2.9175,0.0
57,93,1416.4457,2.9175,0.0
57,94,1371.189,2.9175,0.0
57,1,75.8394,2.9175,0.0
57,3,248.4867,2.9175,0.9865
57,4,316.4815,2.9175,0.9808
57,5,240.1361,2.9175,0.9706
57,6,180.0326,2.9175,0.9868
57,7,124.4124,2.9175,0.9944
57,8,90.0932,2.9175,0.9925
57,9,61.4499,2.9175,0.9982
57,11,363.4612,2.9175,0.9684
57,12,562.6808,2.9175,0.9628
57,13,568.1457,2.9175,0.9648
57,14,454.2176,2.9175,0.9507
57,15,370.3899,2.9175,0.9947
57,16,312.15,2.9175,0.9948
57,17,254.1851,2.9175,0.9972
57,19,499.2067,2.9175,0.9767
57,20,962.2662,2.9175,0.9831
57,21,497.6257,2.9175,1.8627
57,22,480.2028,2.9175,1.8299
57,23,470.5903,2.9175,1.9138
57,24,466.4241,2.9175,1.8269
57,25,428.1805,2.9175,1.6406
57,26,395.8945,2.9175,1.6483
57,27,377.5895,2.9175,1.7149
57,28,369.1952,2.9175,1.7937
57,29,365.399,2.9175,0.9576
57,30,341.7316,2.9175,1.9419
57,31,562.7686,2.9175,0.9601
57,32,492.3604,2.9175,0.9434
57,33,439.8384,2.9175,0.9889
57,34,400.632,2.9175,0.9901
57,35,351.8502,2.9175,0.9974
57,37,594.9926,2.9175,0.9738
57,38,1171.1205,2.9175,0.9801
57,39,889.9501,2.9175,1.9153
57,40,658.2098,2.9175,1.9355
57,41,664.7346,2.9175,1.9545
57,42,619.0974,2.9175,1.942
57,43,696.3752,2.9175,1.6682
57,44,538.172,2.9175,1.8584
57,45,503.191,2.9175,1.9003
57,46,466.8855,2.9175,1.863
57,47,451.7417,2.9175,0.9679
57,48,446.1765,2.9175,1.9539
57,49,714.0617,2.9175,0.9633
57,50,643.8177,2.9175,0.9514
57,51,601.4334,2.9175,0.9749
57,52,567.8637,2.9175,0.9811
57,53,517.3851,2.9175,0.9968
57,55,702.1148,2.9175,0.9909
57,56,1519.7933,2.9175,0.9797
57,57,1126.9136,2.9175,1.9373
57,59,703.6339,2.9175,2.9425
57,60,689.0464,2.9175,2.9455
57,61,667.0629,2.9175,2.9413
57,62,670.6863,2.9175,2.93
57,63,647.473,2.9175,1.8286
57,64,675.1196,2.9175,2.8732
57,65,633.7528,2.9175,2.9086
57,66,645.4413,2.9175,2.8965
57,67,601.2846,2.9175,2.9242
57,68,584.0468,2.9175,2.9282
57,69,580.3947,2.9175,2.9246
57,70,610.6554,2.9175,2.8482
57,71,560.8653,2.9175,2.9219
57,72,764.5954,2.9175,1.9254
57,73,708.0568,2.9175,1.9459
57,74,644.5293,2.9175,1.9292
57,75,653.3684,2.9175,1.8104
57,76,568.9397,2.9175,1.8858
57,77,534.6598,2.9175,1.8648
57,78,510.2993,2.9175,1.9188
57,79,487.7354,2.9175,0.9846
57,80,470.4486,2.9175,1.9896
57,81,765.8095,2.9175,0.9267
57,82,695.6631,2.9175,0.9383
57,83,673.4193,2.9175,0.982
57,84,654.0389,2.9175,0.9815
57,85,609.4636,2.9175,0.9954
57,87,790.6292,2.9175,0.9705
57,88,1508.9609,2.9175,0.9662
57,89,832.7859,2.9175,2.907
57,90,963.8914,2.9175,2.8844
57,91,860.5557,2.9175,2.8738
57,92,758.6803,2.9175,2.8878
57,93,729.6137,2.9175,2.9095
57,94,883.2078,2.9175,1.9209
57,4,205.085,2.9175,1.9697
57,5,201.2083,2.9175,1.9441
57,6,146.333,2.9175,1.9985
57,7,116.6803,2.9175,2.0143
57,8,79.2877,2.9175,1.9887
57,12,364.9162,2.9175,1.9496
57,13,441.2004,2.9175,1.9311
57,14,422.1202,2.9175,1.9435
57,15,365.4498,2.9175,2.0102
57,16,305.7996,2.9175,1.9903
57,20,511.3063,2.9175,1.9349
57,21,490.3181,2.9175,2.8999
57,22,496.2446,2.9175,3.8675
57,23,454.0832,2.9175,2.911
57,24,340.5132,2.9175,10.619
57,25,290.561,2.9175,9.8849
57,26,285.2677,2.9175,9.1376
57,27,335.8153,2.9175,2.9263
57,28,312.4878,2.9175,6.5458
57,31,444.1573,2.9175,1.9315
57,32,468.3886,2.9175,1.9447
57,33,428.0906,2.9175,1.9793
57,34,397.4445,2.9175,1.9812
57,38,612.2994,2.9175,1.9143
57,39,587.7222,2.9175,2.8903
57,40,592.2396,2.9175,3.9106
57,41,572.6815,2.9175,2.9225
57,42,504.8956,2.9175,11.056
57,43,444.5757,2.9175,9.5402
57,44,419.6916,2.9175,8.8895
57,45,428.4259,2.9175,2.9696
57,46,447.9267,2.9175,5.7095
57,49,572.0823,2.9175,1.9378
57,50,621.939,2.9175,1.9505
57,51,584.5218,2.9175,1.9523
57,52,563.1134,2.9175,1.9639
57,56,739.916,2.9175,1.8467
57,57,766.0202,2.9175,2.9175
72,1,35.2195,3.884,0.9118
72,2,23.4106,3.884,0.0
72,3,525.3124,3.884,0.0
72,4,309.8467,3.884,0.0
72,5,210.8417,3.884,0.0
72,6,143.42,3.884,0.0
72,7,100.7419,3.884,0.0
72,8,76.4842,3.884,0.0
72,9,58.0567,3.884,0.0
72,10,44.712,3.884,0.0
72,11,628.9308,3.884,0.0
72,12,491.8846,3.884,0.0
72,13,456.029,3.884,0.0
72,14,361.9455,3.884,0.0
72,15,283.8239,3.884,0.0
72,16,236.3271,3.884,0.0
72,17,193.602,3.884,0.0
72,18,158.7463,3.884,0.0
72,19,1027.4537,3.884,0.0
72,20,858.7351,3.884,0.0
72,21,711.4013,3.884,0.0
72,22,688.6652,3.884,0.0
72,23,631.5437,3.884,0.0
72,24,497.5754,3.884,0.0
72,25,544.8626,3.884,0.0
72,26,427.8056,3.884,0.0
72,27,454.8427,3.884,0.0
72,28,467.856,3.884,0.0
72,29,358.685,3.884,0.0
72,30,369.9201,3.884,0.0
72,31,437.6841,3.884,0.0
72,32,388.1085,3.884,0.0
72,33,332.5587,3.884,0.0
72,34,299.1967,3.884,0.0
72,35,262.4889,3.884,0.0
72,36,228.7578,3.884,0.0
72,37,1152.815,3.884,0.0
72,38,1022.6698,3.884,0.0
72,39,900.1084,3.884,0.0
72,40,811.3033,3.884,0.0
72,41,741.1601,3.884,0.0
72,42,573.9237,3.884,0.0
72,43,639.6388,3.884,0.0
72,44,488.8736,3.884,0.0
72,45,534.3847,3.884,0.0
72,46,496.0739,3.884,0.0
72,47,413.2739,3.884,0.0
72,48,437.6803,3.884,0.0
72,49,547.438,3.884,0.0
72,50,508.4799,3.884,0.0
72,51,454.9967,3.884,0.0
72,52,423.1347,3.884,0.0
72,53,383.4911,3.884,0.0
72,54,345.4999,3.884,0.0
72,55,1404.8971,3.884,0.0
72,56,1301.7488,3.884,0.0
72,57,1149.095,3.884,0.0
72,58,537.12,3.884,2.7991
72,59,1155.0423,3.884,0.0
72,60,1109.9829,3.884,0.0
72,61,1082.3751,3.884,0.0
72,62,1056.9604,3.884,0.0
72,63,1034.4333,3.884,0.0
72,64,817.6123,3.884,0.0
72,65,913.6454,3.884,0.0
72,66,881.9839,3.884,0.0
72,67,934.0964,3.884,0.0
72,68,914.3896,3.884,0.0
72,69,896.6775,3.884,0.0
72,70,886.0025,3.884,0.0
72,71,749.1105,3.884,0.0
72,72,740.2521,3.884,0.0
72,73,677.375,3.884,0.0
72,74,573.1085,3.884,0.0
72,75,583.632,3.884,0.0
72,76,530.0945,3.884,0.0
72,77,486.2916,3.884,0.0
72,78,404.602,3.884,0.0
72,79,378.2426,3.884,0.0
72,80,389.4352,3.884,0.0
72,81,562.5975,3.884,0.0
72,82,551.955,3.884,0.0
72,83,509.0381,3.884,0.0
72,84,486.4793,3.884,0.0
72,85,450.0048,3.884,0.0
72,86,413.2665,3.884,0.0
72,87,1331.7058,3.884,0.0
72,88,1290.4127,3.884,0.0
72,89,1145.4809,3.884,0.0
72,90,1034.2317,3.884,0.0
72,91,1024.3603,3.884,0.0
72,92,991.9479,3.884,0.0
72,93,1018.2141,3.884,0.0
72,94,986.5736,3.884,0.0
72,1,56.4513,3.884,0.0
72,3,180.3567,3.884,0.9865
72,4,230.5206,3.884,0.9808
72,5,177.6918,3.884,0.9706
72,6,134.51,3.884,0.9868
72,7,93.9569,3.884,0.9944
72,8,68.6555,3.884,0.9925
72,9,47.3702,3.884,0.9982
72,11,263.0701,3.884,0.9684
72,12,406.582,3.884,0.9628
72,13,413.8249,3.884,0.9648
72,14,334.849,3.884,0.9507
72,15,275.5427,3.884,0.9947
72,16,233.6999,3.884,0.9948
72,17,191.5796,3.884,0.9972
72,19,364.0815,3.884,0.9767
72,20,687.2356,3.884,0.9831
72,21,366.3074,3.884,1.8627
72,22,353.6686,3.884,1.8299
72,23,346.5441,3.884,1.9138
72,24,343.087,3.884,1.8269
72,25,316.7157,3.884,1.6406
72,26,293.3646,3.884,1.6483
72,27,279.8339,3.884,1.7149
72,28,273.493,3.884,1.7937
72,29,269.5315,3.884,0.9576
72,30,254.0293,3.884,1.9419
72,31,411.6506,3.884,0.9601
72,32,363.5188,3.884,0.9434
72,33,326.9981,3.884,0.9889
72,34,299.2958,3.884,0.9901
72,35,264.2782,3.884,0.9974
72,37,434.9443,3.884,0.9738
72,38,835.727,3.884,0.9801
72,39,644.7928,3.884,1.9153
72,40,484.2582,3.884,1.9355
72,41,488.9632,3.884,1.9545
72,42,456.4149,3.884,1.942
72,43,509.6654,3.884,1.6682
72,44,398.9804,3.884,1.8584
72,45,373.3141,3.884,1.9003
72,46,346.8008,3.884,1.863
72,47,335.2999,3.884,0.9679
72,48,332.4942,3.884,1.9539
72,49,522.6366,3.884,0.9633
72,50,474.9574,3.884,0.9514
72,51,446.1604,3.884,0.9749
72,52,422.8902,3.884,0.9811
72,53,387.0805,3.884,0.9968
72,55,516.2527,3.884,0.9909
72,56,1081.5338,3.884,0.9797
72,57,815.4833,3.884,1.9373
72,59,521.0382,3.884,2.9425
72,60,510.2804,3.884,2.9455
72,61,494.2011,3.884,2.9413
72,62,496.3249,3.884,2.93
72,63,477.4175,3.884,1.8286
72,64,499.3872,3.884,2.8732
72,65,469.2695,3.884,2.9086
72,66,476.9556,3.884,2.8965
72,67,445.6595,3.884,2.9242
72,68,433.0449,3.884,2.9282
72,69,430.2033,3.884,2.9246
72,70,451.8405,3.884,2.8482
72,71,415.9525,3.884,2.9219
72,72,559.5455,3.884,1.9254
72,73,520.5842,3.884,1.9459
72,74,476.1701,3.884,1.9292
72,75,480.7152,3.884,1.8104
72,76,423.2275,3.884,1.8858
72,77,398.4345,3.884,1.8648
72,78,380.7018,3.884,1.9188
72,79,363.8829,3.884,0.9846
72,80,352.3223,3.884,1.9896
72,81,561.5704,3.884,0.9267
72,82,514.0647,3.884,0.9383
72,83,499.6808,3.884,0.982
72,84,486.7535,3.884,0.9815
72,85,455.4758,3.884,0.9954
72,87,581.5932,3.884,0.9705
72,88,1079.0444,3.884,0.9662
72,89,616.5066,3.884,2.907
72,90,708.9084,3.884,2.8844
72,91,634.5427,3.884,2.8738
72,92,562.365,3.884,2.8878
72,93,541.4742,3.884,2.9095
72,94,646.3003,3.884,1.9209
72,4,151.871,3.884,1.9697
72,5,149.4557,3.884,1.9441
72,6,109.9534,3.884,1.9985
72,7,88.2333,3.884,2.0143
72,8,60.5927,3.884,1.9887
72,12,268.1594,3.884,1.9496
72,13,323.874,3.884,1.9311
72,14,311.7468,3.884,1.9435
72,15,271.7071,3.884,2.0102
72,16,228.983,3.884,1.9903
72,20,375.8352,3.884,1.9349
72,21,362.1428,3.884,2.8999
72,22,366.6628,3.884,3.8675
72,23,335.4749,3.884,2.911
72,24,253.6388,3.884,10.619
72,25,217.5174,3.884,9.8849
72,26,213.4398,3.884,9.1376
72,27,249.2727,3.884,2.9263
72,28,232.4905,3.884,6.5458
72,31,327.6728,3.884,1.9315
72,32,346.3606,3.884,1.9447
72,33,318.552,3.884,1.9793
72,34,296.9628,3.884,1.9812
72,38,450.4096,3.884,1.9143
72,39,435.0222,3.884,2.8903
72,40,439.1688,3.884,3.9106
72,41,424.514,3.884,2.9225
72,42,376.2853,3.884,11.056
72,43,332.7662,3.884,9.5402
72,44,314.6598,3.884,8.8895
72,45,319.7331,3.884,2.9696
72,46,333.7879,3.884,5.7095
72,49,422.7552,3.884,1.9378
72,50,459.552,3.884,1.9505
72,51,434.1959,3.884,1.9523
72,52,419.5653,3.884,1.9639
72,56,545.2609,3.884,1.8467
72,57,566.2392,3.884,2.9175
72,72,420.9766,3.884,3.884
73,1,36.5951,2.8988,0.9118
73,2,24.2814,2.8988,0.0
73,3,566.1059,2.8988,0.0
73,4,326.4469,2.8988,0.0
73,5,220.4197,2.8988,0.0
73,6,149.329,2.8988,0.0
73,7,104.6769,2.8988,0.0
73,8,79.3968,2.8988,0.0
73,9,60.2393,2.8988,0.0
73,10,46.3878,2.8988,0.0
73,11,676.8713,2.8988,0.0
73,12,519.9846,2.8988,0.0
73,13,479.7941,2.8988,0.0
73,14,378.6269,2.8988,0.0
73,15,295.8053,2.8988,0.0
73,16,245.8675,2.8988,0.0
73,17,201.1396,2.8988,0.0
73,18,164.7805,2.8988,0.0
73,19,1112.6264,2.8988,0.0
73,20,914.4703,2.8988,0.0
73,21,755.2519,2.8988,0.0
73,22,729.5649,2.8988,0.0
73,23,668.1599,2.8988,0.0
73,24,526.7674,2.8988,0.0
73,25,575.3875,2.8988,0.0
73,26,451.9544,2.8988,0.0
73,27,478.7837,2.8988,0.0
73,28,493.0665,2.8988,0.0
73,29,378.3878,2.8988,0.0
73,30,388.3794,2.8988,0.0
73,31,459.9876,2.8988,0.0
73,32,406.0097,2.8988,0.0
73,33,346.769,2.8988,0.0
73,34,311.4923,2.8988,0.0
73,35,272.9038,2.8988,0.0
73,36,237.5951,2.8988,0.0
73,37,1247.3944,2.8988,0.0
73,38,1090.1054,2.8988,0.0
73,39,954.6796,2.8988,0.0
73,40,858.1082,2.8988,0.0
73,41,782.6849,2.8988,0.0
73,42,604.7166,2.8988,0.0
73,43,674.5116,2.8988,0.0
73,44,514.2669,2.8988,0.0
73,45,561.7599,2.8988,0.0
73,46,521.0045,2.8988,0.0
73,47,434.7817,2.8988,0.0
73,48,459.1663,2.8988,0.0
73,49,575.972,2.8988,0.0
73,50,532.7389,2.8988,0.0
73,51,475.1601,2.8988,0.0
73,52,441.1736,2.8988,0.0
73,53,399.2387,2.8988,0.0
73,54,359.2542,2.8988,0.0
73,55,1520.9786,2.8988,0.0
73,56,1390.8237,2.8988,0.0
73,57,1221.2713,2.8988,0.0
73,58,561.442,2.8988,2.7991
73,59,1232.1348,2.8988,0.0
73,60,1182.7756,2.8988,0.0
73,61,1153.0265,2.8988,0.0
73,62,1125.6719,2.8988,0.0
73,63,1101.4151,2.8988,0.0
73,64,866.4353,2.8988,0.0
73,65,977.2208,2.8988,0.0
73,66,942.6309,2.8988,0.0
73,67,993.149,2.8988,0.0
73,68,972.0151,2.8988,0.0
73,69,952.9641,2.8988,0.0
73,70,941.7869,2.8988,0.0
73,71,793.8369,2.8988,0.0
73,72,780.5354,2.8988,0.0
73,73,712.5324,2.8988,0.0
73,74,602.2024,2.8988,0.0
73,75,612.5821,2.8988,0.0
73,76,555.3892,2.8988,0.0
73,77,508.8223,2.8988,0.0
73,78,423.0185,2.8988,0.0
73,79,395.3275,2.8988,0.0
73,80,406.6133,2.8988,0.0
73,81,591.9094,2.8988,0.0
73,82,578.593,2.8988,0.0
73,83,531.9314,2.8988,0.0
73,84,507.5787,2.8988,0.0
73,85,468.7736,2.8988,0.0
73,86,429.9772,2.8988,0.0
73,87,1434.8337,2.8988,0.0
73,88,1375.1465,2.8988,0.0
73,89,1214.8259,2.8988,0.0
73,90,1091.7991,2.8988,0.0
73,91,1084.3209,2.8988,0.0
73,92,1049.8792,2.8988,0.0
73,93,1080.8128,2.8988,0.0
73,94,1046.5858,2.8988,0.0
73,1,58.8038,2.8988,0.0
73,3,189.8611,2.8988,0.9865
73,4,242.4429,2.8988,0.9808
73,5,185.5749,2.8988,0.9706
73,6,140.1249,2.8988,0.9868
73,7,97.6568,2.8988,0.9944
73,8,71.2644,2.8988,0.9925
73,9,49.1219,2.8988,0.9982
73,11,277.5361,2.8988,0.9684
73,12,429.324,2.8988,0.9628
73,13,434.9778,2.8988,0.9648
73,14,350.0849,2.8988,0.9507
73,15,287.1696,2.8988,0.9947
73,16,243.1608,2.8988,0.9948
73,17,199.0537,2.8988,0.9972
73,19,383.519,2.8988,0.9767
73,20,732.9927,2.8988,0.9831
73,21,383.5932,2.8988,1.8627
73,22,370.4544,2.8988,1.8299
73,23,363.0328,2.8988,1.9138
73,24,359.6452,2.8988,1.8269
73,25,331.0001,2.8988,1.6406
73,26,306.4315,2.8988,1.6483
73,27,292.3568,2.8988,1.7149
73,28,285.7997,2.8988,1.7937
73,29,282.2514,2.8988,0.9576
73,30,265.0166,2.8988,1.9419
73,31,432.1249,2.8988,0.9601
73,32,379.9737,2.8988,0.9434
73,33,340.9276,2.8988,0.9889
73,34,311.6121,2.8988,0.9901
73,35,274.7891,2.8988,0.9974
73,37,457.8458,2.8988,0.9738
73,38,892.5336,2.8988,0.9801
73,39,682.1282,2.8988,1.9153
73,40,507.6612,2.8988,1.9355
73,41,512.5695,2.8988,1.9545
73,42,478.1928,2.8988,1.942
73,43,536.2636,2.8988,1.6682
73,44,416.9904,2.8988,1.8584
73,45,390.1903,2.8988,1.9003
73,46,362.4056,2.8988,1.863
73,47,350.5137,2.8988,0.9679
73,48,346.8043,2.8988,1.9539
73,49,549.0979,2.8988,0.9633
73,50,497.0041,2.8988,0.9514
73,51,465.7586,2.8988,0.9749
73,52,440.8725,2.8988,0.9811
73,53,402.9787,2.8988,0.9968
73,55,541.6856,2.8988,0.9909
73,56,1158.6256,2.8988,0.9797
73,57,863.7277,2.8988,1.9373
73,59,544.548,2.8988,2.9425
73,60,533.2855,2.8988,2.9455
73,61,516.4163,2.8988,2.9413
73,62,518.9341,2.8988,2.93
73,63,500.0591,2.8988,1.8286
73,64,522.1286,2.8988,2.8732
73,65,490.4487,2.8988,2.9086
73,66,499.0339,2.8988,2.8965
73,67,465.5582,2.8988,2.9242
73,68,452.308,2.8988,2.9282
73,69,449.3857,2.8988,2.9246
73,70,472.2105,2.8988,2.8482
73,71,434.3741,2.8988,2.9219
73,72,588.3364,2.8988,1.9254
73,73,546.1603,2.8988,1.9459
73,74,498.481,2.8988,1.9292
73,75,504.2571,2.8988,1.8104
73,76,441.7879,2.8988,1.8858
73,77,415.7277,2.8988,1.8648
73,78,397.1454,2.8988,1.9188
73,79,379.7275,2.8988,0.9846
73,80,367.012,2.8988,1.9896
73,81,590.0054,2.8988,0.9267
73,82,537.8913,2.8988,0.9383
73,83,521.8162,2.8988,0.982
73,84,507.7317,2.8988,0.9815
73,85,474.4469,2.8988,0.9954
73,87,610.068,2.8988,0.9705
73,88,1151.6502,2.8988,0.9662
73,89,644.3107,2.8988,2.907
73,90,743.9225,2.8988,2.8844
73,91,665.6885,2.8988,2.8738
73,92,587.8612,2.8988,2.8878
73,93,565.7059,2.8988,2.9095
73,94,680.4913,2.8988,1.9209
73,4,158.4438,2.8988,1.9697
73,5,155.9549,2.8988,1.9441
73,6,114.3514,2.8988,1.9985
73,7,91.6935,2.8988,2.0143
73,8,62.8991,2.8988,1.9887
73,12,280.6157,2.8988,1.9496
73,13,339.2839,2.8988,1.9311
73,14,325.7067,2.8988,1.9435
73,15,283.2719,2.8988,2.0102
73,16,238.2558,2.8988,1.9903
73,20,393.7862,2.8988,1.9349
73,21,378.6235,2.8988,2.8999
73,22,383.3036,2.8988,3.8675
73,23,350.9096,2.8988,2.911
73,24,264.6919,2.8988,10.619
73,25,226.6492,2.8988,9.8849
73,26,222.4463,2.8988,9.1376
73,27,260.4422,2.8988,2.9263
73,28,242.685,2.8988,6.5458
73,31,342.7253,2.8988,1.9315
73,32,361.8268,2.8988,1.9447
73,33,332.0294,2.8988,1.9793
73,34,309.1767,2.8988,1.9812
73,38,472.0061,2.8988,1.9143
73,39,454.5024,2.8988,2.8903
73,40,458.5024,2.8988,3.9106
73,41,443.5425,2.8988,2.9225
73,42,392.4448,2.8988,11.056
73,43,346.6274,2.8988,9.5402
73,44,327.6381,2.8988,8.8895
73,45,333.5709,2.8988,2.9696
73,46,348.3184,2.8988,5.7095
73,49,442.2857,2.8988,1.9378
73,50,480.5632,2.8988,1.9505
73,51,453.0459,2.8988,1.9523
73,52,437.3278,2.8988,1.9639
73,56,571.1614,2.8988,1.8467
73,57,591.9397,2.8988,2.9175
73,72,439.1141,2.8988,3.884
73,73,458.7677,2.8988,2.8988
74,1,34.4352,10.915,0.9118
74,2,23.2301,10.915,0.0
74,3,499.4807,10.915,0.0
74,4,296.7361,10.915,0.0
74,5,203.612,10.915,0.0
74,6,139.6713,10.915,0.0
74,7,98.8541,10.915,0.0
74,8,75.5088,10.915,0.0
74,9,57.6438,10.915,0.0
74,10,44.6145,10.915,0.0
74,11,598.5348,10.915,0.0
74,12,470.4046,10.915,0.0
74,13,437.5983,10.915,0.0
74,14,349.1691,10.915,0.0
74,15,275.3876,10.915,0.0
74,16,230.3666,10.915,0.0
74,17,189.6418,10.915,0.0
74,18,156.2347,10.915,0.0
74,19,979.1991,10.915,0.0
74,20,820.2766,10.915,0.0
74,21,680.1597,10.915,0.0
74,22,659.485,10.915,0.0
74,23,605.3105,10.915,0.0
74,24,477.7116,10.915,0.0
74,25,522.9278,10.915,0.0
74,26,411.3725,10.915,0.0
74,27,437.4383,10.915,0.0
74,28,449.4776,10.915,0.0
74,29,345.334,10.915,0.0
74,30,356.5405,10.915,0.0
74,31,421.15,10.915,0.0
74,32,374.854,10.915,0.0
74,33,322.6401,10.915,0.0
74,34,291.2663,10.915,0.0
74,35,256.517,10.915,0.0
74,36,224.426,10.915,0.0
74,37,1099.7481,10.915,0.0
74,38,977.3503,10.915,0.0
74,39,861.9972,10.915,0.0
74,40,778.2433,10.915,0.0
74,41,711.9449,10.915,0.0
74,42,553.0964,10.915,0.0
74,43,615.6258,10.915,0.0
74,44,472.2143,10.915,0.0
74,45,515.568,10.915,0.0
74,46,479.059,10.915,0.0
74,47,399.7262,10.915,0.0
74,48,423.223,10.915,0.0
74,49,527.6514,10.915,0.0
74,50,491.2965,10.915,0.0
74,51,441.1051,10.915,0.0
74,52,411.239,10.915,0.0
74,53,373.8314,10.915,0.0
74,54,337.864,10.915,0.0
74,55,1340.9193,10.915,0.0
74,56,1244.0756,10.915,0.0
74,57,1100.2138,10.915,0.0
74,58,520.7789,10.915,2.7991
74,59,1104.8675,10.915,0.0
74,60,1061.9928,10.915,0.0
74,61,1035.6282,10.915,0.0
74,62,1011.3417,10.915,0.0
74,63,989.8151,10.915,0.0
74,64,784.9307,10.915,0.0
74,65,875.0019,10.915,0.0
74,66,845.0238,10.915,0.0
74,67,894.1053,10.915,0.0
74,68,875.2348,10.915,0.0
74,69,858.3052,10.915,0.0
74,70,847.9418,10.915,0.0
74,71,718.5066,10.915,0.0
74,72,711.3924,10.915,0.0
74,73,652.2724,10.915,0.0
74,74,553.3851,10.915,0.0
74,75,563.7671,10.915,0.0
74,76,513.0771,10.915,0.0
74,77,471.515,10.915,0.0
74,78,393.4797,10.915,0.0
74,79,368.2721,10.915,0.0
74,80,379.1672,10.915,0.0
74,81,543.5771,10.915,0.0
74,82,534.0168,10.915,0.0
74,83,493.8119,10.915,0.0
74,84,472.817,10.915,0.0
74,85,438.5063,10.915,0.0
74,86,403.7991,10.915,0.0
74,87,1273.0029,10.915,0.0
74,88,1234.7444,10.915,0.0
74,89,1097.9052,10.915,0.0
74,90,994.1869,10.915,0.0
74,91,984.0251,10.915,0.0
74,92,953.0203,10.915,0.0
74,93,976.7438,10.915,0.0
74,94,946.607,10.915,0.0
74,1,54.7934,10.915,0.0
74,3,172.9883,10.915,0.9865
74,4,221.5526,10.915,0.9808
74,5,172.0316,10.915,0.9706
74,6,131.0744,10.915,0.9868
74,7,92.2761,10.915,0.9944
74,8,67.9119,10.915,0.9925
74,9,47.3086,10.915,0.9982
74,11,252.2899,10.915,0.9684
74,12,389.5721,10.915,0.9628
74,13,397.5411,10.915,0.9648
74,14,323.389,10.915,0.9507
74,15,267.4548,10.915,0.9947
74,16,227.8118,10.915,0.9948
74,17,187.6647,10.915,0.9972
74,19,351.1876,10.915,0.9767
74,20,657.8095,10.915,0.9831
74,21,354.0876,10.915,1.8627
74,22,342.0626,10.915,1.8299
74,23,335.1953,10.915,1.9138
74,24,331.7429,10.915,1.8269
74,25,306.7902,10.915,1.6406
74,26,284.4755,10.915,1.6483
74,27,271.4443,10.915,1.7149
74,28,265.2596,10.915,1.7937
74,29,261.0312,10.915,0.9576
74,30,246.696,10.915,1.9419
74,31,396.5106,10.915,0.9601
74,32,351.5243,10.915,0.9434
74,33,317.3585,10.915,0.9889
74,34,291.3625,10.915,0.9901
74,35,258.2257,10.915,0.9974
74,37,420.1356,10.915,0.9738
74,38,800.2836,10.915,0.9801
74,39,620.2744,10.915,1.9153
74,40,468.3741,10.915,1.9355
74,41,472.9418,10.915,1.9545
74,42,442.0491,10.915,1.942
74,43,492.4594,10.915,1.6682
74,44,387.4171,10.915,1.8584
74,45,362.7696,10.915,1.9003
74,46,337.3247,10.915,1.863
74,47,326.0586,10.915,0.9679
74,48,323.6569,10.915,1.9539
74,49,504.2597,10.915,0.9633
74,50,459.5686,10.915,0.9514
74,51,432.7691,10.915,0.9749
74,52,411.0585,10.915,0.9811
74,53,377.2983,10.915,0.9968
74,55,499.5885,10.915,0.9909
74,56,1035.5821,10.915,0.9797
74,57,784.4115,10.915,1.9373
74,59,505.3205,10.915,2.9425
74,60,494.9131,10.915,2.9455
74,61,479.4301,10.915,2.9413
74,62,481.2612,10.915,2.93
74,63,462.3737,10.915,1.8286
74,64,484.0311,10.915,2.8732
74,65,455.1002,10.915,2.9086
74,66,462.2071,10.915,2.8965
74,67,432.3645,10.915,2.9242
74,68,420.1936,10.915,2.9282
74,69,417.3584,10.915,2.9246
74,70,437.8351,10.915,2.8482
74,71,403.5986,10.915,2.9219
74,72,540.1,10.915,1.9254
74,73,503.56,10.915,1.9459
74,74,461.6567,10.915,1.9292
74,75,465.2997,10.915,1.8104
74,76,411.6804,10.915,1.8858
74,77,388.0547,10.915,1.8648
74,78,371.099,10.915,1.9188
74,79,354.8716,10.915,0.9846
74,80,344.0826,10.915,1.9896
74,81,542.8228,10.915,0.9267
74,82,498.2226,10.915,0.9383
74,83,485.0483,10.915,0.982
74,84,473.189,10.915,0.9815
74,85,443.8129,10.915,0.9954
74,87,562.857,10.915,0.9705
74,88,1034.4519,10.915,0.9662
74,89,597.7266,10.915,2.907
74,90,685.9333,10.915,2.8844
74,91,615.0485,10.915,2.8738
74,92,546.0346,10.915,2.8878
74,93,526.0459,10.915,2.9095
74,94,624.7394,10.915,1.9209
74,4,146.9377,10.915,1.9697
74,5,145.0689,10.915,1.9441
74,6,107.5164,10.915,1.9985
74,7,86.7443,10.915,2.0143
74,8,60.1013,10.915,1.9887
74,12,258.4639,10.915,1.9496
74,13,312.1979,10.915,1.9311
74,14,301.3608,10.915,1.9435
74,15,263.7024,10.915,2.0102
74,16,223.257,10.915,1.9903
74,20,363.0051,10.915,1.9349
74,21,350.4674,10.915,2.8999
74,22,354.9301,10.915,3.8675
74,23,324.919,10.915,2.911
74,24,246.9804,10.915,10.619
74,25,212.4317,10.915,9.8849
74,26,208.3891,10.915,9.1376
74,27,242.2155,10.915,2.9263
74,28,226.1706,10.915,6.5458
74,31,316.8461,10.915,1.9315
74,32,335.2083,10.915,1.9447
74,33,309.3265,10.915,1.9793
74,34,289.1318,10.915,1.9812
74,38,435.4733,10.915,1.9143
74,39,421.5613,10.915,2.8903
74,40,425.9507,10.915,3.9106
74,41,411.9567,10.915,2.9225
74,42,366.3303,10.915,11.056
74,43,324.8319,10.915,9.5402
74,44,307.5001,10.915,8.8895
74,45,311.8089,10.915,2.9696
74,46,325.1416,10.915,5.7095
74,49,409.6194,10.915,1.9378
74,50,444.9961,10.915,1.9505
74,51,421.4512,10.915,1.9523
74,52,407.9357,10.915,1.9639
74,56,527.8013,10.915,1.8467
74,57,548.4216,10.915,2.9175
74,72,408.8706,10.915,3.884
74,73,426.3547,10.915,2.8988
74,74,398.0973,10.915,10.915
75,1,31.5928,9.8054,0.9118
75,2,21.621,9.8054,0.0
75,3,437.5796,9.8054,0.0
75,4,264.8378,9.8054,0.0
75,5,184.0194,9.8054,0.0
75,6,127.5271,9.8054,0.0
75,7,90.9958,9.8054,0.0
75,8,69.9289,9.8054,0.0
75,9,53.6738,9.8054,0.0
75,10,41.731,9.8054,0.0
75,11,525.1483,9.8054,0.0
75,12,418.4768,9.8054,0.0
75,13,391.67,9.8054,0.0
75,14,315.1488,9.8054,0.0
75,15,250.4475,9.8054,0.0
75,16,210.6191,9.8054,0.0
75,17,174.2982,9.8054,0.0
75,18,144.2814,9.8054,0.0
75,19,858.3565,9.8054,0.0
75,20,726.1164,9.8054,0.0
75,21,603.5688,9.8054,0.0
75,22,586.8549,9.8054,0.0
75,23,539.5023,9.8054,0.0
75,24,426.3691,9.8054,0.0
75,25,467.1653,9.8054,0.0
75,26,368.134,9.8054,0.0
75,27,392.2549,9.8054,0.0
75,28,402.3692,9.8054,0.0
75,29,309.6449,9.8054,0.0
75,30,320.8518,9.8054,0.0
75,31,378.2013,9.8054,0.0
75,32,338.7095,9.8054,0.0
75,33,293.3096,9.8054,0.0
75,34,265.87,9.8054,0.0
75,35,235.1647,9.8054,0.0
75,36,206.5945,9.8054,0.0
75,37,965.4608,9.8054,0.0
75,38,865.2155,9.8054,0.0
75,39,766.6493,9.8054,0.0
75,40,694.3157,9.8054,0.0
75,41,636.5901,9.8054,0.0
75,42,496.7319,9.8054,0.0
75,43,551.9675,9.8054,0.0
75,44,425.4154,9.8054,0.0
75,45,464.0894,9.8054,0.0
75,46,431.833,9.8054,0.0
75,47,360.5629,9.8054,0.0
75,48,382.2149,9.8054,0.0
75,49,474.3487,9.8054,0.0
75,50,443.7085,9.8054,0.0
75,51,400.3926,9.8054,0.0
75,52,374.5042,9.8054,0.0
75,53,341.6844,9.8054,0.0
75,54,309.9228,9.8054,0.0
75,55,1177.8622,9.8054,0.0
75,56,1100.2149,9.8054,0.0
75,57,977.3591,9.8054,0.0
75,58,472.4946,9.8054,2.7991
75,59,978.8049,9.8054,0.0
75,60,941.4439,9.8054,0.0
75,61,918.2378,9.8054,0.0
75,62,896.8356,9.8054,0.0
75,63,877.8704,9.8054,0.0
75,64,700.2253,9.8054,0.0
75,65,775.3711,9.8054,0.0
75,66,749.5017,9.8054,0.0
75,67,793.8007,9.8054,0.0
75,68,777.1089,9.8054,0.0
75,69,762.1858,9.8054,0.0
75,70,752.7827,9.8054,0.0
75,71,640.4061,9.8054,0.0
75,72,636.8825,9.8054,0.0
75,73,585.8461,9.8054,0.0
75,74,498.6775,9.8054,0.0
75,75,508.5233,9.8054,0.0
75,76,464.1369,9.8054,0.0
75,77,427.5689,9.8054,0.0
75,78,357.9714,9.8054,0.0
75,79,335.4685,9.8054,0.0
75,80,345.5856,9.8054,0.0
75,81,489.853,9.8054,0.0
75,82,482.7721,9.8054,0.0
75,83,448.3422,9.8054,0.0
75,84,430.4186,9.8054,0.0
75,85,400.5202,9.8054,0.0
75,86,370.0024,9.8054,0.0
75,87,1122.3371,9.8054,0.0
75,88,1094.7171,9.8054,0.0
75,89,977.404,9.8054,0.0
75,90,889.775,9.8054,0.0
75,91,878.8776,9.8054,0.0
75,92,851.335,9.8054,0.0
75,93,869.8282,9.8054,0.0
75,94,843.4413,9.8054,0.0
75,1,49.8616,9.8054,0.0
75,3,154.7098,9.8054,0.9865
75,4,198.6764,9.8054,0.9808
75,5,155.9432,9.8054,0.9706
75,6,119.711,9.8054,0.9868
75,7,84.9906,9.8054,0.9944
75,8,63.0032,9.8054,0.9925
75,9,44.2933,9.8054,0.9982
75,11,225.333,9.8054,0.9684
75,12,347.5163,9.8054,0.9628
75,13,356.3985,9.8054,0.9648
75,14,292.291,9.8054,0.9507
75,15,243.3234,9.8054,0.9947
75,16,208.2754,9.8054,0.9948
75,17,172.4766,9.8054,0.9972
75,19,315.7277,9.8054,0.9767
75,20,583.372,9.8054,0.9831
75,21,319.9881,9.8054,1.8627
75,22,309.2852,9.8054,1.8299
75,23,303.0694,9.8054,1.9138
75,24,299.7482,9.8054,1.8269
75,25,278.1306,9.8054,1.6406
75,26,258.2456,9.8054,1.6483
75,27,246.4711,9.8054,1.7149
75,28,240.7938,9.8054,1.7937
75,29,236.3389,9.8054,0.9576
75,30,224.4227,9.8054,1.9419
75,31,356.6594,9.8054,0.9601
75,32,318.1449,9.8054,0.9434
75,33,288.6268,9.8054,0.9889
75,34,265.9497,9.8054,0.9901
75,35,236.6853,9.8054,0.9974
75,37,378.3875,9.8054,0.9738
75,38,709.6397,9.8054,0.9801
75,39,555.2087,9.8054,1.9153
75,40,423.3046,9.8054,1.9355
75,41,427.4024,9.8054,1.9545
75,42,400.1567,9.8054,1.942
75,43,443.8279,9.8054,1.6682
75,44,352.02,9.8054,1.8584
75,45,329.8562,9.8054,1.9003
75,46,307.0301,9.8054,1.863
75,47,296.643,9.8054,0.9679
75,48,295.1096,9.8054,1.9539
75,49,454.1122,9.8054,0.9633
75,50,415.9204,9.8054,0.9514
75,51,393.1092,9.8054,0.9749
75,52,374.4114,9.8054,0.9811
75,53,344.8244,9.8054,0.9968
75,55,451.5292,9.8054,0.9909
75,56,917.0891,9.8054,0.9797
75,57,701.7188,9.8054,1.9373
75,59,458.6253,9.8054,2.9425
75,60,449.2088,9.8054,2.9455
75,61,435.2851,9.8054,2.9413
75,62,436.6281,9.8054,2.93
75,63,418.577,9.8054,1.8286
75,64,438.9633,9.8054,2.8732
75,65,413.0319,9.8054,2.9086
75,66,418.9527,9.8054,2.8965
75,67,392.6377,9.8054,2.9242
75,68,381.678,9.8054,2.9282
75,69,379.0154,9.8054,2.9246
75,70,397.0674,9.8054,2.8482
75,71,366.6356,9.8054,2.9219
75,72,486.4762,9.8054,1.9254
75,73,454.9983,9.8054,1.9459
75,74,418.5134,9.8054,1.9292
75,75,420.7023,9.8054,1.8104
75,76,374.9493,9.8054,1.8858
75,77,353.9294,9.8054,1.8648
75,78,338.7713,9.8054,1.9188
75,79,324.042,9.8054,0.9846
75,80,314.9179,9.8054,1.9896
75,81,489.7291,9.8054,0.9267
75,82,451.6202,9.8054,0.9383
75,83,440.8179,9.8054,0.982
75,84,430.9131,9.8054,0.9815
75,85,405.3597,9.8054,0.9954
75,87,508.8263,9.8054,0.9705
75,88,918.741,9.8054,0.9662
75,89,542.3414,9.8054,2.907
75,90,619.9691,9.8054,2.8844
75,91,557.0404,9.8054,2.8738
75,92,496.0931,9.8054,2.8878
75,93,478.3191,9.8054,2.9095
75,94,563.131,9.8054,1.9209
75,4,133.1934,9.8054,1.9697
75,5,131.8957,9.8054,1.9441
75,6,98.6019,9.8054,1.9985
75,7,79.979,9.8054,2.0143
75,8,55.8946,9.8054,1.9887
75,12,233.0361,9.8054,1.9496
75,13,281.3708,9.8054,1.9311
75,14,272.7289,9.8054,1.9435
75,15,239.8356,9.8054,2.0102
75,16,204.1455,9.8054,1.9903
75,20,327.7019,9.8054,1.9349
75,21,317.3717,9.8054,2.8999
75,22,321.5086,9.8054,3.8675
75,23,294.3958,9.8054,2.911
75,24,225.1927,9.8054,10.619
75,25,194.3936,9.8054,9.8849
75,26,190.6229,9.8054,9.1376
75,27,220.28,9.8054,2.9263
75,28,206.0127,9.8054,6.5458
75,31,286.6562,9.8054,1.9315
75,32,303.7145,9.8054,1.9447
75,33,281.5084,9.8054,1.9793
75,34,263.9506,9.8054,1.9812
75,38,393.4644,9.8054,1.9143
75,39,382.378,9.8054,2.8903
75,40,386.8383,9.8054,3.9106
75,41,374.1779,9.8054,2.9225
75,42,334.0552,9.8054,11.056
75,43,297.1616,9.8054,9.5402
75,44,281.6608,9.8054,8.8895
75,45,284.7548,9.8054,2.9696
75,46,296.5675,9.8054,5.7095
75,49,371.2576,9.8054,1.9378
75,50,403.1695,9.8054,1.9505
75,51,383.1838,9.8054,1.9523
75,52,371.6983,9.8054,1.9639
75,56,477.5553,9.8054,1.8467
75,57,497.0205,9.8054,2.9175
75,72,372.0045,9.8054,3.884
75,73,387.4871,9.8054,2.8988
75,74,363.0985,9.8054,10.915
75,75,332.1448,9.8054,9.8054
76,1,29.9597,9.1527,0.9118
76,2,20.7321,9.1527,0.0
76,3,399.4623,9.1527,0.0
76,4,245.6049,9.1527,0.0
76,5,172.426,9.1527,0.0
76,6,120.4752,9.1527,0.0
76,7,86.515,9.1527,0.0
76,8,66.7983,9.1527,0.0
76,9,51.4839,9.1527,0.0
76,10,40.1666,9.1527,0.0
76,11,480.0206,9.1527,0.0
76,12,387.0327,9.1527,0.0
76,13,364.0853,9.1527,0.0
76,14,294.9748,9.1527,0.0
76,15,235.8544,9.1527,0.0
76,16,199.1859,9.1527,0.0
76,17,165.5184,9.1527,0.0
76,18,137.5233,9.1527,0.0
76,19,783.9818,9.1527,0.0
76,20,668.7458,9.1527,0.0
76,21,557.0378,9.1527,0.0
76,22,542.8797,9.1527,0.0
76,23,499.738,9.1527,0.0
76,24,395.3965,9.1527,0.0
76,25,433.5746,9.1527,0.0
76,26,342.1426,9.1527,0.0
76,27,365.1785,9.1527,0.0
76,28,374.0715,9.1527,0.0
76,29,288.2503,9.1527,0.0
76,30,299.5788,9.1527,0.0
76,31,352.524,9.1527,0.0
76,32,317.3118,9.1527,0.0
76,33,276.1337,9.1527,0.0
76,34,251.1164,9.1527,0.0
76,35,222.8746,9.1527,0.0
76,36,196.4301,9.1527,0.0
76,37,882.929,9.1527,0.0
76,38,796.895,9.1527,0.0
76,39,708.8779,9.1527,0.0
76,40,643.6645,9.1527,0.0
76,41,591.2478,9.1527,0.0
76,42,463.0215,9.1527,0.0
76,43,513.8061,9.1527,0.0
76,44,397.5557,9.1527,0.0
76,45,433.4092,9.1527,0.0
76,46,403.7487,9.1527,0.0
76,47,337.2914,9.1527,0.0
76,48,357.9013,9.1527,0.0
76,49,442.5221,9.1527,0.0
76,50,415.5054,9.1527,0.0
76,51,376.4785,9.1527,0.0
76,52,353.0606,9.1527,0.0
76,53,323.0585,9.1527,0.0
76,54,293.8616,9.1527,0.0
76,55,1077.7158,9.1527,0.0
76,56,1012.4643,9.1527,0.0
76,57,902.8119,9.1527,0.0
76,58,444.1024,9.1527,2.7991
76,59,902.0595,9.1527,0.0
76,60,868.1097,9.1527,0.0
76,61,846.8398,9.1527,0.0
76,62,827.2036,9.1527,0.0
76,63,809.8075,9.1527,0.0
76,64,649.0921,9.1527,0.0
76,65,714.7358,9.1527,0.0
76,66,691.4316,9.1527,0.0
76,67,732.8892,9.1527,0.0
76,68,717.5264,9.1527,0.0
76,69,703.8317,9.1527,0.0
76,70,694.9935,9.1527,0.0
76,71,593.2099,9.1527,0.0
76,72,592.1275,9.1527,0.0
76,73,546.131,9.1527,0.0
76,74,466.1296,9.1527,0.0
76,75,475.7088,9.1527,0.0
76,76,435.2044,9.1527,0.0
76,77,401.6971,9.1527,0.0
76,78,337.1885,9.1527,0.0
76,79,316.3149,9.1527,0.0
76,80,326.0031,9.1527,0.0
76,81,457.8877,9.1527,0.0
76,82,452.4455,9.1527,0.0
76,83,421.6398,9.1527,0.0
76,84,405.6464,9.1527,0.0
76,85,378.4764,9.1527,0.0
76,86,350.5256,9.1527,0.0
76,87,1030.1431,9.1527,0.0
76,88,1009.5485,9.1527,0.0
76,89,904.4779,9.1527,0.0
76,90,827.0268,9.1527,0.0
76,91,815.5049,9.1527,0.0
76,92,790.0616,9.1527,0.0
76,93,805.1387,9.1527,0.0
76,94,781.0634,9.1527,0.0
76,1,46.9793,9.1527,0.0
76,3,143.7193,9.1527,0.9865
76,4,184.9738,9.1527,0.9808
76,5,146.4712,9.1527,0.9706
76,6,113.1148,9.1527,0.9868
76,7,80.8414,9.1527,0.9944
76,8,60.2626,9.1527,0.9925
76,9,42.6636,9.1527,0.9982
76,11,209.0919,9.1527,0.9684
76,12,322.1398,9.1527,0.9628
76,13,331.7452,9.1527,0.9648
76,14,273.8926,9.1527,0.9507
76,15,229.2131,9.1527,0.9947
76,16,196.9631,9.1527,0.9948
76,17,163.785,9.1527,0.9972
76,19,294.5515,9.1527,0.9767
76,20,538.1181,9.1527,0.9831
76,21,299.7987,9.1527,1.8627
76,22,289.8959,9.1527,1.8299
76,23,284.0641,9.1527,1.9138
76,24,280.7986,9.1527,1.8269
76,25,261.2571,9.1527,1.6406
76,26,242.8399,9.1527,1.6483
76,27,231.8089,9.1527,1.7149
76,28,226.4226,9.1527,1.7937
76,29,221.7642,9.1527,0.9576
76,30,211.3939,9.1527,1.9419
76,31,332.8931,9.1527,0.9601
76,32,298.4387,9.1527,0.9434
76,33,271.8145,9.1527,0.9889
76,34,251.1853,9.1527,0.9901
76,35,224.2814,9.1527,0.9974
76,37,353.5225,9.1527,0.9738
76,38,654.5233,9.1527,0.9801
76,39,516.1183,9.1527,1.9153
76,40,396.6219,9.1527,1.9355
76,41,400.4358,9.1527,1.9545
76,42,375.4196,9.1527,1.942
76,43,414.899,9.1527,1.6682
76,44,331.259,9.1527,1.8584
76,45,310.5758,9.1527,1.9003
76,46,289.317,9.1527,1.863
76,47,279.4279,9.1527,0.9679
76,48,278.4802,9.1527,1.9539
76,49,424.2505,9.1527,0.9633
76,50,390.1441,9.1527,0.9514
76,51,369.8447,9.1527,0.9749
76,52,353.0274,9.1527,0.9811
76,53,326.0059,9.1527,0.9968
76,55,423.0732,9.1527,0.9909
76,56,844.9341,9.1527,0.9797
76,57,651.9975,9.1527,1.9373
76,59,431.1843,9.1527,2.9425
76,60,422.3531,9.1527,2.9455
76,61,409.3596,9.1527,2.9413
76,62,410.3809,9.1527,2.93
76,63,392.717,9.1527,1.8286
76,64,412.442,9.1527,2.8732
76,65,388.3081,9.1527,2.9086
76,66,393.4734,9.1527,2.8965
76,67,369.3169,9.1527,2.9242
76,68,359.0787,9.1527,2.9282
76,69,356.5078,9.1527,2.9246
76,70,373.0784,9.1527,2.8482
76,71,344.9515,9.1527,2.9219
76,72,454.5547,9.1527,1.9254
76,73,426.2356,9.1527,1.9459
76,74,393.1034,9.1527,1.9292
76,75,394.3136,9.1527,1.8104
76,76,353.5038,9.1527,1.8858
76,77,334.0595,9.1527,1.8648
76,78,319.9818,9.1527,1.9188
76,79,306.1309,9.1527,0.9846
76,80,298.0611,9.1527,1.9896
76,81,458.1984,9.1527,0.9267
76,82,424.1702,9.1527,0.9383
76,83,414.8918,9.1527,0.982
76,84,406.2307,9.1527,0.9815
76,85,383.0443,9.1527,0.9954
76,87,476.8481,9.1527,0.9705
76,88,848.5151,9.1527,0.9662
76,89,509.7785,9.1527,2.907
76,90,580.9212,9.1527,2.8844
76,91,522.8212,9.1527,2.8738
76,92,466.7974,9.1527,2.8878
76,93,450.3648,9.1527,2.9095
76,94,526.4895,9.1527,1.9209
76,4,125.1034,9.1527,1.9697
76,5,124.1821,9.1527,1.9441
76,6,93.4738,9.1527,1.9985
76,7,76.1365,9.1527,2.0143
76,8,53.5641,9.1527,1.9887
76,12,217.932,9.1527,1.9496
76,13,263.0472,9.1527,1.9311
76,14,255.8261,9.1527,1.9435
76,15,225.8709,9.1527,2.0102
76,16,193.0829,9.1527,1.9903
76,20,306.7634,9.1527,1.9349
76,21,297.8485,9.1527,2.8999
76,22,301.8032,9.1527,3.8675
76,23,276.4053,9.1527,2.911
76,24,212.4988,9.1527,10.619
76,25,183.9638,9.1527,9.8849
76,26,180.3419,9.1527,9.1376
76,27,207.4367,9.1527,2.9263
76,28,194.2462,9.1527,6.5458
76,31,268.8209,9.1527,1.9315
76,32,285.1573,9.1527,1.9447
76,33,265.2513,9.1527,1.9793
76,34,249.3249,9.1527,1.9812
76,38,368.581,9.1527,1.9143
76,39,359.3289,9.1527,2.8903
76,40,363.8839,9.1527,3.9106
76,41,352.0085,9.1527,2.9225
76,42,315.2578,9.1527,11.056
76,43,281.1527,9.1527,9.5402
76,44,266.7522,9.1527,8.8895
76,45,269.0419,9.1527,2.9696
76,46,279.9309,9.1527,5.7095
76,49,348.6585,9.1527,1.9378
76,50,378.516,9.1527,1.9505
76,51,360.7756,9.1527,1.9523
76,52,350.5682,9.1527,1.9639
76,56,447.8627,9.1527,1.8467
76,57,466.7368,9.1527,2.9175
76,72,350.4432,9.1527,3.884
76,73,364.7046,9.1527,2.8988
76,74,342.7239,9.1527,10.915
76,75,314.2342,9.1527,9.8054
76,76,297.8338,9.1527,9.1527
77,1,30.2294,2.9424,0.9118
77,2,20.7608,2.9424,0.0
77,3,426.3638,2.9424,0.0
77,4,254.7475,2.9424,0.0
77,5,176.3501,2.9424,0.0
77,6,122.1088,2.9424,0.0
77,7,87.1907,2.9424,0.0
77,8,67.0913,2.9424,0.0
77,9,51.585,2.9424,0.0
77,10,40.1846,2.9424,0.0
77,11,511.4316,2.9424,0.0
77,12,403.3963,2.9424,0.0
77,13,376.5339,2.9424,0.0
77,14,302.0956,2.9424,0.0
77,15,239.7434,2.9424,0.0
77,16,201.5855,2.9424,0.0
77,17,166.8722,2.9424,0.0
77,18,138.2371,2.9424,0.0
77,19,838.8447,2.9424,0.0
77,20,703.061,2.9424,0.0
77,21,583.4032,2.9424,0.0
77,22,566.63,2.9424,0.0
77,23,520.5585,2.9424,0.0
77,24,411.7157,2.9424,0.0
77,25,450.3559,2.9424,0.0
77,26,355.1396,2.9424,0.0
77,27,377.5377,2.9424,0.0
77,28,387.5023,2.9424,0.0
77,29,298.5525,2.9424,0.0
77,30,308.4433,2.9424,0.0
77,31,363.541,2.9424,0.0
77,32,324.8101,2.9424,0.0
77,33,280.9006,2.9424,0.0
77,34,254.5338,2.9424,0.0
77,35,225.1341,2.9424,0.0
77,36,197.8474,2.9424,0.0
77,37,943.1275,2.9424,0.0
77,38,838.2576,2.9424,0.0
77,39,740.7015,2.9424,0.0
77,40,669.8428,2.9424,0.0
77,41,613.6915,2.9424,0.0
77,42,478.5044,2.9424,0.0
77,43,531.8513,2.9424,0.0
77,44,409.6105,2.9424,0.0
77,45,446.5677,2.9424,0.0
77,46,415.3887,2.9424,0.0
77,47,347.3619,2.9424,0.0
77,48,367.5432,2.9424,0.0
77,49,456.5944,2.9424,0.0
77,50,426.1263,2.9424,0.0
77,51,383.9393,2.9424,0.0
77,52,358.8937,2.9424,0.0
77,53,327.3161,2.9424,0.0
77,54,296.8625,2.9424,0.0
77,55,1150.6653,2.9424,0.0
77,56,1067.3048,2.9424,0.0
77,57,945.3433,2.9424,0.0
77,58,453.3541,2.9424,2.7991
77,59,948.866,2.9424,0.0
77,60,912.1494,2.9424,0.0
77,61,889.5297,2.9424,0.0
77,62,868.6784,2.9424,0.0
77,63,850.1949,2.9424,0.0
77,64,676.5056,2.9424,0.0
77,65,752.8605,2.9424,0.0
77,66,727.3646,2.9424,0.0
77,67,768.1729,2.9424,0.0
77,68,751.9387,2.9424,0.0
77,69,737.3982,2.9424,0.0
77,70,728.364,2.9424,0.0
77,71,618.6138,2.9424,0.0
77,72,613.4284,2.9424,0.0
77,73,563.6353,2.9424,0.0
77,74,479.6946,2.9424,0.0
77,75,488.8724,2.9424,0.0
77,76,445.8927,2.9424,0.0
77,77,410.589,2.9424,0.0
77,78,343.8525,2.9424,0.0
77,79,322.284,2.9424,0.0
77,80,331.7824,2.9424,0.0
77,81,471.7483,2.9424,0.0
77,82,463.9821,2.9424,0.0
77,83,430.2256,2.9424,0.0
77,84,412.7468,2.9424,0.0
77,85,383.8692,2.9424,0.0
77,86,354.5398,2.9424,0.0
77,87,1093.6353,2.9424,0.0
77,88,1060.4655,2.9424,0.0
77,89,944.3917,2.9424,0.0
77,90,857.757,2.9424,0.0
77,91,848.6188,2.9424,0.0
77,92,822.016,2.9424,0.0
77,93,841.2795,2.9424,0.0
77,94,815.4936,2.9424,0.0
77,1,47.7107,2.9424,0.0
77,3,148.7741,2.9424,0.9865
77,4,190.9548,2.9424,0.9808
77,5,149.417,2.9424,0.9706
77,6,114.6749,2.9424,0.9868
77,7,81.4686,2.9424,0.9944
77,8,60.4749,2.9424,0.9925
77,9,42.633,2.9424,0.9982
77,11,217.0607,2.9424,0.9684
77,12,334.7856,2.9424,0.9628
77,13,342.4732,2.9424,0.9648
77,14,280.1335,2.9424,0.9507
77,15,232.941,2.9424,0.9947
77,16,199.3618,2.9424,0.9948
77,17,165.1413,2.9424,0.9972
77,19,304.134,2.9424,0.9767
77,20,565.347,2.9424,0.9831
77,21,307.205,2.9424,1.8627
77,22,296.9959,2.9424,1.8299
77,23,291.0741,2.9424,1.9138
77,24,288.0024,2.9424,1.8269
77,25,266.8093,2.9424,1.6406
77,26,247.7087,2.9424,1.6483
77,27,236.4698,2.9424,1.7149
77,28,231.0624,2.9424,1.7937
77,29,227.0659,2.9424,0.9576
77,30,215.1707,2.9424,1.9419
77,31,342.6407,2.9424,0.9601
77,32,304.9894,2.9424,0.9434
77,33,276.412,2.9424,0.9889
77,34,254.6202,2.9424,0.9901
77,35,226.597,2.9424,0.9974
77,37,364.4122,2.9424,0.9738
77,38,688.2347,2.9424,0.9801
77,39,535.7034,2.9424,1.9153
77,40,406.6513,2.9424,1.9355
77,41,410.6367,2.9424,1.9545
77,42,384.4194,2.9424,1.942
77,43,427.3045,2.9424,1.6682
77,44,337.8747,2.9424,1.8584
77,45,316.6899,2.9424,1.9003
77,46,294.826,2.9424,1.863
77,47,284.9424,2.9424,0.9679
77,48,283.0965,2.9424,1.9539
77,49,436.8021,2.9424,0.9633
77,50,399.2246,2.9424,0.9514
77,51,376.8983,2.9424,0.9749
77,52,358.7861,2.9424,0.9811
77,53,330.3159,2.9424,0.9968
77,55,433.9682,2.9424,0.9909
77,56,890.8274,2.9424,0.9797
77,57,677.4455,2.9424,1.9373
77,59,440.0313,2.9424,2.9425
77,60,430.997,2.9424,2.9455
77,61,417.6269,2.9424,2.9413
77,62,419.0196,2.9424,2.93
77,63,402.1259,2.9424,1.8286
77,64,421.2203,2.9424,2.8732
77,65,396.3064,2.9424,2.9086
77,66,402.194,2.9424,2.8965
77,67,376.6519,2.9424,2.9242
77,68,366.1132,2.9424,2.9282
77,69,363.5669,2.9424,2.9246
77,70,380.8951,2.9424,2.8482
77,71,351.6325,2.9424,2.9219
77,72,467.9919,2.9424,1.9254
77,73,437.309,2.9424,1.9459
77,74,401.9104,2.9424,1.9292
77,75,404.4232,2.9424,1.8104
77,76,359.7045,2.9424,1.8858
77,77,339.573,2.9424,1.8648
77,78,325.0787,2.9424,1.9188
77,79,311.0844,2.9424,0.9846
77,80,302.0645,2.9424,1.9896
77,81,471.2511,2.9424,0.9267
77,82,433.6749,2.9424,0.9383
77,83,422.8733,2.9424,0.982
77,84,413.1587,2.9424,0.9815
77,85,388.479,2.9424,0.9954
77,87,488.9395,2.9424,0.9705
77,88,890.6763,2.9424,0.9662
77,89,520.2948,2.9424,2.907
77,90,595.9973,2.9424,2.8844
77,91,535.5237,2.9424,2.8738
77,92,476.216,2.9424,2.8878
77,93,459.0702,2.9424,2.9095
77,94,542.5167,2.9424,1.9209
77,4,127.5067,2.9424,1.9697
77,5,126.3658,2.9424,1.9441
77,6,94.4422,2.9424,1.9985
77,7,76.6936,2.9424,2.0143
77,8,53.7135,2.9424,1.9887
77,12,223.4506,2.9424,1.9496
77,13,269.9296,2.9424,1.9311
77,14,261.3179,2.9424,1.9435
77,15,229.6574,2.9424,2.0102
77,16,195.4229,2.9424,1.9903
77,20,314.6586,2.9424,1.9349
77,21,304.4056,2.9424,2.8999
77,22,308.371,2.9424,3.8675
77,23,282.5278,2.9424,2.911
77,24,216.0731,2.9424,10.619
77,25,186.4713,2.9424,9.8849
77,26,182.8801,2.9424,9.1376
77,27,211.4541,2.9424,2.9263
77,28,197.7025,2.9424,6.5458
77,31,274.9323,2.9424,1.9315
77,32,291.0937,2.9424,1.9447
77,33,269.5747,2.9424,1.9793
77,34,252.7124,2.9424,1.9812
77,38,377.9017,2.9424,1.9143
77,39,366.6745,2.9424,2.8903
77,40,370.8343,2.9424,3.9106
77,41,358.9272,2.9424,2.9225
77,42,320.3109,2.9424,11.056
77,43,284.8943,2.9424,9.5402
77,44,270.0538,2.9424,8.8895
77,45,273.2842,2.9424,2.9696
77,46,284.6094,2.9424,5.7095
77,49,356.4323,2.9424,1.9378
77,50,386.8735,2.9424,1.9505
77,51,367.3108,2.9424,1.9523
77,52,356.1612,2.9424,1.9639
77,56,458.581,2.9424,1.8467
77,57,476.6927,2.9424,2.9175
77,72,356.5119,2.9424,3.884
77,73,371.7081,2.9424,2.8988
77,74,348.1224,2.9424,10.915
77,75,318.4111,2.9424,9.8054
77,76,301.2116,2.9424,9.1527
77,77,305.5258,2.9424,2.9424
78,1,31.7368,6.6669,0.9118
78,2,21.7064,6.6669,0.0
78,3,448.1737,6.6669,0.0
78,4,268.6491,6.6669,0.0
78,5,185.7195,6.6669,0.0
78,6,128.3281,6.6669,0.0
78,7,91.4441,6.6669,0.0
78,8,70.2472,6.6669,0.0
78,9,53.9293,6.6669,0.0
78,10,41.9574,6.6669,0.0
78,11,537.6428,6.6669,0.0
78,12,425.3166,6.6669,0.0
78,13,396.9123,6.6669,0.0
78,14,318.2285,6.6669,0.0
78,15,252.2194,6.6669,0.0
78,16,211.8121,6.6669,0.0
78,17,175.1017,6.6669,0.0
78,18,144.8625,6.6669,0.0
78,19,879.7634,6.6669,0.0
78,20,740.1981,6.6669,0.0
78,21,614.5128,6.6669,0.0
78,22,596.8009,6.6669,0.0
78,23,548.2853,6.6669,0.0
78,24,433.3107,6.6669,0.0
78,25,474.3318,6.6669,0.0
78,26,373.7574,6.6669,0.0
78,27,397.6543,6.6669,0.0
78,28,408.1971,6.6669,0.0
78,29,314.1878,6.6669,0.0
78,30,324.8266,6.6669,0.0
78,31,382.935,6.6669,0.0
78,32,342.021,6.6669,0.0
78,33,295.5118,6.6669,0.0
78,34,267.5378,6.6669,0.0
78,35,236.3913,6.6669,0.0
78,36,207.5157,6.6669,0.0
78,37,988.9746,6.6669,0.0
78,38,882.1252,6.6669,0.0
78,39,779.8715,6.6669,0.0
78,40,705.3252,6.6669,0.0
78,41,646.12,6.6669,0.0
78,42,503.4771,6.6669,0.0
78,43,559.7588,6.6669,0.0
78,44,430.8148,6.6669,0.0
78,45,469.9681,6.6669,0.0
78,46,437.1117,6.6669,0.0
78,47,365.1892,6.6669,0.0
78,48,386.6993,6.6669,0.0
78,49,480.5848,6.6669,0.0
78,50,448.553,6.6669,0.0
78,51,403.937,6.6669,0.0
78,52,377.3761,6.6669,0.0
78,53,343.9165,6.6669,0.0
78,54,311.6576,6.6669,0.0
78,55,1206.0907,6.6669,0.0
78,56,1122.4006,6.6669,0.0
78,57,994.8411,6.6669,0.0
78,58,476.8525,6.6669,2.7991
78,59,997.9976,6.6669,0.0
78,60,959.5883,6.6669,0.0
78,61,935.851,6.6669,0.0
78,62,913.9673,6.6669,0.0
78,63,894.57,6.6669,0.0
78,64,711.8073,6.6669,0.0
78,65,790.8786,6.6669,0.0
78,66,764.1379,6.6669,0.0
78,67,808.4844,6.6669,0.0
78,68,791.4415,6.6669,0.0
78,69,776.177,6.6669,0.0
78,70,766.6821,6.6669,0.0
78,71,651.1339,6.6669,0.0
78,72,645.9768,6.6669,0.0
78,73,593.452,6.6669,0.0
78,74,504.695,6.6669,0.0
78,75,514.4186,6.6669,0.0
78,76,469.0617,6.6669,0.0
78,77,431.7911,6.6669,0.0
78,78,361.3108,6.6669,0.0
78,79,338.5478,6.6669,0.0
78,80,348.6035,6.6669,0.0
78,81,496.1063,6.6669,0.0
78,82,488.1273,6.6669,0.0
78,83,452.4945,6.6669,0.0
78,84,433.9575,6.6669,0.0
78,85,403.3598,6.6669,0.0
78,86,372.2861,6.6669,0.0
78,87,1147.1809,6.6669,0.0
78,88,1115.4572,6.6669,0.0
78,89,994.0409,6.6669,0.0
78,90,902.9393,6.6669,0.0
78,91,892.9504,6.6669,0.0
78,92,864.9549,6.6669,0.0
78,93,885.1178,6.6669,0.0
78,94,858.0549,6.6669,0.0
78,1,50.1899,6.6669,0.0
78,3,156.8327,6.6669,0.9865
78,4,201.1687,6.6669,0.9808
78,5,157.2466,6.6669,0.9706
78,6,120.4733,6.6669,0.9868
78,7,85.4113,6.6669,0.9944
78,8,63.2803,6.6669,0.9925
78,9,44.5004,6.6669,0.9982
78,11,228.7358,6.6669,0.9684
78,12,352.789,6.6669,0.9628
78,13,360.9354,6.6669,0.9648
78,14,295.0071,6.6669,0.9507
78,15,245.0309,6.6669,0.9947
78,16,209.4703,6.6669,0.9948
78,17,173.2829,6.6669,0.9972
78,19,319.917,6.6669,0.9767
78,20,594.424,6.6669,0.9831
78,21,323.3413,6.6669,1.8627
78,22,312.5132,6.6669,1.8299
78,23,306.2733,6.6669,1.9138
78,24,303.0374,6.6669,1.8269
78,25,280.7518,6.6669,1.6406
78,26,260.5865,6.6669,1.6483
78,27,248.7264,6.6669,1.7149
78,28,243.0407,6.6669,1.7937
78,29,238.865,6.6669,0.9576
78,30,226.3043,6.6669,1.9419
78,31,360.8797,6.6669,0.9601
78,32,321.0664,6.6669,0.9434
78,33,290.7602,6.6669,0.9889
78,34,267.6261,6.6669,0.9901
78,35,237.936,6.6669,0.9974
78,37,383.1834,6.6669,0.9738
78,38,723.2477,6.6669,0.9801
78,39,563.3746,6.6669,1.9153
78,40,427.7857,6.6669,1.9355
78,41,431.9942,6.6669,1.9545
78,42,404.2779,6.6669,1.942
78,43,449.2979,6.6669,1.6682
78,44,355.2228,6.6669,1.8584
78,45,332.8653,6.6669,1.9003
78,46,309.8062,6.6669,1.863
78,47,299.4363,6.6669,0.9679
78,48,297.5281,6.6669,1.9539
78,49,459.7362,6.6669,0.9633
78,50,420.1303,6.6669,0.9514
78,51,396.4838,6.6669,0.9749
78,52,377.2513,6.6669,0.9811
78,53,347.0768,6.6669,0.9968
78,55,456.3166,6.6669,0.9909
78,56,935.3464,6.6669,0.9797
78,57,712.2258,6.6669,1.9373
78,59,462.8127,6.6669,2.9425
78,60,453.3077,6.6669,2.9455
78,61,439.2217,6.6669,2.9413
78,62,440.7009,6.6669,2.93
78,63,422.9652,6.6669,1.8286
78,64,443.0797,6.6669,2.8732
78,65,416.8327,6.6669,2.9086
78,66,423.0265,6.6669,2.8965
78,67,396.1468,6.6669,2.9242
78,68,385.0543,6.6669,2.9282
78,69,382.3922,6.6669,2.9246
78,70,400.7381,6.6669,2.8482
78,71,369.8397,6.6669,2.9219
78,72,492.3189,6.6669,1.9254
78,73,459.9399,6.6669,1.9459
78,74,422.5902,6.6669,1.9292
78,75,425.291,6.6669,1.8104
78,76,378.0364,6.6669,1.8858
78,77,356.7672,6.6669,1.8648
78,78,341.4644,6.6669,1.9188
78,79,326.7014,6.6669,0.9846
78,80,317.1922,6.6669,1.9896
78,81,495.6695,6.6669,0.9267
78,82,456.145,6.6669,0.9383
78,83,444.7184,6.6669,0.982
78,84,434.377,6.6669,0.9815
78,85,408.2127,6.6669,0.9954
78,87,514.1361,6.6669,0.9705
78,88,935.7036,6.6669,0.9662
78,89,547.2861,6.6669,2.907
78,90,626.7437,6.6669,2.8844
78,91,562.8381,6.6669,2.8738
78,92,500.6601,6.6669,2.8878
78,93,482.6087,6.6669,2.9095
78,94,570.3002,6.6669,1.9209
78,4,134.2472,6.6669,1.9697
78,5,132.8868,6.6669,1.9441
78,6,99.1426,6.6669,1.9985
78,7,80.3878,6.6669,2.0143
78,8,56.1647,6.6669,1.9887
78,12,235.4609,6.6669,1.9496
78,13,284.3328,6.6669,1.9311
78,14,275.1421,6.6669,1.9435
78,15,241.5709,6.6669,2.0102
78,16,205.3192,6.6669,1.9903
78,20,331.2432,6.6669,1.9349
78,21,320.3679,6.6669,2.8999
78,22,324.5233,6.6669,3.8675
78,23,297.2341,6.6669,2.911
78,24,227.0237,6.6669,10.619
78,25,195.7919,6.6669,9.8849
78,26,192.0365,6.6669,9.1376
78,27,222.2868,6.6669,2.9263
78,28,207.7935,6.6669,6.5458
78,31,289.3931,6.6669,1.9315
78,32,306.3878,6.6669,1.9447
78,33,283.5308,6.6669,1.9793
78,34,265.6099,6.6669,1.9812
78,38,397.6511,6.6669,1.9143
78,39,385.772,6.6669,2.8903
78,40,390.0863,6.6669,3.9106
78,41,377.428,6.6669,2.9225
78,42,336.5858,6.6669,11.056
78,43,299.1785,6.6669,9.5402
78,44,283.5165,6.6669,8.8895
78,45,287.0077,6.6669,2.9696
78,46,299.0109,6.6669,5.7095
78,49,374.9395,6.6669,1.9378
78,50,407.0826,6.6669,1.9505
78,51,386.3437,6.6669,1.9523
78,52,374.4693,6.6669,1.9639
78,56,482.3648,6.6669,1.8467
78,57,501.5388,6.6669,2.9175
78,72,374.911,6.6669,3.884
78,73,390.7926,6.6669,2.8988
78,74,365.8082,6.6669,10.915
78,75,334.3868,6.6669,9.8054
78,76,316.1756,6.6669,9.1527
78,77,320.7626,6.6669,2.9424
78,78,336.8727,6.6669,6.6669
81,1,37.6407,1.9302,0.9118
81,2,25.0875,1.9302,0.0
81,3,584.8796,1.9302,0.0
81,4,336.7292,1.9302,0.0
81,5,226.9393,1.9302,0.0
81,6,153.702,1.9302,0.0
81,7,107.8602,1.9302,0.0
81,8,81.9547,1.9302,0.0
81,9,62.3317,1.9302,0.0
81,10,48.1368,1.9302,0.0
81,11,699.5701,1.9302,0.0
81,12,536.9006,1.9302,0.0
81,13,494.7723,1.9302,0.0
81,14,389.9229,1.9302,0.0
81,15,304.3783,1.9302,0.0
81,16,252.9803,1.9302,0.0
81,17,207.0428,1.9302,0.0
81,18,169.7709,1.9302,0.0
81,19,1148.8307,1.9302,0.0
81,20,944.9475,1.9302,0.0
81,21,780.3119,1.9302,0.0
81,22,753.5662,1.9302,0.0
81,23,690.0666,1.9302,0.0
81,24,544.1795,1.9302,0.0
81,25,594.1725,1.9302,0.0
81,26,466.8762,1.9302,0.0
81,27,494.2894,1.9302,0.0
81,28,509.1508,1.9302,0.0
81,29,390.9435,1.9302,0.0
81,30,400.8646,1.9302,0.0
81,31,474.3655,1.9302,0.0
81,32,418.28,1.9302,0.0
81,33,356.9808,1.9302,0.0
81,34,320.5921,1.9302,0.0
81,35,280.9002,1.9302,0.0
81,36,244.659,1.9302,0.0
81,37,1287.7826,1.9302,0.0
81,38,1126.3391,1.9302,0.0
81,39,985.9871,1.9302,0.0
81,40,886.0018,1.9302,0.0
81,41,807.9821,1.9302,0.0
81,42,624.2338,1.9302,0.0
81,43,696.2987,1.9302,0.0
81,44,530.9279,1.9302,0.0
81,45,579.9029,1.9302,0.0
81,46,537.8554,1.9302,0.0
81,47,449.1546,1.9302,0.0
81,48,474.1015,1.9302,0.0
81,49,594.6028,1.9302,0.0
81,50,549.5415,1.9302,0.0
81,51,489.7839,1.9302,0.0
81,52,454.5743,1.9302,0.0
81,53,411.2748,1.9302,0.0
81,54,370.0859,1.9302,0.0
81,55,1569.0757,1.9302,0.0
81,56,1436.7682,1.9302,0.0
81,57,1261.2174,1.9302,0.0
81,58,578.8337,1.9302,2.7991
81,59,1273.121,1.9302,0.0
81,60,1222.2593,1.9302,0.0
81,61,1191.5365,1.9302,0.0
81,62,1163.2807,1.9302,0.0
81,63,1138.2189,1.9302,0.0
81,64,894.974,1.9302,0.0
81,65,1009.3816,1.9302,0.0
81,66,973.4078,1.9302,0.0
81,67,1026.342,1.9302,0.0
81,68,1004.5056,1.9302,0.0
81,69,984.8068,1.9302,0.0
81,70,973.2776,1.9302,0.0
81,71,819.9878,1.9302,0.0
81,72,805.593,1.9302,0.0
81,73,735.2185,1.9302,0.0
81,74,621.3425,1.9302,0.0
81,75,631.983,1.9302,0.0
81,76,572.9331,1.9302,0.0
81,77,524.899,1.9302,0.0
81,78,436.5795,1.9302,0.0
81,79,408.1207,1.9302,0.0
81,80,419.6653,1.9302,0.0
81,81,611.1733,1.9302,0.0
81,82,597.1228,1.9302,0.0
81,83,548.6218,1.9302,0.0
81,84,523.3066,1.9302,0.0
81,85,483.1587,1.9302,0.0
81,86,443.1304,1.9302,0.0
81,87,1480.4889,1.9302,0.0
81,88,1420.2956,1.9302,0.0
81,89,1254.6279,1.9302,0.0
81,90,1127.257,1.9302,0.0
81,91,1119.9568,1.9302,0.0
81,92,1084.4785,1.9302,0.0
81,93,1117.0554,1.9302,0.0
81,94,1081.6612,1.9302,0.0
81,1,60.4792,1.9302,0.0
81,3,195.8113,1.9302,0.9865
81,4,249.844,1.9302,0.9808
81,5,191.0352,1.9302,0.9706
81,6,144.2377,1.9302,0.9868
81,7,100.6388,1.9302,0.9944
81,8,73.5841,1.9302,0.9925
81,9,50.9307,1.9302,0.9982
81,11,286.5556,1.9302,0.9684
81,12,442.9848,1.9302,0.9628
81,13,448.457,1.9302,0.9648
81,14,360.4734,1.9302,0.9507
81,15,295.5027,1.9302,0.9947
81,16,250.2153,1.9302,0.9948
81,17,204.9123,1.9302,0.9972
81,19,395.8624,1.9302,0.9767
81,20,756.7881,1.9302,0.9831
81,21,395.558,1.9302,1.8627
81,22,381.9977,1.9302,1.8299
81,23,374.4199,1.9302,1.9138
81,24,371.016,1.9302,1.8269
81,25,341.2928,1.9302,1.6406
81,26,315.9654,1.9302,1.6483
81,27,301.4996,1.9302,1.7149
81,28,294.7815,1.9302,1.7937
81,29,291.3412,1.9302,0.9576
81,30,273.2506,1.9302,1.9419
81,31,445.5426,1.9302,0.9601
81,32,391.3814,1.9302,0.9434
81,33,350.9611,1.9302,0.9889
81,34,320.7238,1.9302,0.9901
81,35,282.8475,1.9302,0.9974
81,37,472.5061,1.9302,0.9738
81,38,921.3623,1.9302,0.9801
81,39,703.5558,1.9302,1.9153
81,40,523.4025,1.9302,1.9355
81,41,528.632,1.9302,1.9545
81,42,493.1464,1.9302,1.942
81,43,553.2924,1.9302,1.6682
81,44,430.0496,1.9302,1.8584
81,45,402.5143,1.9302,1.9003
81,46,373.9549,1.9302,1.863
81,47,361.821,1.9302,0.9679
81,48,357.7662,1.9302,1.9539
81,49,566.7425,1.9302,0.9633
81,50,512.556,1.9302,0.9514
81,51,480.0484,1.9302,0.9749
81,52,454.2435,1.9302,0.9811
81,53,415.1143,1.9302,0.9968
81,55,558.347,1.9302,0.9909
81,56,1195.4806,1.9302,0.9797
81,57,890.6711,1.9302,1.9373
81,59,561.419,1.9302,2.9425
81,60,549.8212,1.9302,2.9455
81,61,532.4295,1.9302,2.9413
81,62,535.0427,1.9302,2.93
81,63,515.9229,1.9302,1.8286
81,64,538.3135,1.9302,2.8732
81,65,505.6948,1.9302,2.9086
81,66,514.5864,1.9302,2.8965
81,67,479.9826,1.9302,2.9242
81,68,466.3111,1.9302,2.9282
81,69,463.2961,1.9302,2.9246
81,70,486.801,1.9302,2.8482
81,71,447.7781,1.9302,2.9219
81,72,606.7005,1.9302,1.9254
81,73,563.1548,1.9302,1.9459
81,74,513.9729,1.9302,1.9292
81,75,520.1419,1.9302,1.8104
81,76,455.4923,1.9302,1.8858
81,77,428.7364,1.9302,1.8648
81,78,409.6791,1.9302,1.9188
81,79,391.8793,1.9302,0.9846
81,80,378.6256,1.9302,1.9896
81,81,609.0789,1.9302,0.9267
81,82,554.9418,1.9302,0.9383
81,83,538.1003,1.9302,0.982
81,84,523.4075,1.9302,0.9815
81,85,488.9676,1.9302,0.9954
81,87,628.7622,1.9302,0.9705
81,88,1188.3406,1.9302,0.9662
81,89,664.1998,1.9302,2.907
81,90,767.1368,1.9302,2.8844
81,91,686.3305,1.9302,2.8738
81,92,606.3205,1.9302,2.8878
81,93,583.5052,1.9302,2.9095
81,94,702.4234,1.9302,1.9209
81,4,163.0325,1.9302,1.9697
81,5,160.5147,1.9302,1.9441
81,6,117.7589,1.9302,1.9985
81,7,94.5619,1.9302,2.0143
81,8,65.0549,1.9302,1.9887
81,12,289.158,1.9302,1.9496
81,13,349.5092,1.9302,1.9311
81,14,335.3401,1.9302,1.9435
81,15,291.5389,1.9302,2.0102
81,16,245.1867,1.9302,1.9903
81,20,406.064,1.9302,1.9349
81,21,390.2082,1.9302,2.8999
81,22,395.0466,1.9302,3.8675
81,23,361.7806,1.9302,2.911
81,24,272.9894,1.9302,10.619
81,25,233.7811,1.9302,9.8849
81,26,229.4894,1.9302,9.1376
81,27,268.7131,1.9302,2.9263
81,28,250.4043,1.9302,6.5458
81,31,353.1112,1.9302,1.9315
81,32,372.6603,1.9302,1.9447
81,33,341.787,1.9302,1.9793
81,34,318.2256,1.9302,1.9812
81,38,486.7059,1.9302,1.9143
81,39,468.3267,1.9302,2.8903
81,40,472.3712,1.9302,3.9106
81,41,457.0893,1.9302,2.9225
81,42,404.4518,1.9302,11.056
81,43,357.279,1.9302,9.5402
81,44,337.7782,1.9302,8.8895
81,45,344.1123,1.9302,2.9696
81,46,359.3493,1.9302,5.7095
81,49,456.2201,1.9302,1.9378
81,50,495.5418,1.9302,1.9505
81,51,466.8965,1.9302,1.9523
81,52,450.5709,1.9302,1.9639
81,56,588.7448,1.9302,1.8467
81,57,609.8823,1.9302,2.9175
81,72,452.3549,1.9302,3.884
81,73,472.7544,1.9302,2.8988
81,74,439.3698,1.9302,10.915
81,75,399.3636,1.9302,9.8054
81,76,375.9151,1.9302,9.1527
81,77,383.3885,1.9302,2.9424
81,78,403.0564,1.9302,6.6669
81,81,487.7418,1.9302,1.9302
82,1,39.7922,1.9356,0.9118
82,2,26.4467,1.9356,0.0
82,3,614.8841,1.9356,0.0
82,4,355.8205,1.9356,0.0
82,5,240.0262,1.9356,0.0
82,6,162.5036,1.9356,0.0
82,7,113.9262,1.9356,0.0
82,8,86.4712,1.9356,0.0
82,9,65.6888,1.9356,0.0
82,10,50.6707,1.9356,0.0
82,11,735.5782,1.9356,0.0
82,12,566.8872,1.9356,0.0
82,13,522.8751,1.9356,0.0
82,14,412.4108,1.9356,0.0
82,15,321.9613,1.9356,0.0
82,16,267.4961,1.9356,0.0
82,17,218.794,1.9356,0.0
82,18,179.2701,1.9356,0.0
82,19,1205.8672,1.9356,0.0
82,20,995.7893,1.9356,0.0
82,21,822.8762,1.9356,0.0
82,22,794.9456,1.9356,0.0
82,23,728.1306,1.9356,0.0
82,24,573.9057,1.9356,0.0
82,25,627.1392,1.9356,0.0
82,26,492.5359,1.9356,0.0
82,27,522.0102,1.9356,0.0
82,28,537.6147,1.9356,0.0
82,29,412.5016,1.9356,0.0
82,30,423.5091,1.9356,0.0
82,31,501.2103,1.9356,0.0
82,32,442.2805,1.9356,0.0
82,33,377.5368,1.9356,0.0
82,34,338.995,1.9356,0.0
82,35,296.9197,1.9356,0.0
82,36,258.48,1.9356,0.0
82,37,1351.8089,1.9356,0.0
82,38,1186.5298,1.9356,0.0
82,39,1039.7874,1.9356,0.0
82,40,934.8232,1.9356,0.0
82,41,852.6898,1.9356,0.0
82,42,658.8046,1.9356,0.0
82,43,734.8703,1.9356,0.0
82,44,560.3504,1.9356,0.0
82,45,612.2971,1.9356,0.0
82,46,567.9507,1.9356,0.0
82,47,473.8893,1.9356,0.0
82,48,500.6629,1.9356,0.0
82,49,627.7921,1.9356,0.0
82,50,580.7053,1.9356,0.0
82,51,517.7663,1.9356,0.0
82,52,480.5678,1.9356,0.0
82,53,434.7464,1.9356,0.0
82,54,391.1073,1.9356,0.0
82,55,1646.9053,1.9356,0.0
82,56,1512.6316,1.9356,0.0
82,57,1329.3437,1.9356,0.0
82,58,611.6981,1.9356,2.7991
82,59,1340.7087,1.9356,0.0
82,60,1287.4426,1.9356,0.0
82,61,1255.1651,1.9356,0.0
82,62,1225.4747,1.9356,0.0
82,63,1199.1443,1.9356,0.0
82,64,943.6238,1.9356,0.0
82,65,1062.0589,1.9356,0.0
82,66,1024.4069,1.9356,0.0
82,67,1081.6382,1.9356,0.0
82,68,1058.6802,1.9356,0.0
82,69,1037.9814,1.9356,0.0
82,70,1025.8078,1.9356,0.0
82,71,864.7168,1.9356,0.0
82,72,850.4845,1.9356,0.0
82,73,776.4522,1.9356,0.0
82,74,656.0695,1.9356,0.0
82,75,667.4763,1.9356,0.0
82,76,605.2026,1.9356,0.0
82,77,554.4918,1.9356,0.0
82,78,461.0173,1.9356,0.0
82,79,430.9016,1.9356,0.0
82,80,443.2391,1.9356,0.0
82,81,644.9926,1.9356,0.0
82,82,630.6968,1.9356,0.0
82,83,579.7499,1.9356,0.0
82,84,553.0751,1.9356,0.0
82,85,510.648,1.9356,0.0
82,86,468.2735,1.9356,0.0
82,87,1555.4213,1.9356,0.0
82,88,1496.056,1.9356,0.0
82,89,1322.9452,1.9356,0.0
82,90,1189.593,1.9356,0.0
82,91,1181.0895,1.9356,0.0
82,92,1143.6704,1.9356,0.0
82,93,1177.3166,1.9356,0.0
82,94,1140.1626,1.9356,0.0
82,1,63.9796,1.9356,0.0
82,3,206.9127,1.9356,0.9865
82,4,264.0083,1.9356,0.9808
82,5,202.0191,1.9356,0.9706
82,6,152.4495,1.9356,0.9868
82,7,106.2635,1.9356,0.9944
82,8,77.6024,1.9356,0.9925
82,9,53.6109,1.9356,0.9982
82,11,302.5882,1.9356,0.9684
82,12,467.7576,1.9356,0.9628
82,13,473.9754,1.9356,0.9648
82,14,381.2538,1.9356,0.9507
82,15,312.5506,1.9356,0.9947
82,16,264.56,1.9356,0.9948
82,17,216.5348,1.9356,0.9972
82,19,417.7483,1.9356,0.9767
82,20,797.0009,1.9356,0.9831
82,21,418.0128,1.9356,1.8627
82,22,403.6239,1.9356,1.8299
82,23,395.5906,1.9356,1.9138
82,24,391.9364,1.9356,1.8269
82,25,360.7539,1.9356,1.6406
82,26,333.9698,1.9356,1.6483
82,27,318.639,1.9356,1.7149
82,28,311.5211,1.9356,1.7937
82,29,307.757,1.9356,0.9576
82,30,288.8534,1.9356,1.9419
82,31,470.8344,1.9356,0.9601
82,32,413.8552,1.9356,0.9434
82,33,371.1603,1.9356,0.9889
82,34,339.1282,1.9356,0.9901
82,35,298.9783,1.9356,0.9974
82,37,498.6058,1.9356,0.9738
82,38,969.9232,1.9356,0.9801
82,39,742.0502,1.9356,1.9153
82,40,552.896,1.9356,1.9355
82,41,558.393,1.9356,1.9545
82,42,520.8778,1.9356,1.942
82,43,583.9347,1.9356,1.6682
82,44,454.3352,1.9356,1.8584
82,45,425.1675,1.9356,1.9003
82,46,394.944,1.9356,1.863
82,47,382.0925,1.9356,0.9679
82,48,378.015,1.9356,1.9539
82,49,598.5207,1.9356,0.9633
82,50,541.6872,1.9356,0.9514
82,51,507.4849,1.9356,0.9749
82,52,480.2227,1.9356,0.9811
82,53,438.8124,1.9356,0.9968
82,55,589.608,1.9356,0.9909
82,56,1257.5693,1.9356,0.9797
82,57,939.142,1.9356,1.9373
82,59,593.2909,1.9356,2.9425
82,60,581.0325,1.9356,2.9455
82,61,562.6492,1.9356,2.9413
82,62,565.368,1.9356,2.93
82,63,544.9584,1.9356,1.8286
82,64,568.8699,1.9356,2.8732
82,65,534.3968,1.9356,2.9086
82,66,543.6952,1.9356,2.8965
82,67,507.262,1.9356,2.9242
82,68,492.823,1.9356,2.9282
82,69,489.6395,1.9356,2.9246
82,70,514.5278,1.9356,2.8482
82,71,473.2687,1.9356,2.9219
82,72,640.5891,1.9356,1.9254
82,73,594.7524,1.9356,1.9459
82,74,542.9137,1.9356,1.9292
82,75,549.2578,1.9356,1.8104
82,76,481.2453,1.9356,1.8858
82,77,452.9116,1.9356,1.8648
82,78,432.7246,1.9356,1.9188
82,79,413.8291,1.9356,0.9846
82,80,399.9516,1.9356,1.9896
82,81,642.998,1.9356,0.9267
82,82,586.2856,1.9356,0.9383
82,83,568.6804,1.9356,0.982
82,84,553.208,1.9356,0.9815
82,85,516.8055,1.9356,0.9954
82,87,664.0222,1.9356,0.9705
82,88,1251.0172,1.9356,0.9662
82,89,701.9593,1.9356,2.907
82,90,810.1068,1.9356,2.8844
82,91,724.6474,1.9356,2.8738
82,92,640.5444,1.9356,2.8878
82,93,616.4696,1.9356,2.9095
82,94,741.1176,1.9356,1.9209
82,4,172.4904,1.9356,1.9697
82,5,169.7077,1.9356,1.9441
82,6,124.4398,1.9356,1.9985
82,7,99.8294,1.9356,2.0143
82,8,68.5632,1.9356,1.9887
82,12,305.839,1.9356,1.9496
82,13,369.5628,1.9356,1.9311
82,14,354.684,1.9356,1.9435
82,15,308.3268,1.9356,2.0102
82,16,259.2302,1.9356,1.9903
82,20,429.1133,1.9356,1.9349
82,21,412.4946,1.9356,2.8999
82,22,417.6039,1.9356,3.8675
82,23,382.3241,1.9356,2.911
82,24,288.3802,1.9356,10.619
82,25,246.9333,1.9356,9.8849
82,26,242.3963,1.9356,9.1376
82,27,283.8768,1.9356,2.9263
82,28,264.5468,1.9356,6.5458
82,31,373.3126,1.9356,1.9315
82,32,394.069,1.9356,1.9447
82,33,361.4532,1.9356,1.9793
82,34,336.4787,1.9356,1.9812
82,38,514.2047,1.9356,1.9143
82,39,495.0513,1.9356,2.8903
82,40,499.3611,1.9356,3.9106
82,41,483.0386,1.9356,2.9225
82,42,427.369,1.9356,11.056
82,43,377.4633,1.9356,9.5402
82,44,356.8192,1.9356,8.8895
82,45,363.4268,1.9356,2.9696
82,46,379.5741,1.9356,5.7095
82,49,482.0463,1.9356,1.9378
82,50,523.7411,1.9356,1.9505
82,51,493.5953,1.9356,1.9523
82,52,476.3434,1.9356,1.9639
82,56,621.9727,1.9356,1.8467
82,57,644.6421,1.9356,2.9175
82,72,478.2096,1.9356,3.884
82,73,499.5601,1.9356,2.8988
82,74,464.2848,1.9356,10.915
82,75,421.942,1.9356,9.8054
82,76,397.1198,1.9356,9.1527
82,77,404.8897,1.9356,2.9424
82,78,425.7564,1.9356,6.6669
82,81,515.2575,1.9356,1.9302
82,82,544.4563,1.9356,1.9356
83,1,40.7649,1.9655,0.9118
83,2,27.1746,1.9655,0.0
83,3,613.1828,1.9655,0.0
83,4,359.8482,1.9655,0.0
83,5,244.3568,1.9655,0.0
83,6,166.1189,1.9655,0.0
83,7,116.7503,1.9655,0.0
83,8,88.7397,1.9655,0.0
83,9,67.475,1.9655,0.0
83,10,52.0759,1.9655,0.0
83,11,734.1232,1.9655,0.0
83,12,571.9311,1.9655,0.0
83,13,529.4977,1.9655,0.0
83,14,419.5989,1.9655,0.0
83,15,328.7291,1.9655,0.0
83,16,273.6574,1.9655,0.0
83,17,224.2102,1.9655,0.0
83,18,183.9368,1.9655,0.0
83,19,1200.405,1.9655,0.0
83,20,1000.1815,1.9655,0.0
83,21,828.0658,1.9655,0.0
83,22,801.2338,1.9655,0.0
83,23,734.5909,1.9655,0.0
83,24,578.9721,1.9655,0.0
83,25,633.563,1.9655,0.0
83,26,497.6326,1.9655,0.0
83,27,528.5648,1.9655,0.0
83,28,543.8541,1.9655,0.0
83,29,417.1999,1.9655,0.0
83,30,429.6851,1.9655,0.0
83,31,508.1567,1.9655,0.0
83,32,450.0464,1.9655,0.0
83,33,385.3125,1.9655,0.0
83,34,346.5496,1.9655,0.0
83,35,304.0064,1.9655,0.0
83,36,264.9847,1.9655,0.0
83,37,1346.6051,1.9655,0.0
83,38,1191.2973,1.9655,0.0
83,39,1047.3694,1.9655,0.0
83,40,943.469,1.9655,0.0
83,41,861.6243,1.9655,0.0
83,42,666.999,1.9655,0.0
83,43,743.4824,1.9655,0.0
83,44,568.0989,1.9655,0.0
83,45,620.8581,1.9655,0.0
83,46,576.3005,1.9655,0.0
83,47,480.4874,1.9655,0.0
83,48,508.4672,1.9655,0.0
83,49,636.1713,1.9655,0.0
83,50,590.265,1.9655,0.0
83,51,527.7411,1.9655,0.0
83,52,490.5842,1.9655,0.0
83,53,444.4937,1.9655,0.0
83,54,400.414,1.9655,0.0
83,55,1640.7171,1.9655,0.0
83,56,1516.9526,1.9655,0.0
83,57,1337.5362,1.9655,0.0
83,58,623.1024,1.9655,2.7991
83,59,1345.8984,1.9655,0.0
83,60,1293.1656,1.9655,0.0
83,61,1260.9414,1.9655,0.0
83,62,1231.2801,1.9655,0.0
83,63,1204.9833,1.9655,0.0
83,64,951.4629,1.9655,0.0
83,65,1065.146,1.9655,0.0
83,66,1028.0001,1.9655,0.0
83,67,1087.8112,1.9655,0.0
83,68,1064.8244,1.9655,0.0
83,69,1044.1447,1.9655,0.0
83,70,1031.756,1.9655,0.0
83,71,871.7439,1.9655,0.0
83,72,860.2452,1.9655,0.0
83,73,786.7867,1.9655,0.0
83,74,665.6088,1.9655,0.0
83,75,677.6767,1.9655,0.0
83,76,615.3422,1.9655,0.0
83,77,564.4143,1.9655,0.0
83,78,469.7168,1.9655,0.0
83,79,439.195,1.9655,0.0
83,80,452.0701,1.9655,0.0
83,81,653.9182,1.9655,0.0
83,82,640.987,1.9655,0.0
83,83,590.6919,1.9655,0.0
83,84,564.2899,1.9655,0.0
83,85,521.805,1.9655,0.0
83,86,479.1236,1.9655,0.0
83,87,1553.8386,1.9655,0.0
83,88,1502.8627,1.9655,0.0
83,89,1332.9466,1.9655,0.0
83,90,1202.465,1.9655,0.0
83,91,1191.8172,1.9655,0.0
83,92,1154.1338,1.9655,0.0
83,93,1185.6295,1.9655,0.0
83,94,1148.6554,1.9655,0.0
83,1,65.3536,1.9655,0.0
83,3,209.4372,1.9655,0.9865
83,4,267.5491,1.9655,0.9808
83,5,205.8985,1.9655,0.9706
83,6,155.8032,1.9655,0.9868
83,7,108.8847,1.9655,0.9944
83,8,79.6576,1.9655,0.9925
83,9,55.1283,1.9655,0.9982
83,11,305.8218,1.9655,0.9684
83,12,472.5158,1.9655,0.9628
83,13,480.3772,1.9655,0.9648
83,14,388.1313,1.9655,0.9507
83,15,319.1459,1.9655,0.9947
83,16,270.6323,1.9655,0.9948
83,17,221.8815,1.9655,0.9972
83,19,423.0909,1.9655,0.9767
83,20,800.5025,1.9655,0.9831
83,21,425.0599,1.9655,1.8627
83,22,410.4418,1.9655,1.8299
83,23,402.2324,1.9655,1.9138
83,24,398.3224,1.9655,1.8269
83,25,367.4475,1.9655,1.6406
83,26,340.3515,1.9655,1.6483
83,27,324.7053,1.9655,1.7149
83,28,317.3906,1.9655,1.7937
83,29,313.0213,1.9655,0.9576
83,30,294.688,1.9655,1.9419
83,31,477.7997,1.9655,0.9601
83,32,421.4482,1.9655,0.9434
83,33,378.8626,1.9655,0.9889
83,34,346.6728,1.9655,0.9901
83,35,306.0865,1.9655,0.9974
83,37,505.3496,1.9655,0.9738
83,38,973.6474,1.9655,0.9801
83,39,749.6258,1.9655,1.9153
83,40,561.9792,1.9655,1.9355
83,41,567.515,1.9655,1.9545
83,42,529.7234,1.9655,1.942
83,43,592.1062,1.9655,1.6682
83,44,462.9393,1.9655,1.8584
83,45,433.2501,1.9655,1.9003
83,46,402.5546,1.9655,1.863
83,47,389.3206,1.9655,0.9679
83,48,385.8127,1.9655,1.9539
83,49,607.1518,1.9655,0.9633
83,50,551.196,1.9655,0.9514
83,51,517.4436,1.9655,0.9749
83,52,490.2815,1.9655,0.9811
83,53,448.6443,1.9655,0.9968
83,55,599.0719,1.9655,0.9909
83,56,1260.5537,1.9655,0.9797
83,57,948.1668,1.9655,1.9373
83,59,604.4376,1.9655,2.9425
83,60,591.9623,1.9655,2.9455
83,61,573.3032,1.9655,2.9413
83,62,575.8301,1.9655,2.93
83,63,554.2328,1.9655,1.8286
83,64,579.3527,1.9655,2.8732
83,65,544.4158,1.9655,2.9086
83,66,553.4532,1.9655,2.8965
83,67,516.9607,1.9655,2.9242
83,68,502.312,1.9655,2.9282
83,69,499.0196,1.9655,2.9246
83,70,524.1252,1.9655,2.8482
83,71,482.4424,1.9655,2.9219
83,72,649.7591,1.9655,1.9254
83,73,604.2805,1.9655,1.9459
83,74,552.5418,1.9655,1.9292
83,75,558.1192,1.9655,1.8104
83,76,490.9223,1.9655,1.8858
83,77,462.2233,1.9655,1.8648
83,78,441.7242,1.9655,1.9188
83,79,422.3549,1.9655,0.9846
83,80,408.7731,1.9655,1.9896
83,81,652.4923,1.9655,0.9267
83,82,596.7381,1.9655,0.9383
83,83,579.7329,1.9655,0.982
83,84,564.5535,1.9655,0.9815
83,85,528.1183,1.9655,0.9954
83,87,674.8221,1.9655,0.9705
83,88,1256.7278,1.9655,0.9662
83,89,715.1307,1.9655,2.907
83,90,823.0759,1.9655,2.8844
83,91,736.7269,1.9655,2.8738
83,92,652.6152,1.9655,2.8878
83,93,628.3454,1.9655,2.9095
83,94,751.2349,1.9655,1.9209
83,4,175.9082,1.9655,1.9697
83,5,173.1544,1.9655,1.9441
83,6,127.3832,1.9655,1.9985
83,7,102.3126,1.9655,2.0143
83,8,70.3961,1.9655,1.9887
83,12,311.0143,1.9655,1.9496
83,13,375.629,1.9655,1.9311
83,14,361.3025,1.9655,1.9435
83,15,314.7479,1.9655,2.0102
83,16,265.1832,1.9655,1.9903
83,20,436.1382,1.9655,1.9349
83,21,420.0045,1.9655,2.8999
83,22,425.2549,1.9655,3.8675
83,23,389.2203,1.9655,2.911
83,24,294.2659,1.9655,10.619
83,25,252.3482,1.9655,9.8849
83,26,247.6598,1.9655,9.1376
83,27,289.3394,1.9655,2.9263
83,28,269.8411,1.9655,6.5458
83,31,380.0003,1.9655,1.9315
83,32,401.5098,1.9655,1.9447
83,33,369.0585,1.9655,1.9793
83,34,343.9761,1.9655,1.9812
83,38,522.6714,1.9655,1.9143
83,39,504.4104,1.9655,2.8903
83,40,509.13,1.9655,3.9106
83,41,492.3013,1.9655,2.9225
83,42,436.2842,1.9655,11.056
83,43,385.8174,1.9655,9.5402
83,44,364.868,1.9655,8.8895
83,45,370.997,1.9655,2.9696
83,46,387.33,1.9655,5.7095
83,49,490.6881,1.9655,1.9378
83,50,533.2373,1.9655,1.9505
83,51,503.5103,1.9655,1.9523
83,52,486.404,1.9655,1.9639
83,56,632.5794,1.9655,1.8467
83,57,656.539,1.9655,2.9175
83,72,487.9741,1.9655,3.884
83,73,509.2354,1.9655,2.8988
83,74,474.0398,1.9655,10.915
83,75,431.2897,1.9655,9.8054
83,76,406.2851,1.9655,9.1527
83,77,413.5997,1.9655,2.9424
83,78,434.913,1.9655,6.6669
83,81,525.0395,1.9655,1.9302
83,82,554.9231,1.9655,1.9356
83,83,566.0497,1.9655,1.9655
84,1,40.6835,1.9639,0.9118
84,2,27.269,1.9639,0.0
84,3,597.0483,1.9639,0.0
84,4,354.1279,1.9639,0.0
84,5,242.0722,1.9639,0.0
84,6,165.3751,1.9639,0.0
84,7,116.6366,1.9639,0.0
84,8,88.8641,1.9639,0.0
84,9,67.6992,1.9639,0.0
84,10,52.3237,1.9639,0.0
84,11,715.2918,1.9639,0.0
84,12,561.7309,1.9639,0.0
84,13,521.8274,1.9639,0.0
84,14,415.3936,1.9639,0.0
84,15,326.6948,1.9639,0.0
84,16,272.6447,1.9639,0.0
84,17,223.9035,1.9639,0.0
84,18,184.0479,1.9639,0.0
84,19,1168.5636,1.9639,0.0
84,20,979.2896,1.9639,0.0
84,21,811.9113,1.9639,0.0
84,22,786.7561,1.9639,0.0
84,23,721.9255,1.9639,0.0
84,24,569.2397,1.9639,0.0
84,25,623.4035,1.9639,0.0
84,26,489.9354,1.9639,0.0
84,27,521.1328,1.9639,0.0
84,28,535.7257,1.9639,0.0
84,29,411.1417,1.9639,0.0
84,30,424.4352,1.9639,0.0
84,31,501.5441,1.9639,0.0
84,32,445.7,1.9639,0.0
84,33,382.8003,1.9639,0.0
84,34,344.9761,1.9639,0.0
84,35,303.2344,1.9639,0.0
84,36,264.7909,1.9639,0.0
84,37,1311.8379,1.9639,0.0
84,38,1166.327,1.9639,0.0
84,39,1028.0879,1.9639,0.0
84,40,927.6574,1.9639,0.0
84,41,848.1665,1.9639,0.0
84,42,657.9652,1.9639,0.0
84,43,732.8299,1.9639,0.0
84,44,561.2313,1.9639,0.0
84,45,613.2064,1.9639,0.0
84,46,569.5929,1.9639,0.0
84,47,474.8553,1.9639,0.0
84,48,502.9946,1.9639,0.0
84,49,627.931,1.9639,0.0
84,50,584.1601,1.9639,0.0
84,51,523.705,1.9639,0.0
84,52,487.6562,1.9639,0.0
84,53,442.6417,1.9639,0.0
84,54,399.4259,1.9639,0.0
84,55,1598.9091,1.9639,0.0
84,56,1484.203,1.9639,0.0
84,57,1311.9805,1.9639,0.0
84,58,618.1027,1.9639,2.7991
84,59,1317.9599,1.9639,0.0
84,60,1266.7956,1.9639,0.0
84,61,1235.3557,1.9639,0.0
84,62,1206.4001,1.9639,0.0
84,63,1180.7346,1.9639,0.0
84,64,935.183,1.9639,0.0
84,65,1042.9069,1.9639,0.0
84,66,1007.0657,1.9639,0.0
84,67,1066.5471,1.9639,0.0
84,68,1044.0654,1.9639,0.0
84,69,1023.8793,1.9639,0.0
84,70,1011.5941,1.9639,0.0
84,71,856.5112,1.9639,0.0
84,72,847.442,1.9639,0.0
84,73,776.3917,1.9639,0.0
84,74,657.8221,1.9639,0.0
84,75,670.1273,1.9639,0.0
84,76,609.3717,1.9639,0.0
84,77,559.5987,1.9639,0.0
84,78,466.3507,1.9639,0.0
84,79,436.2752,1.9639,0.0
84,80,449.2604,1.9639,0.0
84,81,646.0745,1.9639,0.0
84,82,634.5074,1.9639,0.0
84,83,586.1018,1.9639,0.0
84,84,560.6983,1.9639,0.0
84,85,519.369,1.9639,0.0
84,86,477.6315,1.9639,0.0
84,87,1517.314,1.9639,0.0
84,88,1472.451,1.9639,0.0
84,89,1308.9597,1.9639,0.0
84,90,1184.1644,1.9639,0.0
84,91,1172.1895,1.9639,0.0
84,92,1135.1989,1.9639,0.0
84,93,1164.1193,1.9639,0.0
84,94,1128.152,1.9639,0.0
84,1,64.976,1.9639,0.0
84,3,206.3143,1.9639,0.9865
84,4,263.9351,1.9639,0.9808
84,5,204.2639,1.9639,0.9706
84,6,155.106,1.9639,0.9868
84,7,108.7927,1.9639,0.9944
84,8,79.8188,1.9639,0.9925
84,9,55.4264,1.9639,0.9982
84,11,300.939,1.9639,0.9684
84,12,464.7507,1.9639,0.9628
84,13,473.8214,1.9639,0.9648
84,14,384.511,1.9639,0.9507
84,15,317.2192,1.9639,0.9947
84,16,269.6172,1.9639,0.9948
84,17,221.5689,1.9639,0.9972
84,19,417.5603,1.9639,0.9767
84,20,784.3917,1.9639,0.9831
84,21,420.8233,1.9639,1.8627
84,22,406.4345,1.9639,1.8299
84,23,398.2791,1.9639,1.9138
84,24,394.2442,1.9639,1.8269
84,25,364.3814,1.9639,1.6406
84,26,337.727,1.9639,1.6483
84,27,322.2142,1.9639,1.7149
84,28,314.9022,1.9639,1.7937
84,29,310.087,1.9639,0.9576
84,30,292.7333,1.9639,1.9419
84,31,471.9957,1.9639,0.9601
84,32,417.7268,1.9639,0.9434
84,33,376.4665,1.9639,0.9889
84,34,345.0898,1.9639,0.9901
84,35,305.2783,1.9639,0.9974
84,37,499.1756,1.9639,0.9738
84,38,953.8869,1.9639,0.9801
84,39,738.2484,1.9639,1.9153
84,40,556.3468,1.9639,1.9355
84,41,561.7704,1.9639,1.9545
84,42,524.7742,1.9639,1.942
84,43,585.1227,1.9639,1.6682
84,44,459.4787,1.9639,1.8584
84,45,430.1117,1.9639,1.9003
84,46,399.7963,1.9639,1.863
84,47,386.528,1.9639,0.9679
84,48,383.5763,1.9639,1.9539
84,49,599.8596,1.9639,0.9633
84,50,546.0918,1.9639,0.9514
84,51,513.6797,1.9639,0.9749
84,52,487.4071,1.9639,0.9811
84,53,446.7618,1.9639,0.9968
84,55,593.0376,1.9639,0.9909
84,56,1233.9967,1.9639,0.9797
84,57,933.459,1.9639,1.9373
84,59,599.684,1.9639,2.9425
84,60,587.3212,1.9639,2.9455
84,61,568.8885,1.9639,2.9413
84,62,571.1736,1.9639,2.93
84,63,549.0297,1.9639,1.8286
84,64,574.5748,1.9639,2.8732
84,65,540.1101,1.9639,2.9086
84,66,548.6977,1.9639,2.8965
84,67,513.0454,1.9639,2.9242
84,68,498.5719,1.9639,2.9282
84,69,495.2494,1.9639,2.9246
84,70,519.8405,1.9639,2.8482
84,71,478.8893,1.9639,2.9219
84,72,642.0721,1.9639,1.9254
84,73,598.098,1.9639,1.9459
84,74,547.7989,1.9639,1.9292
84,75,552.5207,1.9639,1.8104
84,76,487.8514,1.9639,1.8858
84,77,459.6048,1.9639,1.8648
84,78,439.3767,1.9639,1.9188
84,79,420.0983,1.9639,0.9846
84,80,407.1216,1.9639,1.9896
84,81,645.1147,1.9639,0.9267
84,82,591.5541,1.9639,0.9383
84,83,575.5381,1.9639,0.982
84,84,561.0805,1.9639,0.9815
84,85,525.6624,1.9639,0.9954
84,87,668.1318,1.9639,0.9705
84,88,1232.2448,1.9639,0.9662
84,89,709.444,1.9639,2.907
84,90,814.7378,1.9639,2.8844
84,91,729.9517,1.9639,2.8738
84,92,647.695,1.9639,2.8878
84,93,623.8558,1.9639,2.9095
84,94,742.2892,1.9639,1.9209
84,4,174.5535,1.9639,1.9697
84,5,172.0238,1.9639,1.9441
84,6,127.0566,1.9639,1.9985
84,7,102.2624,1.9639,2.0143
84,8,70.5926,1.9639,1.9887
84,12,307.7075,1.9639,1.9496
84,13,371.5511,1.9639,1.9311
84,14,358.1639,1.9639,1.9435
84,15,312.7804,1.9639,2.0102
84,16,264.2022,1.9639,1.9903
84,20,431.5673,1.9639,1.9349
84,21,416.3214,1.9639,2.8999
84,22,421.583,1.9639,3.8675
84,23,385.844,1.9639,2.911
84,24,292.5542,1.9639,10.619
84,25,251.3144,1.9639,9.8849
84,26,246.5894,1.9639,9.1376
84,27,287.278,1.9639,2.9263
84,28,268.1274,1.9639,6.5458
84,31,376.5335,1.9639,1.9315
84,32,398.1877,1.9639,1.9447
84,33,366.8447,1.9639,1.9793
84,34,342.4249,1.9639,1.9812
84,38,517.3698,1.9639,1.9143
84,39,500.39,1.9639,2.8903
84,40,505.4054,1.9639,3.9106
84,41,488.6493,1.9639,2.9225
84,42,433.8677,1.9639,11.056
84,43,384.2563,1.9639,9.5402
84,44,363.5898,1.9639,8.8895
84,45,369.0777,1.9639,2.9696
84,46,385.1074,1.9639,5.7095
84,49,486.4323,1.9639,1.9378
84,50,528.6014,1.9639,1.9505
84,51,500.0891,1.9639,1.9523
84,52,483.6417,1.9639,1.9639
84,56,626.6204,1.9639,1.8467
84,57,651.0351,1.9639,2.9175
84,72,484.8479,1.9639,3.884
84,73,505.6009,1.9639,2.8988
84,74,471.4757,1.9639,10.915
84,75,429.5423,1.9639,9.8054
84,76,405.0819,1.9639,9.1527
84,77,411.7843,1.9639,2.9424
84,78,432.9098,1.9639,6.6669
84,81,521.1581,1.9639,1.9302
84,82,550.8519,1.9639,1.9356
84,83,562.2909,1.9639,1.9655
84,84,558.9712,1.9639,1.9639
88,1,49.4359,1.8075,0.9118
88,2,32.2205,1.8075,0.0
88,3,822.15,1.8075,0.0
88,4,458.9956,1.8075,0.0
88,5,304.0917,1.8075,0.0
88,6,203.1255,1.8075,0.0
88,7,140.8773,1.8075,0.0
88,8,106.0306,1.8075,0.0
88,9,79.8957,1.8075,0.0
88,10,61.1676,1.8075,0.0
88,11,980.9636,1.8075,0.0
88,12,735.2872,1.8075,0.0
88,13,671.8572,1.8075,0.0
88,14,523.3093,1.8075,0.0
88,15,404.3688,1.8075,0.0
88,16,333.7171,1.8075,0.0
88,17,271.1408,1.8075,0.0
88,18,220.7874,1.8075,0.0
88,19,1618.321,1.8075,0.0
88,20,1306.0236,1.8075,0.0
88,21,1073.8645,1.8075,0.0
88,22,1032.9143,1.8075,0.0
88,23,943.5738,1.8075,0.0
88,24,743.1942,1.8075,0.0
88,25,809.5501,1.8075,0.0
88,26,634.995,1.8075,0.0
88,27,669.5156,1.8075,0.0
88,28,691.2883,1.8075,0.0
88,29,530.0149,1.8075,0.0
88,30,540.0198,1.8075,0.0
88,31,641.4292,1.8075,0.0
88,32,560.5331,1.8075,0.0
88,33,474.4189,1.8075,0.0
88,34,423.7602,1.8075,0.0
88,35,369.1145,1.8075,0.0
88,36,319.6386,1.8075,0.0
88,37,1810.8441,1.8075,0.0
88,38,1557.6903,1.8075,0.0
88,39,1353.4487,1.8075,0.0
88,40,1210.4384,1.8075,0.0
88,41,1100.2859,1.8075,0.0
88,42,844.9714,1.8075,0.0
88,43,944.5755,1.8075,0.0
88,44,715.4002,1.8075,0.0
88,45,781.7311,1.8075,0.0
88,46,723.4494,1.8075,0.0
88,47,604.072,1.8075,0.0
88,48,635.7758,1.8075,0.0
88,49,802.9517,1.8075,0.0
88,50,736.7435,1.8075,0.0
88,51,651.896,1.8075,0.0
88,52,602.3548,1.8075,0.0
88,53,542.2757,1.8075,0.0
88,54,485.5675,1.8075,0.0
88,55,2206.5294,1.8075,0.0
88,56,1992.0198,1.8075,0.0
88,57,1735.7045,1.8075,0.0
88,58,771.3546,1.8075,2.7991
88,59,1759.7955,1.8075,0.0
88,60,1687.3282,1.8075,0.0
88,61,1644.3172,1.8075,0.0
88,62,1604.8351,1.8075,0.0
88,63,1569.8044,1.8075,0.0
88,64,1223.7547,1.8075,0.0
88,65,1397.0237,1.8075,0.0
88,66,1345.3523,1.8075,0.0
88,67,1412.7942,1.8075,0.0
88,68,1382.459,1.8075,0.0
88,69,1354.9696,1.8075,0.0
88,70,1339.5852,1.8075,0.0
88,71,1122.0389,1.8075,0.0
88,72,1094.6876,1.8075,0.0
88,73,994.2848,1.8075,0.0
88,74,836.7523,1.8075,0.0
88,75,849.587,1.8075,0.0
88,76,766.8867,1.8075,0.0
88,77,700.0641,1.8075,0.0
88,78,579.6428,1.8075,0.0
88,79,540.7978,1.8075,0.0
88,80,555.4019,1.8075,0.0
88,81,823.0786,1.8075,0.0
88,82,799.693,1.8075,0.0
88,83,730.007,1.8075,0.0
88,84,693.7234,1.8075,0.0
88,85,637.523,1.8075,0.0
88,86,582.1236,1.8075,0.0
88,87,2069.3475,1.8075,0.0
88,88,1961.5822,1.8075,0.0
88,89,1720.3415,1.8075,0.0
88,90,1532.9737,1.8075,0.0
88,91,1528.4967,1.8075,0.0
88,92,1479.6138,1.8075,0.0
88,93,1531.1137,1.8075,0.0
88,94,1481.2261,1.8075,0.0
88,1,80.3048,1.8075,0.0
88,3,266.2038,1.8075,0.9865
88,4,338.7013,1.8075,0.9808
88,5,255.0141,1.8075,0.9706
88,6,190.6507,1.8075,0.9868
88,7,131.398,1.8075,0.9944
88,8,94.9909,1.8075,0.9925
88,9,64.6894,1.8075,0.9982
88,11,390.2839,1.8075,0.9684
88,12,604.7908,1.8075,0.9628
88,13,607.645,1.8075,0.9648
88,14,482.9264,1.8075,0.9507
88,15,392.4061,1.8075,0.9947
88,16,330.0901,1.8075,0.9948
88,17,268.3553,1.8075,0.9972
88,19,535.2211,1.8075,0.9767
88,20,1045.2655,1.8075,0.9831
88,21,530.0511,1.8075,1.8627
88,22,511.5959,1.8075,1.8299
88,23,501.4229,1.8075,1.9138
88,24,497.3405,1.8075,1.8269
88,25,455.0068,1.8075,1.6406
88,26,420.4375,1.8075,1.6483
88,27,401.0824,1.8075,1.7149
88,28,392.2686,1.8075,1.7937
88,29,389.1542,1.8075,0.9576
88,30,362.3948,1.8075,1.9419
88,31,601.0295,1.8075,0.9601
88,32,523.3404,1.8075,0.9434
88,33,466.1735,1.8075,0.9889
88,34,423.9573,1.8075,0.9901
88,35,371.7726,1.8075,0.9974
88,37,637.4404,1.8075,0.9738
88,38,1273.844,1.8075,0.9801
88,39,958.3613,1.8075,1.9153
88,40,701.9543,1.8075,1.9355
88,41,708.9273,1.8075,1.9545
88,42,659.7925,1.8075,1.942
88,43,745.6343,1.8075,1.6682
88,44,571.946,1.8075,1.8584
88,45,534.7969,1.8075,1.9003
88,46,496.0877,1.8075,1.863
88,47,480.1835,1.8075,0.9679
88,48,473.0482,1.8075,1.9539
88,49,763.2929,1.8075,0.9633
88,50,685.1258,1.8075,0.9514
88,51,638.3059,1.8075,0.9749
88,52,601.7662,1.8075,0.9811
88,53,547.4091,1.8075,0.9968
88,55,749.5704,1.8075,0.9909
88,56,1658.1771,1.8075,0.9797
88,57,1215.0291,1.8075,1.9373
88,59,747.778,1.8075,2.9425
88,60,732.2453,1.8075,2.9455
88,61,708.7802,1.8075,2.9413
88,62,713.0804,1.8075,2.93
88,63,689.7999,1.8075,1.8286
88,64,717.7923,1.8075,2.8732
88,65,673.5132,1.8075,2.9086
88,66,686.7771,1.8075,2.8965
88,67,638.6724,1.8075,2.9242
88,68,620.2482,1.8075,2.9282
88,69,616.4399,1.8075,2.9246
88,70,648.9226,1.8075,2.8482
88,71,595.5027,1.8075,2.9219
88,72,818.0297,1.8075,1.9254
88,73,755.7189,1.8075,1.9459
88,74,686.2634,1.8075,1.9292
88,75,697.2376,1.8075,1.8104
88,76,603.7955,1.8075,1.8858
88,77,567.1344,1.8075,1.8648
88,78,541.1597,1.8075,1.9188
88,79,517.418,1.8075,0.9846
88,80,498.0508,1.8075,1.9896
88,81,818.6189,1.8075,0.9267
88,82,740.242,1.8075,0.9383
88,83,714.9845,1.8075,0.982
88,84,693.5048,1.8075,0.9815
88,85,645.2198,1.8075,0.9954
88,87,843.7947,1.8075,0.9705
88,88,1640.2094,1.8075,0.9662
88,89,885.0174,1.8075,2.907
88,90,1028.954,1.8075,2.8844
88,91,918.1973,1.8075,2.8738
88,92,806.4331,1.8075,2.8878
88,93,775.0471,1.8075,2.9095
88,94,946.2771,1.8075,1.9209
88,4,217.5284,1.8075,1.9697
88,5,213.4683,1.8075,1.9441
88,6,154.6561,1.8075,1.9985
88,7,123.1997,1.8075,2.0143
88,8,83.5912,1.8075,1.9887
88,12,388.3439,1.8075,1.9496
88,13,470.1071,1.8075,1.9311
88,14,448.4545,1.8075,1.9435
88,15,387.3287,1.8075,2.0102
88,16,323.3788,1.8075,1.9903
88,20,544.9337,1.8075,1.9349
88,21,521.2983,1.8075,2.8999
88,22,527.5292,1.8075,3.8675
88,23,483.0222,1.8075,2.911
88,24,361.2684,1.8075,10.619
88,25,307.7217,1.8075,9.8849
88,26,302.1801,1.8075,9.1376
88,27,356.7321,1.8075,2.9263
88,28,331.6029,1.8075,6.5458
88,31,472.4317,1.8075,1.9315
88,32,497.5333,1.8075,1.9447
88,33,453.579,1.8075,1.9793
88,34,420.5742,1.8075,1.9812
88,38,652.7258,1.8075,1.9143
88,39,624.3856,1.8075,2.8903
88,40,628.6689,1.8075,3.9106
88,41,608.4297,1.8075,2.9225
88,42,535.3296,1.8075,11.056
88,43,470.6961,1.8075,9.5402
88,44,444.1389,1.8075,8.8895
88,45,454.3824,1.8075,2.9696
88,46,475.1882,1.8075,5.7095
88,49,608.629,1.8075,1.9378
88,50,661.3483,1.8075,1.9505
88,51,620.0107,1.8075,1.9523
88,52,596.6111,1.8075,1.9639
88,56,788.417,1.8075,1.8467
88,57,814.374,1.8075,2.9175
88,72,600.4482,1.8075,3.884
88,73,628.8349,1.8075,2.8988
88,74,581.3616,1.8075,10.915
88,75,526.2037,1.8075,9.8054
88,76,493.629,1.8075,9.1527
88,77,505.2181,1.8075,2.9424
88,78,531.3891,1.8075,6.6669
88,81,648.08,1.8075,1.9302
88,82,684.6813,1.8075,1.9356
88,83,696.5071,1.8075,1.9655
88,84,690.0976,1.8075,1.9639
88,88,867.5584,1.8075,1.8075
5,1,9.7472,2.9128,0.9118
5,2,6.6434,2.9128,0.0
5,3,129.9875,2.9128,0.0
5,4,80.4276,2.9128,0.0
5,5,56.4116,2.9128,0.0
5,6,39.2449,2.9128,0.0
5,7,28.0129,2.9128,0.0
5,8,21.4989,2.9128,0.0
5,9,16.4607,2.9128,0.0
5,10,12.7577,2.9128,0.0
5,11,156.1138,2.9128,0.0
5,12,126.5425,2.9128,0.0
5,13,119.1545,2.9128,0.0
5,14,96.5313,2.9128,0.0
5,15,77.0429,2.9128,0.0
5,16,64.8918,2.9128,0.0
5,17,53.7343,2.9128,0.0
5,18,44.4613,2.9128,0.0
5,19,254.2237,2.9128,0.0
5,20,217.9457,2.9128,0.0
5,21,181.6834,2.9128,0.0
5,22,177.066,2.9128,0.0
5,23,162.999,2.9128,0.0
5,24,128.7233,2.9128,0.0
5,25,141.4071,2.9128,0.0
5,26,111.3569,2.9128,0.0
5,27,119.1091,2.9128,0.0
5,28,122.0144,2.9128,0.0
5,29,93.766,2.9128,0.0
5,30,97.6845,2.9128,0.0
5,31,115.1706,2.9128,0.0
5,32,103.6947,2.9128,0.0
5,33,90.1373,2.9128,0.0
5,34,81.8381,2.9128,0.0
5,35,72.4613,2.9128,0.0
5,36,63.6768,2.9128,0.0
5,37,286.2486,2.9128,0.0
5,38,259.5279,2.9128,0.0
5,39,231.1173,2.9128,0.0
5,40,209.9066,2.9128,0.0
5,41,192.7765,2.9128,0.0
5,42,150.7447,2.9128,0.0
5,43,167.3783,2.9128,0.0
5,44,129.2726,2.9128,0.0
5,45,141.1109,2.9128,0.0
5,46,131.4019,2.9128,0.0
5,47,109.4741,2.9128,0.0
5,48,116.3922,2.9128,0.0
5,49,144.1259,2.9128,0.0
5,50,135.4439,2.9128,0.0
5,51,122.6873,2.9128,0.0
5,52,114.9752,2.9128,0.0
5,53,105.066,2.9128,0.0
5,54,95.3973,2.9128,0.0
5,55,349.486,2.9128,0.0
5,56,329.4784,2.9128,0.0
5,57,294.1692,2.9128,0.0
5,58,144.6238,2.9128,2.7991
5,59,293.4486,2.9128,0.0
5,60,282.4641,2.9128,0.0
5,61,275.561,2.9128,0.0
5,62,269.1899,2.9128,0.0
5,63,263.5484,2.9128,0.0
5,64,211.2565,2.9128,0.0
5,65,232.1028,2.9128,0.0
5,66,224.594,2.9128,0.0
5,67,238.5984,2.9128,0.0
5,68,233.6155,2.9128,0.0
5,69,229.1777,2.9128,0.0
5,70,226.3056,2.9128,0.0
5,71,193.1889,2.9128,0.0
5,72,193.1702,2.9128,0.0
5,73,178.1249,2.9128,0.0
5,74,151.7946,2.9128,0.0
5,75,154.9564,2.9128,0.0
5,76,141.6661,2.9128,0.0
5,77,130.6536,2.9128,0.0
5,78,109.404,2.9128,0.0
5,79,102.5201,2.9128,0.0
5,80,105.7384,2.9128,0.0
5,81,148.8227,2.9128,0.0
5,82,147.2178,2.9128,0.0
5,83,137.2028,2.9128,0.0
5,84,131.9596,2.9128,0.0
5,85,123.0101,2.9128,0.0
5,86,113.7716,2.9128,0.0
5,87,334.3564,2.9128,0.0
5,88,328.6797,2.9128,0.0
5,89,294.72,2.9128,0.0
5,90,269.5021,2.9128,0.0
5,91,265.4503,2.9128,0.0
5,92,257.1254,2.9128,0.0
5,93,261.8283,2.9128,0.0
5,94,254.0263,2.9128,0.0
5,1,15.3531,2.9128,0.0
5,3,47.0338,2.9128,0.9865
5,4,60.5234,2.9128,0.9808
5,5,47.858,2.9128,0.9706
5,6,36.8166,2.9128,0.9868
5,7,26.1481,2.9128,0.9944
5,8,19.3571,2.9128,0.9925
5,9,13.5581,2.9128,0.9982
5,11,68.2755,2.9128,0.9684
5,12,105.3054,2.9128,0.9628
5,13,108.5517,2.9128,0.9648
5,14,89.5948,2.9128,0.9507
5,15,74.8497,2.9128,0.9947
5,16,64.1573,2.9128,0.9948
5,17,53.1638,2.9128,0.9972
5,19,95.8497,2.9128,0.9767
5,20,175.1434,2.9128,0.9831
5,21,97.755,2.9128,1.8627
5,22,94.4758,2.9128,1.8299
5,23,92.5451,2.9128,1.9138
5,24,91.4528,2.9128,1.8269
5,25,85.1312,2.9128,1.6406
5,26,79.0832,2.9128,1.6483
5,27,75.4525,2.9128,1.7149
5,28,73.6865,2.9128,1.7937
5,29,72.1216,2.9128,0.9576
5,30,68.8077,2.9128,1.9419
5,31,108.7508,2.9128,0.9601
5,32,97.4953,2.9128,0.9434
5,33,88.7108,2.9128,0.9889
5,34,81.8564,2.9128,0.9901
5,35,72.9221,2.9128,0.9974
5,37,114.9721,2.9128,0.9738
5,38,212.8759,2.9128,0.9801
5,39,168.1354,2.9128,1.9153
5,40,129.2409,2.9128,1.9355
5,41,130.4379,2.9128,1.9545
5,42,122.1941,2.9128,1.942
5,43,134.9705,2.9128,1.6682
5,44,107.7128,2.9128,1.8584
5,45,100.8958,2.9128,1.9003
5,46,93.8997,2.9128,1.863
5,47,90.6508,2.9128,0.9679
5,48,90.4277,2.9128,1.9539
5,49,138.1855,2.9128,0.9633
5,50,127.1409,2.9128,0.9514
5,51,120.5099,2.9128,0.9749
5,52,114.964,2.9128,0.9811
5,53,106.035,2.9128,0.9968
5,55,137.8005,2.9128,0.9909
5,56,274.5914,2.9128,0.9797
5,57,212.3569,2.9128,1.9373
5,59,140.3959,2.9128,2.9425
5,60,137.5122,2.9128,2.9455
5,61,133.2643,2.9128,2.9413
5,62,133.6061,2.9128,2.93
5,63,127.7725,2.9128,1.8286
5,64,134.3264,2.9128,2.8732
5,65,126.4184,2.9128,2.9086
5,66,128.1009,2.9128,2.8965
5,67,120.2375,2.9128,2.9242
5,68,116.9007,2.9128,2.9282
5,69,116.0754,2.9128,2.9246
5,70,121.5617,2.9128,2.8482
5,71,112.3244,2.9128,2.9219
5,72,148.1225,2.9128,1.9254
5,73,138.8171,2.9128,1.9459
5,74,127.9252,2.9128,1.9292
5,75,128.3062,2.9128,1.8104
5,76,114.8945,2.9128,1.8858
5,77,108.458,2.9128,1.8648
5,78,103.7977,2.9128,1.9188
5,79,99.205,2.9128,0.9846
5,80,96.6002,2.9128,1.9896
5,81,148.9993,2.9128,0.9267
5,82,137.9942,2.9128,0.9383
5,83,135.0047,2.9128,0.982
5,84,132.1597,2.9128,0.9815
5,85,124.5148,2.9128,0.9954
5,87,155.3487,2.9128,0.9705
5,88,275.9578,2.9128,0.9662
5,89,166.0489,2.9128,2.907
5,90,189.1137,2.9128,2.8844
5,91,170.0195,2.9128,2.8738
5,92,151.7709,2.9128,2.8878
5,93,146.3889,2.9128,2.9095
5,94,171.0645,2.9128,1.9209
5,4,40.9358,2.9128,1.9697
5,5,40.5192,2.9128,1.9441
5,6,30.3536,2.9128,1.9985
5,7,24.5919,2.9128,2.0143
5,8,17.1424,2.9128,1.9887
5,12,71.3023,2.9128,1.9496
5,13,86.0532,2.9128,1.9311
5,14,83.6586,2.9128,1.9435
5,15,73.7397,2.9128,2.0102
5,16,62.8783,2.9128,1.9903
5,20,100.061,2.9128,1.9349
5,21,97.1632,2.9128,2.8999
5,22,98.4363,2.9128,3.8675
5,23,90.0574,2.9128,2.911
5,24,68.9958,2.9128,10.619
5,25,59.6313,2.9128,9.8849
5,26,58.4515,2.9128,9.1376
5,27,67.3932,2.9128,2.9263
5,28,63.074,2.9128,6.5458
5,31,87.7688,2.9128,1.9315
5,32,93.1301,2.9128,1.9447
5,33,86.5486,2.9128,1.9793
5,34,81.24,2.9128,1.9812
5,38,120.13,2.9128,1.9143
5,39,117.157,2.9128,2.8903
5,40,118.6243,2.9128,3.9106
5,41,114.6328,2.9128,2.9225
5,42,102.4883,2.9128,11.056
5,43,91.2518,2.9128,9.5402
5,44,86.4986,2.9128,8.8895
5,45,87.2376,2.9128,2.9696
5,46,90.8284,2.9128,5.7095
5,49,113.4826,2.9128,1.9378
5,50,123.334,2.9128,1.9505
5,51,117.5338,2.9128,1.9523
5,52,114.1553,2.9128,1.9639
5,56,145.933,2.9128,1.8467
5,57,152.225,2.9128,2.9175
5,72,114.1794,2.9128,3.884
5,73,118.7315,2.9128,2.8988
5,74,111.4262,2.9128,10.915
5,75,102.0081,2.9128,9.8054
5,76,96.5706,2.9128,9.1527
5,77,97.6238,2.9128,2.9424
5,78,102.5451,2.9128,6.6669
5,81,122.1541,2.9128,1.9302
5,82,129.1524,2.9128,1.9356
5,83,132.1947,2.9128,1.9655
5,84,131.7889,2.9128,1.9639
5,88,160.8674,2.9128,1.8075
5,5,31.4436,2.9128,2.9128
6,1,8.821,2.9987,0.9118
6,2,6.1196,2.9987,0.0
6,3,115.9498,2.9987,0.0
6,4,71.6818,2.9987,0.0
6,5,50.5303,2.9987,0.0
6,6,35.4129,2.9987,0.0
6,7,25.4799,2.9987,0.0
6,8,19.6943,2.9987,0.0
6,9,15.1883,2.9987,0.0
6,10,11.8513,2.9987,0.0
6,11,139.3753,2.9987,0.0
6,12,112.821,2.9987,0.0
6,13,106.3508,2.9987,0.0
6,14,86.3999,2.9987,0.0
6,15,69.2515,2.9987,0.0
6,16,58.5776,2.9987,0.0
6,17,48.7448,2.9987,0.0
6,18,40.5441,2.9987,0.0
6,19,227.66,2.9987,0.0
6,20,194.6719,2.9987,0.0
6,21,162.2609,2.9987,0.0
6,22,158.2705,2.9987,0.0
6,23,145.758,2.9987,0.0
6,24,115.3697,2.9987,0.0
6,25,126.5416,2.9987,0.0
6,26,99.9017,2.9987,0.0
6,27,106.6917,2.9987,0.0
6,28,109.2305,2.9987,0.0
6,29,84.2028,2.9987,0.0
6,30,87.6124,2.9987,0.0
6,31,103.0738,2.9987,0.0
6,32,92.9621,2.9987,0.0
6,33,81.0563,2.9987,0.0
6,34,73.8064,2.9987,0.0
6,35,65.5868,2.9987,0.0
6,36,57.8665,2.9987,0.0
6,37,256.5198,2.9987,0.0
6,38,232.0032,2.9987,0.0
6,39,206.6589,2.9987,0.0
6,40,187.8203,2.9987,0.0
6,41,172.6395,2.9987,0.0
6,42,135.3716,2.9987,0.0
6,43,150.1398,2.9987,0.0
6,44,116.3247,2.9987,0.0
6,45,126.7778,2.9987,0.0
6,46,118.1427,2.9987,0.0
6,47,98.7032,2.9987,0.0
6,48,104.7692,2.9987,0.0
6,49,129.3853,2.9987,0.0
6,50,121.6598,2.9987,0.0
6,51,110.4089,2.9987,0.0
6,52,103.6503,2.9987,0.0
6,53,94.9489,2.9987,0.0
6,54,86.4581,2.9987,0.0
6,55,313.2347,2.9987,0.0
6,56,294.7168,2.9987,0.0
6,57,263.1381,2.9987,0.0
6,58,130.2341,2.9987,2.7991
6,59,262.6644,2.9987,0.0
6,60,252.8197,2.9987,0.0
6,61,246.6348,2.9987,0.0
6,62,240.9233,2.9987,0.0
6,63,235.8641,2.9987,0.0
6,64,189.3824,2.9987,0.0
6,65,208.1604,2.9987,0.0
6,66,201.4294,2.9987,0.0
6,67,213.5146,2.9987,0.0
6,68,209.0416,2.9987,0.0
6,69,205.0594,2.9987,0.0
6,70,202.4669,2.9987,0.0
6,71,173.0176,2.9987,0.0
6,72,172.9593,2.9987,0.0
6,73,159.6769,2.9987,0.0
6,74,136.421,2.9987,0.0
6,75,139.2585,2.9987,0.0
6,76,127.5031,2.9987,0.0
6,77,117.7618,2.9987,0.0
6,78,98.9287,2.9987,0.0
6,79,92.8272,2.9987,0.0
6,80,95.6853,2.9987,0.0
6,81,133.9718,2.9987,0.0
6,82,132.5017,2.9987,0.0
6,83,123.6424,2.9987,0.0
6,84,119.0531,2.9987,0.0
6,85,111.193,2.9987,0.0
6,86,103.0788,2.9987,0.0
6,87,299.7237,2.9987,0.0
6,88,294.0959,2.9987,0.0
6,89,263.757,2.9987,0.0
6,90,241.5305,2.9987,0.0
6,91,238.0151,2.9987,0.0
6,92,230.5946,2.9987,0.0
6,93,234.7566,2.9987,0.0
6,94,227.7683,2.9987,0.0
6,1,13.7992,2.9987,0.0
6,3,41.9713,2.9987,0.9865
6,4,54.077,2.9987,0.9808
6,5,42.9646,2.9987,0.9706
6,6,33.254,2.9987,0.9868
6,7,23.8136,2.9987,0.9944
6,8,17.775,2.9987,0.9925
6,9,12.597,2.9987,0.9982
6,11,61.0174,2.9987,0.9684
6,12,93.9978,2.9987,0.9628
6,13,96.956,2.9987,0.9648
6,14,80.2618,2.9987,0.9507
6,15,67.3088,2.9987,0.9947
6,16,57.9221,2.9987,0.9948
6,17,48.2328,2.9987,0.9972
6,19,86.1481,2.9987,0.9767
6,20,156.7702,2.9987,0.9831
6,21,87.8153,2.9987,1.8627
6,22,84.9253,2.9987,1.8299
6,23,83.2111,2.9987,1.9138
6,24,82.2331,2.9987,1.8269
6,25,76.5846,2.9987,1.6406
6,26,71.211,2.9987,1.6483
6,27,67.9774,2.9987,1.7149
6,28,66.3897,2.9987,1.7937
6,29,64.9641,2.9987,0.9576
6,30,62.0228,2.9987,1.9419
6,31,97.3838,2.9987,0.9601
6,32,87.4781,2.9987,0.9434
6,33,79.7986,2.9987,0.9889
6,34,73.8257,2.9987,0.9901
6,35,65.9967,2.9987,0.9974
6,37,103.4559,2.9987,0.9738
6,38,190.6976,2.9987,0.9801
6,39,150.7894,2.9987,1.9153
6,40,116.1973,2.9987,1.9355
6,41,117.3051,2.9987,1.9545
6,42,110.0255,2.9987,1.942
6,43,121.4381,2.9987,1.6682
6,44,97.1744,2.9987,1.8584
6,45,91.1171,2.9987,1.9003
6,46,84.8954,2.9987,1.863
6,47,81.9715,2.9987,0.9679
6,48,81.75,2.9987,1.9539
6,49,124.1085,2.9987,0.9633
6,50,114.3072,2.9987,0.9514
6,51,108.4883,2.9987,0.9749
6,52,103.6477,2.9987,0.9811
6,53,95.8139,2.9987,0.9968
6,55,123.9803,2.9987,0.9909
6,56,246.1256,2.9987,0.9797
6,57,190.4785,2.9987,1.9373
6,59,126.4572,2.9987,2.9425
6,60,123.8682,2.9987,2.9455
6,61,120.0668,2.9987,2.9413
6,62,120.3408,2.9987,2.93
6,63,115.0733,2.9987,1.8286
6,64,120.9324,2.9987,2.8732
6,65,113.8754,2.9987,2.9086
6,66,115.3491,2.9987,2.8965
6,67,108.3262,2.9987,2.9242
6,68,105.3302,2.9987,2.9282
6,69,104.5694,2.9987,2.9246
6,70,109.3879,2.9987,2.8482
6,71,101.1905,2.9987,2.9219
6,72,133.0363,2.9987,1.9254
6,73,124.8613,2.9987,1.9459
6,74,115.2606,2.9987,1.9292
6,75,115.5178,2.9987,1.8104
6,76,103.7767,2.9987,1.8858
6,77,98.0987,2.9987,1.8648
6,78,93.9793,2.9987,1.9188
6,79,89.9052,2.9987,0.9846
6,80,87.593,2.9987,1.9896
6,81,134.1084,2.9987,0.9267
6,82,124.3208,2.9987,0.9383
6,83,121.7014,2.9987,0.982
6,84,119.2401,2.9987,0.9815
6,85,112.5373,2.9987,0.9954
6,87,139.751,2.9987,0.9705
6,88,247.373,2.9987,0.9662
6,89,149.4998,2.9987,2.907
6,90,170.171,2.9987,2.8844
6,91,153.2403,2.9987,2.8738
6,92,136.9221,2.9987,2.8878
6,93,132.127,2.9987,2.9095
6,94,154.0713,2.9987,1.9209
6,4,36.6977,2.9987,1.9697
6,5,36.4604,2.9987,1.9441
6,6,27.5063,2.9987,1.9985
6,7,22.4279,2.9987,2.0143
6,8,15.8009,2.9987,1.9887
6,12,63.7944,2.9987,1.9496
6,13,77.0087,2.9987,1.9311
6,14,74.9967,2.9987,1.9435
6,15,66.3194,2.9987,2.0102
6,16,56.7826,2.9987,1.9903
6,20,89.8285,2.9987,1.9349
6,21,87.3048,2.9987,2.8999
6,22,88.4703,2.9987,3.8675
6,23,81.0229,2.9987,2.911
6,24,62.3963,2.9987,10.619
6,25,54.0676,2.9987,9.8849
6,26,52.9928,2.9987,9.1376
6,27,60.8513,2.9987,2.9263
6,28,57.0046,2.9987,6.5458
6,31,78.7812,2.9987,1.9315
6,32,83.6131,2.9987,1.9447
6,33,77.8874,2.9987,1.9793
6,34,73.2814,2.9987,1.9812
6,38,107.9688,2.9987,1.9143
6,39,105.3858,2.9987,2.8903
6,40,106.7629,2.9987,3.9106
6,41,103.2775,2.9987,2.9225
6,42,92.5983,2.9987,11.056
6,43,82.6496,2.9987,9.5402
6,44,78.4368,2.9987,8.8895
6,45,79.0279,2.9987,2.9696
6,46,82.193,2.9987,5.7095
6,49,102.1877,2.9987,1.9378
6,50,110.9372,2.9987,1.9505
6,51,105.8584,2.9987,1.9523
6,52,102.9373,2.9987,1.9639
6,56,131.2676,2.9987,1.8467
6,57,136.8686,2.9987,2.9175
6,72,102.8724,2.9987,3.884
6,73,107.0216,2.9987,2.8988
6,74,100.6727,2.9987,10.915
6,75,92.3748,2.9987,9.8054
6,76,87.6064,2.9987,9.1527
6,77,88.5227,2.9987,2.9424
6,78,92.901,2.9987,6.6669
6,81,110.2611,2.9987,1.9302
6,82,116.4811,2.9987,1.9356
6,83,119.2179,2.9987,1.9655
6,84,118.9208,2.9987,1.9639
6,88,144.7067,2.9987,1.8075
6,5,28.4121,2.9987,2.9128
6,6,25.7809,2.9987,2.9987
7,1,6.7746,2.9903,0.9118
7,2,4.8836,2.9903,0.0
7,3,81.977,2.9903,0.0
7,4,52.0237,2.9903,0.0
7,5,37.5685,2.9903,0.0
7,6,26.9351,2.9903,0.0
7,7,19.7707,2.9903,0.0
7,8,15.5249,2.9903,0.0
7,9,12.1511,2.9903,0.0
7,10,9.605,2.9903,0.0
7,11,98.8806,2.9903,0.0
7,12,81.5352,2.9903,0.0
7,13,77.652,2.9903,0.0
7,14,64.0576,2.9903,0.0
7,15,52.1509,2.9903,0.0
7,16,44.6529,2.9903,0.0
7,17,37.6295,2.9903,0.0
7,18,31.6804,2.9903,0.0
7,19,162.016,2.9903,0.0
7,20,140.0273,2.9903,0.0
7,21,117.1112,2.9903,0.0
7,22,114.8256,2.9903,0.0
7,23,106.0489,2.9903,0.0
7,24,84.3631,2.9903,0.0
7,25,92.4636,2.9903,0.0
7,26,73.4185,2.9903,0.0
7,27,78.4696,2.9903,0.0
7,28,80.0853,2.9903,0.0
7,29,62.1299,2.9903,0.0
7,30,64.8633,2.9903,0.0
7,31,75.88,2.9903,0.0
7,32,69.171,2.9903,0.0
7,33,61.0425,2.9903,0.0
7,34,56.0812,2.9903,0.0
7,35,50.3344,2.9903,0.0
7,36,44.8546,2.9903,0.0
7,37,183.1486,2.9903,0.0
7,38,167.0865,2.9903,0.0
7,39,149.8906,2.9903,0.0
7,40,136.9578,2.9903,0.0
7,41,126.4307,2.9903,0.0
7,42,100.108,2.9903,0.0
7,43,110.6119,2.9903,0.0
7,44,86.6163,2.9903,0.0
7,45,94.1007,2.9903,0.0
7,46,87.943,2.9903,0.0
7,47,73.8057,2.9903,0.0
7,48,78.3016,2.9903,0.0
7,49,95.7727,2.9903,0.0
7,50,90.6876,2.9903,0.0
7,51,83.0577,2.9903,0.0
7,52,78.4819,2.9903,0.0
7,53,72.4531,2.9903,0.0
7,54,66.5081,2.9903,0.0
7,55,223.9076,2.9903,0.0
7,56,212.1297,2.9903,0.0
7,57,190.637,2.9903,0.0
7,58,97.9882,2.9903,2.7991
7,59,189.7084,2.9903,0.0
7,60,182.756,2.9903,0.0
7,61,178.3241,2.9903,0.0
7,62,174.2214,2.9903,0.0
7,63,170.587,2.9903,0.0
7,64,138.4298,2.9903,0.0
7,65,150.8204,2.9903,0.0
7,66,146.1445,2.9903,0.0
7,67,154.6287,2.9903,0.0
7,68,151.3924,2.9903,0.0
7,69,148.5273,2.9903,0.0
7,70,146.5709,2.9903,0.0
7,71,126.1445,2.9903,0.0
7,72,126.8521,2.9903,0.0
7,73,117.8208,2.9903,0.0
7,74,101.4561,2.9903,0.0
7,75,103.6967,2.9903,0.0
7,76,95.4919,2.9903,0.0
7,77,88.6413,2.9903,0.0
7,78,75.0883,2.9903,0.0
7,79,70.691,2.9903,0.0
7,80,72.8677,2.9903,0.0
7,81,99.8545,2.9903,0.0
7,82,99.1557,2.9903,0.0
7,83,93.2029,2.9903,0.0
7,84,90.1853,2.9903,0.0
7,85,84.7991,2.9903,0.0
7,86,79.1555,2.9903,0.0
7,87,215.4634,2.9903,0.0
7,88,212.5524,2.9903,0.0
7,89,191.7954,2.9903,0.0
7,90,177.2887,2.9903,0.0
7,91,174.3207,2.9903,0.0
7,92,168.968,2.9903,0.0
7,93,171.2063,2.9903,0.0
7,94,166.242,2.9903,0.0
7,1,10.3987,2.9903,0.0
7,3,30.6022,2.9903,0.9865
7,4,39.6478,2.9903,0.9808
7,5,32.1644,2.9903,0.9706
7,6,25.3318,2.9903,0.9868
7,7,18.518,2.9903,0.9944
7,8,14.0793,2.9903,0.9925
7,9,10.2214,2.9903,0.9982
7,11,44.4924,2.9903,0.9684
7,12,68.3141,2.9903,0.9628
7,13,71.0231,2.9903,0.9648
7,14,59.6887,2.9903,0.9507
7,15,50.7398,2.9903,0.9947
7,16,44.1581,2.9903,0.9948
7,17,37.2381,2.9903,0.9972
7,19,63.8686,2.9903,0.9767
7,20,113.4161,2.9903,0.9831
7,21,65.5203,2.9903,1.8627
7,22,63.4645,2.9903,1.8299
7,23,62.202,2.9903,1.9138
7,24,61.4202,2.9903,1.8269
7,25,57.4915,2.9903,1.6406
7,26,53.6171,2.9903,1.6483
7,27,51.2318,2.9903,1.7149
7,28,50.0218,2.9903,1.7937
7,29,48.763,2.9903,0.9576
7,30,46.8911,2.9903,1.9419
7,31,71.9079,2.9903,0.9601
7,32,65.3041,2.9903,0.9434
7,33,60.1519,2.9903,0.9889
7,34,56.0962,2.9903,0.9901
7,35,50.6298,2.9903,0.9974
7,37,77.004,2.9903,0.9738
7,38,138.0927,2.9903,0.9801
7,39,110.8238,2.9903,1.9153
7,40,86.8035,2.9903,1.9355
7,41,87.6504,2.9903,1.9545
7,42,82.5251,2.9903,1.942
7,43,90.466,2.9903,1.6682
7,44,73.4259,2.9903,1.8584
7,45,69.0005,2.9903,1.9003
7,46,64.4651,2.9903,1.863
7,47,62.2209,2.9903,0.9679
7,48,62.2131,2.9903,1.9539
7,49,92.1403,2.9903,0.9633
7,50,85.5479,2.9903,0.9514
7,51,81.7279,2.9903,0.9749
7,52,78.5067,2.9903,0.9811
7,53,73.0954,2.9903,0.9968
7,55,92.705,2.9903,0.9909
7,56,178.0536,2.9903,0.9797
7,57,139.9128,2.9903,1.9373
7,59,95.2178,2.9903,2.9425
7,60,93.2841,2.9903,2.9455
7,61,90.4807,2.9903,2.9413
7,62,90.5682,2.9903,2.93
7,63,86.3386,2.9903,1.8286
7,64,90.91,2.9903,2.8732
7,65,85.7475,2.9903,2.9086
7,66,86.674,2.9903,2.8965
7,67,81.652,2.9903,2.9242
7,68,79.4291,2.9903,2.9282
7,69,78.815,2.9903,2.9246
7,70,82.1806,2.9903,2.8482
7,71,76.3004,2.9903,2.9219
7,72,98.8025,2.9903,1.9254
7,73,93.3008,2.9903,1.9459
7,74,86.6909,2.9903,1.9292
7,75,86.4983,2.9903,1.8104
7,76,78.7735,2.9903,1.8858
7,77,74.7269,2.9903,1.8648
7,78,71.7624,2.9903,1.9188
7,79,68.7538,2.9903,0.9846
7,80,67.2293,2.9903,1.9896
7,81,100.087,2.9903,0.9267
7,82,93.4821,2.9903,0.9383
7,83,91.8965,2.9903,0.982
7,84,90.376,2.9903,0.9815
7,85,85.8075,2.9903,0.9954
7,87,104.5128,2.9903,0.9705
7,88,179.7161,2.9903,0.9662
7,89,112.4669,2.9903,2.907
7,90,127.2819,2.9903,2.8844
7,91,115.1751,2.9903,2.8738
7,92,103.4489,2.9903,2.8878
7,93,99.9878,2.9903,2.9095
7,94,114.9538,2.9903,1.9209
7,4,27.4225,2.9903,1.9697
7,5,27.4842,2.9903,1.9441
7,6,21.1488,2.9903,1.9985
7,7,17.4928,2.9903,2.0143
7,8,12.6077,2.9903,1.9887
7,12,47.2059,2.9903,1.9496
7,13,56.9713,2.9903,1.9311
7,14,55.9197,2.9903,1.9435
7,15,49.9818,2.9903,2.0102
7,16,43.313,2.9903,1.9903
7,20,66.8706,2.9903,1.9349
7,21,65.3415,2.9903,2.8999
7,22,66.2607,2.9903,3.8675
7,23,60.7834,2.9903,2.911
7,24,47.5033,2.9903,10.619
7,25,41.4862,2.9903,9.8849
7,26,40.6376,2.9903,9.1376
7,27,46.0841,2.9903,2.9263
7,28,43.3096,2.9903,6.5458
7,31,58.8126,2.9903,1.9315
7,32,62.5609,2.9903,1.9447
7,33,58.7945,2.9903,1.9793
7,34,55.7037,2.9903,1.9812
7,38,80.5868,2.9903,1.9143
7,39,79.155,2.9903,2.8903
7,40,80.3758,2.9903,3.9106
7,41,77.8681,2.9903,2.9225
7,42,70.4244,2.9903,11.056
7,43,63.3081,2.9903,9.5402
7,44,60.2641,2.9903,8.8895
7,45,60.4149,2.9903,2.9696
7,46,62.6532,2.9903,5.7095
7,49,76.7798,2.9903,1.9378
7,50,83.1968,2.9903,1.9505
7,51,79.8912,2.9903,1.9523
7,52,78.0224,2.9903,1.9639
7,56,98.267,2.9903,1.8467
7,57,102.6251,2.9903,2.9175
7,72,77.7379,2.9903,3.884
7,73,80.8052,2.9903,2.8988
7,74,76.5852,2.9903,10.915
7,75,70.7353,2.9903,9.8054
7,76,67.4272,2.9903,9.1527
7,77,67.8885,2.9903,2.9424
7,78,71.112,2.9903,6.6669
7,81,83.4095,2.9903,1.9302
7,82,88.0052,2.9903,1.9356
7,83,90.199,2.9903,1.9655
7,84,90.2005,2.9903,1.9639
7,88,108.3849,2.9903,1.8075
7,5,21.7205,2.9903,2.9128
7,6,19.8669,2.9903,2.9987
7,7,15.5817,2.9903,2.9903
13,1,21.0584,2.9146,0.9118
13,2,13.6982,2.9146,0.0
13,3,322.7925,2.9146,0.0
13,4,189.6605,2.9146,0.0
13,5,127.9645,2.9146,0.0
13,6,86.1605,2.9146,0.0
13,7,59.9074,2.9146,0.0
13,8,45.0876,2.9146,0.0
13,9,33.9334,2.9146,0.0
13,10,25.9335,2.9146,0.0
13,11,386.098,2.9146,0.0
13,12,301.3307,2.9146,0.0
13,13,278.5639,2.9146,0.0
13,14,219.9479,2.9146,0.0
13,15,171.3557,2.9146,0.0
13,16,141.8517,2.9146,0.0
13,17,115.4552,2.9146,0.0
13,18,94.0428,2.9146,0.0
13,19,628.9537,2.9146,0.0
13,20,525.8367,2.9146,0.0
13,21,435.4205,2.9146,0.0
13,22,420.8711,2.9146,0.0
13,23,385.6611,2.9146,0.0
13,24,303.1266,2.9146,0.0
13,25,332.3156,2.9146,0.0
13,26,260.2229,2.9146,0.0
13,27,276.8948,2.9146,0.0
13,28,285.1174,2.9146,0.0
13,29,217.8958,2.9146,0.0
13,30,224.7197,2.9146,0.0
13,31,266.4534,2.9146,0.0
13,32,235.4382,2.9146,0.0
13,33,200.7514,2.9146,0.0
13,34,179.8635,2.9146,0.0
13,35,157.0191,2.9146,0.0
13,36,136.1238,2.9146,0.0
13,37,704.9609,2.9146,0.0
13,38,625.6996,2.9146,0.0
13,39,549.9242,2.9146,0.0
13,40,494.9507,2.9146,0.0
13,41,451.5308,2.9146,0.0
13,42,348.3397,2.9146,0.0
13,43,388.8226,2.9146,0.0
13,44,295.9256,2.9146,0.0
13,45,324.0408,2.9146,0.0
13,46,300.4977,2.9146,0.0
13,47,249.6759,2.9146,0.0
13,48,264.7291,2.9146,0.0
13,49,332.341,2.9146,0.0
13,50,308.084,2.9146,0.0
13,51,274.7333,2.9146,0.0
13,52,254.7805,2.9146,0.0
13,53,230.0798,2.9146,0.0
13,54,206.4581,2.9146,0.0
13,55,858.6799,2.9146,0.0
13,56,796.1066,2.9146,0.0
13,57,701.9398,2.9146,0.0
13,58,324.1533,2.9146,2.7991
13,59,705.7873,2.9146,0.0
13,60,678.1931,2.9146,0.0
13,61,661.3178,2.9146,0.0
13,62,645.7939,2.9146,0.0
13,63,632.0359,2.9146,0.0
13,64,498.0207,2.9146,0.0
13,65,557.1841,2.9146,0.0
13,66,537.7266,2.9146,0.0
13,67,570.6508,2.9146,0.0
13,68,558.6379,2.9146,0.0
13,69,547.8252,2.9146,0.0
13,70,541.3978,2.9146,0.0
13,71,456.8325,2.9146,0.0
13,72,450.8979,2.9146,0.0
13,73,411.7737,2.9146,0.0
13,74,347.2309,2.9146,0.0
13,75,353.5264,2.9146,0.0
13,76,320.3875,2.9146,0.0
13,77,293.3116,2.9146,0.0
13,78,243.0764,2.9146,0.0
13,79,226.885,2.9146,0.0
13,80,233.6927,2.9146,0.0
13,81,340.4316,2.9146,0.0
13,82,333.7314,2.9146,0.0
13,83,306.9884,2.9146,0.0
13,84,292.7959,2.9146,0.0
13,85,270.0313,2.9146,0.0
13,86,247.1615,2.9146,0.0
13,87,813.1166,2.9146,0.0
13,88,788.4198,2.9146,0.0
13,89,699.126,2.9146,0.0
13,90,629.5576,2.9146,0.0
13,91,623.6462,2.9146,0.0
13,92,603.7975,2.9146,0.0
13,93,620.5111,2.9146,0.0
13,94,601.135,2.9146,0.0
13,1,34.07,2.9146,0.0
13,3,110.2136,2.9146,0.9865
13,4,140.5632,2.9146,0.9808
13,5,107.5158,2.9146,0.9706
13,6,80.7111,2.9146,0.9868
13,7,55.7793,2.9146,0.9944
13,8,40.3374,2.9146,0.9925
13,9,27.4436,2.9146,0.9982
13,11,160.6594,2.9146,0.9684
13,12,248.5692,2.9146,0.9628
13,13,252.4953,2.9146,0.9648
13,14,203.2226,2.9146,0.9507
13,15,166.2698,2.9146,0.9947
13,16,140.2618,2.9146,0.9948
13,17,114.2405,2.9146,0.9972
13,19,220.7264,2.9146,0.9767
13,20,419.7129,2.9146,0.9831
13,21,221.8339,2.9146,1.8627
13,22,214.0193,2.9146,1.8299
13,23,209.6742,2.9146,1.9138
13,24,207.6299,2.9146,1.8269
13,25,191.3897,2.9146,1.6406
13,26,177.0542,2.9146,1.6483
13,27,168.8027,2.9146,1.7149
13,28,164.9924,2.9146,1.7937
13,29,162.8021,2.9146,0.9576
13,30,153.0776,2.9146,1.9419
13,31,250.3494,2.9146,0.9601
13,32,220.2317,2.9146,0.9434
13,33,197.3088,2.9146,0.9889
13,34,179.9198,2.9146,0.9901
13,35,158.1182,2.9146,0.9974
13,37,263.2439,2.9146,0.9738
13,38,509.9927,2.9146,0.9801
13,39,392.066,2.9146,1.9153
13,40,292.9765,2.9146,1.9355
13,41,295.7786,2.9146,1.9545
13,42,275.6435,2.9146,1.942
13,43,308.4359,2.9146,1.6682
13,44,240.2687,2.9146,1.8584
13,45,224.5657,2.9146,1.9003
13,46,208.347,2.9146,1.863
13,47,201.4661,2.9146,0.9679
13,48,199.667,2.9146,1.9539
13,49,316.9852,2.9146,0.9633
13,50,287.3337,2.9146,0.9514
13,51,269.24,2.9146,0.9749
13,52,254.5963,2.9146,0.9811
13,53,232.2617,2.9146,0.9968
13,55,312.054,2.9146,0.9909
13,56,659.7476,2.9146,0.9797
13,57,495.8077,2.9146,1.9373
13,59,314.3449,2.9146,2.9425
13,60,307.831,2.9146,2.9455
13,61,298.0452,2.9146,2.9413
13,62,299.4728,2.9146,2.93
13,63,288.3313,2.9146,1.8286
13,64,301.4874,2.9146,2.8732
13,65,283.1061,2.9146,2.9086
13,66,287.9502,2.9146,2.8965
13,67,268.762,2.9146,2.9242
13,68,261.11,2.9146,2.9282
13,69,259.4546,2.9146,2.9246
13,70,272.9068,2.9146,2.8482
13,71,250.8283,2.9146,2.9219
13,72,339.1942,2.9146,1.9254
13,73,314.8567,2.9146,1.9459
13,74,287.2588,2.9146,1.9292
13,75,290.4649,2.9146,1.8104
13,76,254.3721,2.9146,1.8858
13,77,239.0673,2.9146,1.8648
13,78,228.1594,2.9146,1.9188
13,79,217.8961,2.9146,0.9846
13,80,210.6925,2.9146,1.9896
13,81,339.7431,2.9146,0.9267
13,82,310.2718,2.9146,0.9383
13,83,301.1489,2.9146,0.982
13,84,292.9032,2.9146,0.9815
13,85,273.3456,2.9146,0.9954
13,87,351.5586,2.9146,0.9705
13,88,657.7011,2.9146,0.9662
13,89,372.108,2.9146,2.907
13,90,428.612,2.9146,2.8844
13,91,382.8186,2.9146,2.8738
13,92,338.7023,2.9146,2.8878
13,93,325.9088,2.9146,2.9095
13,94,390.8283,2.9146,1.9209
13,4,92.0126,2.9146,1.9697
13,5,90.144,2.9146,1.9441
13,6,65.6968,2.9146,1.9985
13,7,52.3136,2.9146,2.0143
13,8,35.4602,2.9146,1.9887
13,12,163.11,2.9146,1.9496
13,13,196.9411,2.9146,1.9311
13,14,189.0034,2.9146,1.9435
13,15,163.9565,2.9146,2.0102
13,16,137.3907,2.9146,1.9903
13,20,227.8108,2.9146,1.9349
13,21,219.1014,2.9146,2.8999
13,22,221.7708,2.9146,3.8675
13,23,202.7168,2.9146,2.911
13,24,152.2308,2.9146,10.619
13,25,130.0809,2.9146,9.8849
13,26,127.6833,2.9146,9.1376
13,27,149.9951,2.9146,2.9263
13,28,139.7108,2.9146,6.5458
13,31,198.4813,2.9146,1.9315
13,32,209.643,2.9146,1.9447
13,33,192.0916,2.9146,1.9793
13,34,178.4835,2.9146,1.9812
13,38,272.6252,2.9146,1.9143
13,39,262.7634,2.9146,2.8903
13,40,265.0243,2.9146,3.9106
13,41,255.932,2.9146,2.9225
13,42,225.9636,2.9146,11.056
13,43,199.1588,2.9146,9.5402
13,44,188.0446,2.9146,8.8895
13,45,191.4938,2.9146,2.9696
13,46,200.2114,2.9146,5.7095
13,49,255.2803,2.9146,1.9378
13,50,277.7927,2.9146,1.9505
13,51,261.8224,2.9146,1.9523
13,52,252.5189,2.9146,1.9639
13,56,329.5915,2.9146,1.8467
13,57,342.2242,2.9146,2.9175
13,72,253.6433,2.9146,3.884
13,73,264.56,2.9146,2.8988
13,74,245.5149,2.9146,10.915
13,75,222.6831,2.9146,9.8054
13,76,209.2591,2.9146,9.1527
13,77,213.1931,2.9146,2.9424
13,78,224.448,2.9146,6.6669
13,81,272.3038,2.9146,1.9302
13,82,288.0954,2.9146,1.9356
13,83,293.8651,2.9146,1.9655
13,84,291.6714,2.9146,1.9639
13,88,362.8733,2.9146,1.8075
13,5,68.433,2.9146,2.9128
13,6,61.3829,2.9146,2.9987
13,7,45.9399,2.9146,2.9903
13,13,153.5945,2.9146,2.9146
14,1,24.9833,2.9407,0.9118
14,2,16.1104,2.9407,0.0
14,3,408.0802,2.9407,0.0
14,4,231.8251,2.9407,0.0
14,5,154.0388,2.9407,0.0
14,6,102.7202,2.9407,0.0
14,7,70.9761,2.9407,0.0
14,8,53.2061,2.9407,0.0
14,9,39.9172,2.9407,0.0
14,10,30.4338,2.9407,0.0
14,11,487.1761,2.9407,0.0
14,12,370.3778,2.9407,0.0
14,13,339.4502,2.9407,0.0
14,14,265.1189,2.9407,0.0
14,15,204.877,2.9407,0.0
14,16,168.8225,2.9407,0.0
14,17,136.846,2.9407,0.0
14,18,111.1044,2.9407,0.0
14,19,798.839,2.9407,0.0
14,20,653.4174,2.9407,0.0
14,21,538.5754,2.9407,0.0
14,22,518.6333,2.9407,0.0
14,23,474.1585,2.9407,0.0
14,24,372.7838,2.9407,0.0
14,25,407.2425,2.9407,0.0
14,26,318.8589,2.9407,0.0
14,27,337.4624,2.9407,0.0
14,28,348.2477,2.9407,0.0
14,29,266.312,2.9407,0.0
14,30,272.5606,2.9407,0.0
14,31,323.8179,2.9407,0.0
14,32,283.6909,2.9407,0.0
14,33,240.2303,2.9407,0.0
14,34,214.4121,2.9407,0.0
14,35,186.4927,2.9407,0.0
14,36,161.1703,2.9407,0.0
14,37,894.0072,2.9407,0.0
14,38,778.3539,2.9407,0.0
14,39,678.7577,2.9407,0.0
14,40,608.0848,2.9407,0.0
14,41,553.1447,2.9407,0.0
14,42,424.8072,2.9407,0.0
14,43,474.9418,2.9407,0.0
14,44,359.6929,2.9407,0.0
14,45,393.6613,2.9407,0.0
14,46,364.4241,2.9407,0.0
14,47,303.3752,2.9407,0.0
14,48,320.3429,2.9407,0.0
14,49,404.3294,2.9407,0.0
14,50,372.0785,2.9407,0.0
14,51,329.6625,2.9407,0.0
14,52,304.6285,2.9407,0.0
14,53,274.1045,2.9407,0.0
14,54,245.1798,2.9407,0.0
14,55,1088.8566,2.9407,0.0
14,56,993.2763,2.9407,0.0
14,57,868.8607,2.9407,0.0
14,58,389.5669,2.9407,2.7991
14,59,878.3222,2.9407,0.0
14,60,842.8268,2.9407,0.0
14,61,821.5324,2.9407,0.0
14,62,801.9751,2.9407,0.0
14,63,784.631,2.9407,0.0
14,64,613.2627,2.9407,0.0
14,65,695.1617,2.9407,0.0
14,66,669.8712,2.9407,0.0
14,67,706.963,2.9407,0.0
14,68,691.9095,2.9407,0.0
14,69,678.2927,2.9407,0.0
14,70,670.5479,2.9407,0.0
14,71,562.6706,2.9407,0.0
14,72,551.0457,2.9407,0.0
14,73,501.0728,2.9407,0.0
14,74,421.3667,2.9407,0.0
14,75,428.2245,2.9407,0.0
14,76,386.7313,2.9407,0.0
14,77,353.0858,2.9407,0.0
14,78,291.9288,2.9407,0.0
14,79,272.2192,2.9407,0.0
14,80,279.9239,2.9407,0.0
14,81,413.7495,2.9407,0.0
14,82,403.1954,2.9407,0.0
14,83,368.6712,2.9407,0.0
14,84,350.4967,2.9407,0.0
14,85,322.0794,2.9407,0.0
14,86,293.9018,2.9407,0.0
14,87,1024.4219,2.9407,0.0
14,88,979.7618,2.9407,0.0
14,89,862.4189,2.9407,0.0
14,90,770.6095,2.9407,0.0
14,91,766.552,2.9407,0.0
14,92,742.0253,2.9407,0.0
14,93,766.301,2.9407,0.0
14,94,741.6702,2.9407,0.0
14,1,40.6972,2.9407,0.0
14,3,134.449,2.9407,0.9865
14,4,171.0398,2.9407,0.9808
14,5,129.0898,2.9407,0.9706
14,6,96.2872,2.9407,0.9868
14,7,66.1052,2.9407,0.9944
14,8,47.5664,2.9407,0.9925
14,9,32.173,2.9407,0.9982
14,11,196.6526,2.9407,0.9684
14,12,304.6797,2.9407,0.9628
14,13,307.1015,2.9407,0.9648
14,14,244.6288,2.9407,0.9507
14,15,198.7616,2.9407,0.9947
14,16,166.9597,2.9407,0.9948
14,17,135.4234,2.9407,0.9972
14,19,268.9778,2.9407,0.9767
14,20,521.7535,2.9407,0.9831
14,21,267.712,2.9407,1.8627
14,22,258.2554,2.9407,1.8299
14,23,253.0661,2.9407,1.9138
14,24,250.8827,2.9407,1.8269
14,25,230.0182,2.9407,1.6406
14,26,212.5126,2.9407,1.6483
14,27,202.6388,2.9407,1.7149
14,28,198.1506,2.9407,1.7937
14,29,196.2996,2.9407,0.9576
14,30,183.2556,2.9407,1.9419
14,31,303.5907,2.9407,0.9601
14,32,264.8945,2.9407,0.9434
14,33,236.0287,2.9407,0.9889
14,34,214.4981,2.9407,0.9901
14,35,187.8378,2.9407,0.9974
14,37,320.2665,2.9407,0.9738
14,38,634.9125,2.9407,0.9801
14,39,480.7496,2.9407,1.9153
14,40,354.0018,2.9407,1.9355
14,41,357.4612,2.9407,1.9545
14,42,332.598,2.9407,1.942
14,43,374.8284,2.9407,1.6682
14,44,288.5406,2.9407,1.8584
14,45,269.6241,2.9407,1.9003
14,46,249.9808,2.9407,1.863
14,47,241.8989,2.9407,0.9679
14,48,238.7691,2.9407,1.9539
14,49,384.6752,2.9407,0.9633
14,50,346.1431,2.9407,0.9514
14,51,322.8072,2.9407,0.9749
14,52,304.3388,2.9407,0.9811
14,53,276.7161,2.9407,0.9968
14,55,377.492,2.9407,0.9909
14,56,824.3552,2.9407,0.9797
14,57,608.8756,2.9407,1.9373
14,59,377.648,2.9407,2.9425
14,60,369.7985,2.9407,2.9455
14,61,357.9364,2.9407,2.9413
14,62,360.0151,2.9407,2.93
14,63,347.8087,2.9407,1.8286
14,64,362.5021,2.9407,2.8732
14,65,340.1321,2.9407,2.9086
14,66,346.612,2.9407,2.8965
14,67,322.6156,2.9407,2.9242
14,68,313.3296,2.9407,2.9282
14,69,311.4138,2.9407,2.9246
14,70,327.9441,2.9407,2.8482
14,71,300.9015,2.9407,2.9219
14,72,411.887,2.9407,1.9254
14,73,380.8064,2.9407,1.9459
14,74,346.0161,2.9407,1.9292
14,75,351.1848,2.9407,1.8104
14,76,304.6532,2.9407,1.8858
14,77,286.0024,2.9407,1.8648
14,78,272.7791,2.9407,1.9188
14,79,260.6047,2.9407,0.9846
14,80,251.1154,2.9407,1.9896
14,81,411.9935,2.9407,0.9267
14,82,373.5243,2.9407,0.9383
14,83,361.1883,2.9407,0.982
14,84,350.4417,2.9407,0.9815
14,85,326.0077,2.9407,0.9954
14,87,425.0723,2.9407,0.9705
14,88,817.5351,2.9407,0.9662
14,89,447.0785,2.9407,2.907
14,90,518.3645,2.9407,2.8844
14,91,462.2417,2.9407,2.8738
14,92,406.8282,2.9407,2.8878
14,93,391.0575,2.9407,2.9095
14,94,475.2597,2.9407,1.9209
14,4,110.3134,2.9407,1.9697
14,5,107.9647,2.9407,1.9441
14,6,78.0574,2.9407,1.9985
14,7,61.953,2.9407,2.0143
14,8,41.7687,2.9407,1.9887
14,12,196.7841,2.9407,1.9496
14,13,237.9434,2.9407,1.9311
14,14,227.1882,2.9407,1.9435
14,15,196.1196,2.9407,2.0102
14,16,163.5352,2.9407,1.9903
14,20,275.2242,2.9407,1.9349
14,21,263.5853,2.9407,2.8999
14,22,266.7243,2.9407,3.8675
14,23,243.9654,2.9407,2.911
14,24,182.1854,2.9407,10.619
14,25,155.1095,2.9407,9.8849
14,26,152.3164,2.9407,9.1376
14,27,179.969,2.9407,2.9263
14,28,167.3173,2.9407,6.5458
14,31,238.9624,2.9407,1.9315
14,32,251.8482,2.9407,1.9447
14,33,229.6362,2.9407,1.9793
14,34,212.7679,2.9407,1.9812
14,38,329.3386,2.9407,1.9143
14,39,315.621,2.9407,2.8903
14,40,317.8567,2.9407,3.9106
14,41,307.2381,2.9407,2.9225
14,42,270.1899,2.9407,11.056
14,43,237.4146,2.9407,9.5402
14,44,223.9239,2.9407,8.8895
14,45,228.9329,2.9407,2.9696
14,46,239.5605,2.9407,5.7095
14,49,307.2515,2.9407,1.9378
14,50,334.2022,2.9407,1.9505
14,51,313.5794,2.9407,1.9523
14,52,301.7357,2.9407,1.9639
14,56,397.6803,2.9407,1.8467
14,57,411.5436,2.9407,2.9175
14,72,303.5984,2.9407,3.884
14,73,317.4639,2.9407,2.8988
14,74,293.4671,2.9407,10.915
14,75,265.4501,2.9407,9.8054
14,76,248.8943,2.9407,9.1527
14,77,254.4841,2.9407,2.9424
14,78,267.9011,2.9407,6.6669
14,81,326.9218,2.9407,1.9302
14,82,345.6909,2.9407,1.9356
14,83,351.9496,2.9407,1.9655
14,84,348.7639,2.9407,1.9639
14,88,437.6413,2.9407,1.8075
14,5,81.3478,2.9407,2.9128
14,6,72.953,2.9407,2.9987
14,7,54.3857,2.9407,2.9903
14,13,184.0291,2.9407,2.9146
14,14,221.5046,2.9407,2.9407
15,1,21.2507,2.9859,0.9118
15,2,14.1577,2.9859,0.0
15,3,304.7707,2.9859,0.0
15,4,183.3056,2.9859,0.0
15,5,126.0194,2.9859,0.0
15,6,86.2427,2.9859,0.0
15,7,60.7663,2.9859,0.0
15,8,46.1927,2.9859,0.0
15,9,35.0733,2.9859,0.0
15,10,26.999,2.9859,0.0
15,11,365.211,2.9859,0.0
15,12,289.909,2.9859,0.0
15,13,270.3535,2.9859,0.0
15,14,216.1303,2.9859,0.0
15,15,170.4045,2.9859,0.0
15,16,142.2982,2.9859,0.0
15,17,116.8355,2.9859,0.0
15,18,95.9336,2.9859,0.0
15,19,595.1033,2.9859,0.0
15,20,502.9654,2.9859,0.0
15,21,417.74,2.9859,0.0
15,22,405.3462,2.9859,0.0
15,23,372.2326,2.9859,0.0
15,24,293.268,2.9859,0.0
15,25,321.7679,2.9859,0.0
15,26,252.674,2.9859,0.0
15,27,269.4807,2.9859,0.0
15,28,276.7985,2.9859,0.0
15,29,212.134,2.9859,0.0
15,30,219.8016,2.9859,0.0
15,31,259.9184,2.9859,0.0
15,32,231.7564,2.9859,0.0
15,33,199.5009,2.9859,0.0
15,34,179.9374,2.9859,0.0
15,35,158.2104,2.9859,0.0
15,36,138.1076,2.9859,0.0
15,37,668.4401,2.9859,0.0
15,38,598.7498,2.9859,0.0
15,39,529.4213,2.9859,0.0
15,40,478.5196,2.9859,0.0
15,41,437.928,2.9859,0.0
15,42,340.0592,2.9859,0.0
15,43,378.6058,2.9859,0.0
15,44,290.2077,2.9859,0.0
15,45,317.2629,2.9859,0.0
15,46,294.7986,2.9859,0.0
15,47,245.2996,2.9859,0.0
15,48,260.3892,2.9859,0.0
15,49,324.7346,2.9859,0.0
15,50,303.0033,2.9859,0.0
15,51,272.2813,2.9859,0.0
15,52,253.8269,2.9859,0.0
15,53,230.586,2.9859,0.0
15,54,208.1507,2.9859,0.0
15,55,815.1518,2.9859,0.0
15,56,761.1433,2.9859,0.0
15,57,674.9489,2.9859,0.0
15,58,321.1378,2.9859,2.7991
15,59,676.2031,2.9859,0.0
15,60,650.2639,2.9859,0.0
15,61,634.2089,2.9859,0.0
15,62,619.4176,2.9859,0.0
15,63,606.3141,2.9859,0.0
15,64,481.6031,2.9859,0.0
15,65,534.4195,2.9859,0.0
15,66,516.3864,2.9859,0.0
15,67,548.0877,2.9859,0.0
15,68,536.5858,2.9859,0.0
15,69,526.2842,2.9859,0.0
15,70,519.9103,2.9859,0.0
15,71,441.0913,2.9859,0.0
15,72,438.008,2.9859,0.0
15,73,401.8555,2.9859,0.0
15,74,340.6238,2.9859,0.0
15,75,347.2272,2.9859,0.0
15,76,316.0198,2.9859,0.0
15,77,290.3581,2.9859,0.0
15,78,241.874,2.9859,0.0
15,79,226.2053,2.9859,0.0
15,80,233.1364,2.9859,0.0
15,81,333.9709,2.9859,0.0
15,82,328.7945,2.9859,0.0
15,83,304.379,2.9859,0.0
15,84,291.513,2.9859,0.0
15,85,270.2909,2.9859,0.0
15,86,248.7032,2.9859,0.0
15,87,775.467,2.9859,0.0
15,88,756.3233,2.9859,0.0
15,89,674.0628,2.9859,0.0
15,90,611.3824,2.9859,0.0
15,91,604.0542,2.9859,0.0
15,92,584.9601,2.9859,0.0
15,93,598.5678,2.9859,0.0
15,94,580.2672,2.9859,0.0
15,1,33.9193,2.9859,0.0
15,3,106.8466,2.9859,0.9865
15,4,136.8674,2.9859,0.9808
15,5,106.3923,2.9859,0.9706
15,6,80.8496,2.9859,0.9868
15,7,56.6508,2.9859,0.9944
15,8,41.46,2.9859,0.9925
15,9,28.6362,2.9859,0.9982
15,11,155.4495,2.9859,0.9684
15,12,240.1582,2.9859,0.9628
15,13,245.6529,2.9859,0.9648
15,14,200.1422,2.9859,0.9507
15,15,165.4518,2.9859,0.9947
15,16,140.6958,2.9859,0.9948
15,17,115.6006,2.9859,0.9972
15,19,215.8467,2.9859,0.9767
15,20,402.8286,2.9859,0.9831
15,21,218.4319,2.9859,1.8627
15,22,210.9228,2.9859,1.8299
15,23,206.6274,2.9859,1.9138
15,24,204.4081,2.9859,1.8269
15,25,189.3102,2.9859,1.6406
15,26,175.4919,2.9859,1.6483
15,27,167.3765,2.9859,1.7149
15,28,163.5301,2.9859,1.7937
15,29,160.7225,2.9859,0.9576
15,30,152.2,2.9859,1.9419
15,31,244.7964,2.9859,0.9601
15,32,217.335,2.9859,0.9434
15,33,196.2122,2.9859,0.9889
15,34,179.9862,2.9859,0.9901
15,35,159.2666,2.9859,0.9974
15,37,258.152,2.9859,0.9738
15,38,489.5943,2.9859,0.9801
15,39,381.1414,2.9859,1.9153
15,40,288.6637,2.9859,1.9355
15,41,291.3813,2.9859,1.9545
15,42,272.2421,2.9859,1.942
15,43,302.7493,2.9859,1.6682
15,44,238.6014,2.9859,1.8584
15,45,223.2549,2.9859,1.9003
15,46,207.4505,2.9859,1.863
15,47,200.4348,2.9859,0.9679
15,48,199.2714,2.9859,1.9539
15,49,310.5048,2.9859,0.9633
15,50,283.4898,2.9859,0.9514
15,51,267.1401,2.9859,0.9749
15,52,253.7228,2.9859,0.9811
15,53,232.7426,2.9859,0.9968
15,55,307.6574,2.9859,0.9909
15,56,632.6159,2.9859,0.9797
15,57,481.7395,2.9859,1.9373
15,59,311.5824,2.9859,2.9425
15,60,305.1528,2.9859,2.9455
15,61,295.5871,2.9859,2.9413
15,62,296.6816,2.9859,2.93
15,63,284.7085,2.9859,1.8286
15,64,298.4773,2.9859,2.8732
15,65,280.5856,2.9859,2.9086
15,66,284.87,2.9859,2.8965
15,67,266.6113,2.9859,2.9242
15,68,259.114,2.9859,2.9282
15,69,257.3786,2.9859,2.9246
15,70,270.1359,2.9859,2.8482
15,71,248.9375,2.9859,2.9219
15,72,332.5812,2.9859,1.9254
15,73,310.1525,2.9859,1.9459
15,74,284.3515,2.9859,1.9292
15,75,286.3906,2.9859,1.8104
15,76,253.5499,2.9859,1.8858
15,77,238.8181,2.9859,1.8648
15,78,228.2377,2.9859,1.9188
15,79,218.0572,2.9859,0.9846
15,80,211.5777,2.9859,1.9896
15,81,333.7972,2.9859,0.9267
15,82,306.9029,2.9859,0.9383
15,83,299.038,2.9859,0.982
15,84,291.7857,2.9859,0.9815
15,85,273.6027,2.9859,0.9954
15,87,346.7152,2.9859,0.9705
15,88,632.9758,2.9859,0.9662
15,89,368.6754,2.9859,2.907
15,90,422.3705,2.9859,2.8844
15,91,378.4719,2.9859,2.8738
15,92,336.2789,2.9859,2.8878
15,93,323.9548,2.9859,2.9095
15,94,383.6707,2.9859,1.9209
15,4,91.0206,2.9859,1.9697
15,5,89.6391,2.9859,1.9441
15,6,66.2343,2.9859,1.9985
15,7,53.2076,2.9859,2.0143
15,8,36.5875,2.9859,1.9887
15,12,159.9562,2.9859,1.9496
15,13,193.1132,2.9859,1.9311
15,14,186.5031,2.9859,1.9435
15,15,163.0764,2.9859,2.0102
15,16,137.854,2.9859,1.9903
15,20,223.9566,2.9859,1.9349
15,21,216.4038,2.9859,2.8999
15,22,219.1391,2.9859,3.8675
15,23,200.4053,2.9859,2.911
15,24,152.001,2.9859,10.619
15,25,130.6248,2.9859,9.8849
15,26,128.1271,2.9859,9.1376
15,27,149.1158,2.9859,2.9263
15,28,139.2201,2.9859,6.5458
15,31,195.7667,2.9859,1.9315
15,32,207.239,2.9859,1.9447
15,33,191.2265,2.9859,1.9793
15,34,178.5907,2.9859,1.9812
15,38,268.4526,2.9859,1.9143
15,39,260.2254,2.9859,2.8903
15,40,262.9675,2.9859,3.9106
15,41,254.046,2.9859,2.9225
15,42,225.703,2.9859,11.056
15,43,199.9418,2.9859,9.5402
15,44,189.156,2.9859,8.8895
15,45,191.6962,2.9859,2.9696
15,46,199.9979,2.9859,5.7095
15,49,252.4456,2.9859,1.9378
15,50,274.5293,2.9859,1.9505
15,51,260.1578,2.9859,1.9523
15,52,251.7949,2.9859,1.9639
15,56,325.3328,2.9859,1.8467
15,57,338.5362,2.9859,2.9175
15,72,252.3861,2.9859,3.884
15,73,262.8722,2.9859,2.8988
15,74,245.3082,2.9859,10.915
15,75,223.5344,2.9859,9.8054
15,76,210.8422,2.9859,9.1527
15,77,213.973,2.9859,2.9424
15,78,225.0027,2.9859,6.6669
15,81,270.4942,2.9859,1.9302
15,82,286.0787,2.9859,1.9356
15,83,292.3022,2.9859,1.9655
15,84,290.7612,2.9859,1.9639
15,88,358.4059,2.9859,1.8075
15,5,68.8007,2.9859,2.9128
15,6,61.9433,2.9859,2.9987
15,7,46.8635,2.9859,2.9903
15,13,152.0452,2.9859,2.9146
15,14,181.484,2.9859,2.9407
15,15,151.6886,2.9859,2.9859
27,1,18.75,7.7785,0.9118
27,2,12.7523,7.7785,0.0
27,3,270.7598,7.7785,0.0
27,4,160.887,7.7785,0.0
27,5,110.5365,7.7785,0.0
27,6,76.0072,7.7785,0.0
27,7,53.9695,7.7785,0.0
27,8,41.3623,7.7785,0.0
27,9,31.6985,7.7785,0.0
27,10,24.6343,7.7785,0.0
27,11,324.6241,7.7785,0.0
27,12,255.1561,7.7785,0.0
27,13,237.3961,7.7785,0.0
27,14,189.5488,7.7785,0.0
27,15,149.6709,7.7785,0.0
27,16,125.3725,7.7785,0.0
27,17,103.3931,7.7785,0.0
27,18,85.3616,7.7785,0.0
27,19,531.3044,7.7785,0.0
27,20,445.0681,7.7785,0.0
27,21,369.0835,7.7785,0.0
27,22,357.9783,7.7785,0.0
27,23,328.6407,7.7785,0.0
27,24,259.5722,7.7785,0.0
27,25,284.0167,7.7785,0.0
27,26,223.6354,7.7785,0.0
27,27,237.6994,7.7785,0.0
27,28,244.2053,7.7785,0.0
27,29,187.844,7.7785,0.0
27,30,193.857,7.7785,0.0
27,31,228.6785,7.7785,0.0
27,32,203.6278,7.7785,0.0
27,33,175.4121,7.7785,0.0
27,34,158.4907,7.7785,0.0
27,35,139.7541,7.7785,0.0
27,36,122.4536,7.7785,0.0
27,37,596.8306,7.7785,0.0
27,38,530.3589,7.7785,0.0
27,39,467.8612,7.7785,0.0
27,40,422.5208,7.7785,0.0
27,41,386.6491,7.7785,0.0
27,42,300.6753,7.7785,0.0
27,43,334.5583,7.7785,0.0
27,44,256.9295,7.7785,0.0
27,45,280.3953,7.7785,0.0
27,46,260.6337,7.7785,0.0
27,47,217.7112,7.7785,0.0
27,48,230.401,7.7785,0.0
27,49,286.9299,7.7785,0.0
27,50,267.2082,7.7785,0.0
27,51,240.0396,7.7785,0.0
27,52,223.8964,7.7785,0.0
27,53,203.6855,7.7785,0.0
27,54,184.2665,7.7785,0.0
27,55,727.5711,7.7785,0.0
27,56,675.0933,7.7785,0.0
27,57,597.1154,7.7785,0.0
27,58,283.4108,7.7785,2.7991
27,59,599.8783,7.7785,0.0
27,60,576.6205,7.7785,0.0
27,61,562.3122,7.7785,0.0
27,62,549.1278,7.7785,0.0
27,63,537.4395,7.7785,0.0
27,64,426.4723,7.7785,0.0
27,65,475.3065,7.7785,0.0
27,66,459.0336,7.7785,0.0
27,67,485.4961,7.7785,0.0
27,68,475.2458,7.7785,0.0
27,69,466.0487,7.7785,0.0
27,70,460.4063,7.7785,0.0
27,71,390.2937,7.7785,0.0
27,72,386.335,7.7785,0.0
27,73,354.3804,7.7785,0.0
27,74,300.9128,7.7785,0.0
27,75,306.577,7.7785,0.0
27,76,279.1748,7.7785,0.0
27,77,256.7126,7.7785,0.0
27,78,214.5085,7.7785,0.0
27,79,200.894,7.7785,0.0
27,80,206.8147,7.7785,0.0
27,81,295.8667,7.7785,0.0
27,82,290.6684,7.7785,0.0
27,83,268.8943,7.7785,0.0
27,84,257.545,7.7785,0.0
27,85,239.001,7.7785,0.0
27,86,220.2545,7.7785,0.0
27,87,690.8529,7.7785,0.0
27,88,670.1098,7.7785,0.0
27,89,596.1001,7.7785,0.0
27,90,540.1665,7.7785,0.0
27,91,534.7226,7.7785,0.0
27,92,517.9239,7.7785,0.0
27,93,530.8043,7.7785,0.0
27,94,514.4508,7.7785,0.0
27,1,29.768,7.7785,0.0
27,3,93.8356,7.7785,0.9865
27,4,120.188,7.7785,0.9808
27,5,93.4541,7.7785,0.9706
27,6,71.3318,7.7785,0.9868
27,7,50.3814,7.7785,0.9944
27,8,37.2178,7.7785,0.9925
27,9,26.1031,7.7785,0.9982
27,11,136.9841,7.7785,0.9684
27,12,211.3388,7.7785,0.9628
27,13,215.7066,7.7785,0.9648
27,14,175.5963,7.7785,0.9507
27,15,145.3801,7.7785,0.9947
27,16,123.9905,7.7785,0.9948
27,17,102.3223,7.7785,0.9972
27,19,190.9521,7.7785,0.9767
27,20,357.0721,7.7785,0.9831
27,21,192.5221,7.7785,1.8627
27,22,186.0369,7.7785,1.8299
27,23,182.3353,7.7785,1.9138
27,24,180.4774,7.7785,1.8269
27,25,166.9417,7.7785,1.6406
27,26,154.8608,7.7785,1.6483
27,27,147.8057,7.7785,1.7149
27,28,144.4518,7.7785,1.7937
27,29,142.1634,7.7785,0.9576
27,30,134.3706,7.7785,1.9419
27,31,215.3374,7.7785,0.9601
27,32,191.0014,7.7785,0.9434
27,33,172.5578,7.7785,0.9889
27,34,158.5463,7.7785,0.9901
27,35,140.6812,7.7785,0.9974
27,37,228.5106,7.7785,0.9738
27,38,434.4503,7.7785,0.9801
27,39,336.9173,7.7785,1.9153
27,40,254.6698,7.7785,1.9355
27,41,257.1961,7.7785,1.9545
27,42,240.5139,7.7785,1.942
27,43,267.8666,7.7785,1.6682
27,44,210.9797,7.7785,1.8584
27,45,197.6518,7.7785,1.9003
27,46,183.89,7.7785,1.863
27,47,177.7934,7.7785,0.9679
27,48,176.4697,7.7785,1.9539
27,49,274.2537,7.7785,0.9633
27,50,250.0264,7.7785,0.9514
27,51,235.5276,7.7785,0.9749
27,52,223.7999,7.7785,0.9811
27,53,205.5633,7.7785,0.9968
27,55,271.6004,7.7785,0.9909
27,56,562.1481,7.7785,0.9797
27,57,426.0198,7.7785,1.9373
27,59,275.023,7.7785,2.9425
27,60,269.3672,7.7785,2.9455
27,61,260.961,7.7785,2.9413
27,62,261.9299,7.7785,2.93
27,63,251.6701,7.7785,1.8286
27,64,263.3886,7.7785,2.8732
27,65,247.708,7.7785,2.9086
27,66,251.5373,7.7785,2.8965
27,67,235.3426,7.7785,2.9242
27,68,228.7263,7.7785,2.9282
27,69,227.1685,7.7785,2.9246
27,70,238.2171,7.7785,2.8482
27,71,219.6742,7.7785,2.9219
27,72,293.5672,7.7785,1.9254
27,73,273.8542,7.7785,1.9459
27,74,251.232,7.7785,1.9292
27,75,253.171,7.7785,1.8104
27,76,224.2702,7.7785,1.8858
27,77,211.5286,7.7785,1.8648
27,78,202.3866,7.7785,1.9188
27,79,193.6361,7.7785,0.9846
27,80,187.7962,7.7785,1.9896
27,81,295.4429,7.7785,0.9267
27,82,271.2766,7.7785,0.9383
27,83,264.146,7.7785,0.982
27,84,257.745,7.7785,0.9815
27,85,241.8737,7.7785,0.9954
27,87,305.9775,7.7785,0.9705
27,88,561.6015,7.7785,0.9662
27,89,325.2532,7.7785,2.907
27,90,373.1793,7.7785,2.8844
27,91,334.8134,7.7785,2.8738
27,92,297.4082,7.7785,2.8878
27,93,286.584,7.7785,2.9095
27,94,340.06,7.7785,1.9209
27,4,79.7845,7.7785,1.9697
27,5,78.8624,7.7785,1.9441
27,6,58.6057,7.7785,1.9985
27,7,47.4168,7.7785,2.0143
27,8,33.0215,7.7785,1.9887
27,12,140.3518,7.7785,1.9496
27,13,169.4903,7.7785,1.9311
27,14,163.6721,7.7785,1.9435
27,15,143.3518,7.7785,2.0102
27,16,121.5256,7.7785,1.9903
27,20,197.3201,7.7785,1.9349
27,21,190.5518,7.7785,2.8999
27,22,193.0012,7.7785,3.8675
27,23,176.7692,7.7785,2.911
27,24,134.6287,7.7785,10.619
27,25,115.9223,7.7785,9.8849
27,26,113.7287,7.7785,9.1376
27,27,132.0085,7.7785,2.9263
27,28,123.3171,7.7785,6.5458
27,31,172.2004,7.7785,1.9315
27,32,182.1731,7.7785,1.9447
27,33,168.2143,7.7785,1.9793
27,34,157.3426,7.7785,1.9812
27,38,236.7608,7.7785,1.9143
27,39,229.2527,7.7785,2.8903
27,40,231.6783,7.7785,3.9106
27,41,224.159,7.7785,2.9225
27,42,199.5325,7.7785,11.056
27,43,177.1019,7.7785,9.5402
27,44,167.7448,7.7785,8.8895
27,45,170.0773,7.7785,2.9696
27,46,177.301,7.7785,5.7095
27,49,222.9925,7.7785,1.9378
27,50,242.1351,7.7785,1.9505
27,51,229.401,7.7785,1.9523
27,52,222.1108,7.7785,1.9639
27,56,286.9784,7.7785,1.8467
27,57,298.1443,7.7785,2.9175
27,72,222.4774,7.7785,3.884
27,73,232.0332,7.7785,2.8988
27,74,216.8346,7.7785,10.915
27,75,197.9479,7.7785,9.8054
27,76,186.9721,7.7785,9.1527
27,77,189.9313,7.7785,2.9424
27,78,199.5323,7.7785,6.6669
27,81,239.3999,7.7785,1.9302
27,82,252.8942,7.7785,1.9356
27,83,258.1828,7.7785,1.9655
27,84,256.8166,7.7785,1.9639
27,88,316.0762,7.7785,1.8075
27,5,60.6537,7.7785,2.9128
27,6,54.9066,7.7785,2.9987
27,7,41.9193,7.7785,2.9903
27,13,133.382,7.7785,2.9146
27,14,159.4063,7.7785,2.9407
27,15,133.3956,7.7785,2.9859
27,27,118.2863,7.7785,7.7785
28,1,20.1853,6.2918,0.9118
28,2,13.4305,6.2918,0.0
28,3,320.6585,6.2918,0.0
28,4,182.6955,6.2918,0.0
28,5,122.3915,6.2918,0.0
28,6,82.593,6.2918,0.0
28,7,57.8469,6.2918,0.0
28,8,43.9161,6.2918,0.0
28,9,33.3924,6.2918,0.0
28,10,25.794,6.2918,0.0
28,11,383.3773,6.2918,0.0
28,12,291.9263,6.2918,0.0
28,13,268.1207,6.2918,0.0
28,14,210.4188,6.2918,0.0
28,15,163.7299,6.2918,0.0
28,16,135.847,6.2918,0.0
28,17,111.0248,6.2918,0.0
28,18,90.9553,6.2918,0.0
28,19,630.1412,6.2918,0.0
28,20,515.5415,6.2918,0.0
28,21,425.1277,6.2918,0.0
28,22,410.0129,6.2918,0.0
28,23,375.1745,6.2918,0.0
28,24,295.8599,6.2918,0.0
28,25,322.6845,6.2918,0.0
28,26,253.5365,6.2918,0.0
28,27,267.9482,6.2918,0.0
28,28,276.2327,6.2918,0.0
28,29,212.1434,6.2918,0.0
28,30,216.9447,6.2918,0.0
28,31,256.796,6.2918,0.0
28,32,225.708,6.2918,0.0
28,33,192.1103,6.2918,0.0
28,34,172.2718,6.2918,0.0
28,35,150.7426,6.2918,0.0
28,36,131.16,6.2918,0.0
28,37,705.9328,6.2918,0.0
28,38,614.6139,6.2918,0.0
28,39,536.6745,6.2918,0.0
28,40,481.5,6.2918,0.0
28,41,438.6502,6.2918,0.0
28,42,338.3535,6.2918,0.0
28,43,377.6302,6.2918,0.0
28,44,287.4614,6.2918,0.0
28,45,313.9577,6.2918,0.0
28,46,291.0309,6.2918,0.0
28,47,243.2009,6.2918,0.0
28,48,256.3643,6.2918,0.0
28,49,322.0771,6.2918,0.0
28,50,296.8872,6.2918,0.0
28,51,263.9496,6.2918,0.0
28,52,244.631,6.2918,0.0
28,53,221.025,6.2918,0.0
28,54,198.6584,6.2918,0.0
28,55,859.7252,6.2918,0.0
28,56,784.5252,6.2918,0.0
28,57,686.9902,6.2918,0.0
28,58,312.1102,6.2918,2.7991
28,59,694.6969,6.2918,0.0
28,60,666.7343,6.2918,0.0
28,61,649.9094,6.2918,0.0
28,62,634.4415,6.2918,0.0
28,63,620.7184,6.2918,0.0
28,64,486.718,6.2918,0.0
28,65,550.9242,6.2918,0.0
28,66,530.9799,6.2918,0.0
28,67,559.3819,6.2918,0.0
28,68,547.4456,6.2918,0.0
28,69,536.6581,6.2918,0.0
28,70,530.4351,6.2918,0.0
28,71,445.9999,6.2918,0.0
28,72,437.0033,6.2918,0.0
28,73,398.2274,6.2918,0.0
28,74,336.1845,6.2918,0.0
28,75,341.7364,6.2918,0.0
28,76,309.4326,6.2918,0.0
28,77,283.2257,6.2918,0.0
28,78,235.3968,6.2918,0.0
28,79,219.9967,6.2918,0.0
28,80,226.0929,6.2918,0.0
28,81,330.9013,6.2918,0.0
28,82,322.6499,6.2918,0.0
28,83,295.7851,6.2918,0.0
28,84,281.7843,6.2918,0.0
28,85,259.807,6.2918,0.0
28,86,238.0129,6.2918,0.0
28,87,809.816,6.2918,0.0
28,88,774.5473,6.2918,0.0
28,89,682.7156,6.2918,0.0
28,90,611.8574,6.2918,0.0
28,91,608.7194,6.2918,0.0
28,92,589.4258,6.2918,0.0
28,93,608.1886,6.2918,0.0
28,94,588.7482,6.2918,0.0
28,1,32.5149,6.2918,0.0
28,3,106.1545,6.2918,0.9865
28,4,135.2702,6.2918,0.9808
28,5,102.922,6.2918,0.9706
28,6,77.5124,6.2918,0.9868
28,7,53.969,6.2918,0.9944
28,8,39.4125,6.2918,0.9925
28,9,27.2705,6.2918,0.9982
28,11,155.5786,6.2918,0.9684
28,12,240.5302,6.2918,0.9628
28,13,242.8419,6.2918,0.9648
28,14,194.4184,6.2918,0.9507
28,15,158.9453,6.2918,0.9947
28,16,134.3737,6.2918,0.9948
28,17,109.89,6.2918,0.9972
28,19,214.4961,6.2918,0.9767
28,20,412.6142,6.2918,0.9831
28,21,213.6129,6.2918,1.8627
28,22,206.2651,6.2918,1.8299
28,23,202.205,6.2918,1.9138
28,24,200.4598,6.2918,1.8269
28,25,184.0478,6.2918,1.6406
28,26,170.3117,6.2918,1.6483
28,27,162.5286,6.2918,1.7149
28,28,158.9405,6.2918,1.7937
28,29,157.3396,6.2918,0.9576
28,30,147.1597,6.2918,1.9419
28,31,241.0016,6.2918,0.9601
28,32,211.044,6.2918,0.9434
28,33,188.845,6.2918,0.9889
28,34,172.3493,6.2918,0.9901
28,35,151.8006,6.2918,0.9974
28,37,255.8512,6.2918,0.9738
28,38,502.4634,6.2918,0.9801
28,39,381.7903,6.2918,1.9153
28,40,282.7021,6.2918,1.9355
28,41,285.5945,6.2918,1.9545
28,42,266.2568,6.2918,1.942
28,43,299.4461,6.2918,1.6682
28,44,231.8285,6.2918,1.8584
28,45,216.9806,6.2918,1.9003
28,46,201.5536,6.2918,1.863
28,47,195.0917,6.2918,0.9679
28,48,192.6099,6.2918,1.9539
28,49,306.712,6.2918,0.9633
28,50,276.6393,6.2918,0.9514
28,51,258.6194,6.2918,0.9749
28,52,244.4292,6.2918,0.9811
28,53,223.0896,6.2918,0.9968
28,55,301.64,6.2918,0.9909
28,56,652.3996,6.2918,0.9797
28,57,483.4812,6.2918,1.9373
28,59,302.682,6.2918,2.9425
28,60,296.4247,6.2918,2.9455
28,61,287.0163,6.2918,2.9413
28,62,288.5206,6.2918,2.93
28,63,278.5957,6.2918,1.8286
28,64,290.3039,6.2918,2.8732
28,65,272.6492,6.2918,2.9086
28,66,277.617,6.2918,2.8965
28,67,258.6987,6.2918,2.9242
28,68,251.2997,6.2918,2.9282
28,69,249.6938,6.2918,2.9246
28,70,262.4692,6.2918,2.8482
28,71,241.2788,6.2918,2.9219
28,72,328.2318,6.2918,1.9254
28,73,304.2647,6.2918,1.9459
28,74,277.3159,6.2918,1.9292
28,75,281.0326,6.2918,1.8104
28,76,245.2844,6.2918,1.8858
28,77,230.8046,6.2918,1.8648
28,78,220.5141,6.2918,1.9188
28,79,210.9862,6.2918,0.9846
28,80,203.5907,6.2918,1.9896
28,81,329.5207,6.2918,0.9267
28,82,299.4642,6.2918,0.9383
28,83,289.9658,6.2918,0.982
28,84,281.7769,6.2918,0.9815
28,85,262.9168,6.2918,0.9954
28,87,339.6152,6.2918,0.9705
28,88,647.5774,6.2918,0.9662
28,89,358.094,6.2918,2.907
28,90,414.4715,6.2918,2.8844
28,91,370.5351,6.2918,2.8738
28,92,326.8903,6.2918,2.8878
28,93,314.4913,6.2918,2.9095
28,94,380.2811,6.2918,1.9209
28,4,87.7852,6.2918,1.9697
28,5,86.3895,6.2918,1.9441
28,6,63.2092,6.2918,1.9985
28,7,50.7198,6.2918,2.0143
28,8,34.8596,6.2918,1.9887
28,12,156.1327,6.2918,1.9496
28,13,188.7699,6.2918,1.9311
28,14,180.7673,6.2918,1.9435
28,15,156.8549,6.2918,2.0102
28,16,131.6741,6.2918,1.9903
28,20,219.3679,6.2918,1.9349
28,21,210.4559,6.2918,2.8999
28,22,213.0501,6.2918,3.8675
28,23,195.1629,6.2918,2.911
28,24,146.9885,6.2918,10.619
28,25,125.7205,6.2918,9.8849
28,26,123.4417,6.2918,9.1376
28,27,144.8424,6.2918,2.9263
28,28,134.8933,6.2918,6.5458
28,31,190.4799,6.2918,1.9315
28,32,200.8574,6.2918,1.9447
28,33,183.8623,6.2918,1.9793
28,34,171.0031,6.2918,1.9812
28,38,262.8982,6.2918,1.9143
28,39,252.4245,6.2918,2.8903
28,40,254.4567,6.2918,3.9106
28,41,246.3077,6.2918,2.9225
28,42,217.6457,6.2918,11.056
28,43,192.0591,6.2918,9.5402
28,44,181.5196,6.2918,8.8895
28,45,185.2154,6.2918,2.9696
28,46,193.49,6.2918,5.7095
28,49,246.157,6.2918,1.9378
28,50,267.3225,6.2918,1.9505
28,51,251.4301,6.2918,1.9523
28,52,242.4149,6.2918,1.9639
28,56,317.8255,6.2918,1.8467
28,57,328.8388,6.2918,2.9175
28,72,243.4937,6.2918,3.884
28,73,254.6976,6.2918,2.8988
28,74,236.404,6.2918,10.915
28,75,214.6759,6.2918,9.8054
28,76,201.9163,6.2918,9.1527
28,77,206.2272,6.2918,2.9424
28,78,216.814,6.2918,6.6669
28,81,262.9421,6.2918,1.9302
28,82,277.711,6.2918,1.9356
28,83,282.7718,6.2918,1.9655
28,84,280.4988,6.2918,1.9639
28,88,349.7788,6.2918,1.8075
28,5,65.5618,6.2918,2.9128
28,6,59.198,6.2918,2.9987
28,7,44.7442,6.2918,2.9903
28,13,146.6121,6.2918,2.9146
28,14,176.3143,6.2918,2.9407
28,15,145.4133,6.2918,2.9859
28,27,128.8641,6.2918,7.7785
28,28,141.8763,6.2918,6.2918
31,1,22.539,2.9233,0.9118
31,2,14.9296,2.9233,0.0
31,3,332.3464,2.9233,0.0
31,4,197.7454,2.9233,0.0
31,5,134.8856,2.9233,0.0
31,6,91.7661,2.9233,0.0
31,7,64.3977,2.9233,0.0
31,8,48.831,2.9233,0.0
31,9,37.0129,2.9233,0.0
31,10,28.4654,2.9233,0.0
31,11,398.018,2.9233,0.0
31,12,313.4658,2.9233,0.0
31,13,291.1704,2.9233,0.0
31,14,231.5432,2.9233,0.0
31,15,181.6981,2.9233,0.0
31,16,151.2611,2.9233,0.0
31,17,123.8442,2.9233,0.0
31,18,101.4572,2.9233,0.0
31,19,648.6879,2.9233,0.0
31,20,545.4548,2.9233,0.0
31,21,452.4148,2.9233,0.0
31,22,438.2812,2.9233,0.0
31,23,402.1202,2.9233,0.0
31,24,316.6134,2.9233,0.0
31,25,347.1545,2.9233,0.0
31,26,272.3998,2.9233,0.0
31,27,290.1268,2.9233,0.0
31,28,298.3141,2.9233,0.0
31,29,228.4811,2.9233,0.0
31,30,236.1661,2.9233,0.0
31,31,279.4346,2.9233,0.0
31,32,248.1866,2.9233,0.0
31,33,212.8299,2.9233,0.0
31,34,191.4849,2.9233,0.0
31,35,167.95,2.9233,0.0
31,36,146.291,2.9233,0.0
31,37,727.9978,2.9233,0.0
31,38,649.264,2.9233,0.0
31,39,572.5452,2.9233,0.0
31,40,516.5656,2.9233,0.0
31,41,472.1406,2.9233,0.0
31,42,365.739,2.9233,0.0
31,43,407.5902,2.9233,0.0
31,44,311.6254,2.9233,0.0
31,45,340.8328,2.9233,0.0
31,46,316.4721,2.9233,0.0
31,47,263.3258,2.9233,0.0
31,48,279.2886,2.9233,0.0
31,49,349.133,2.9233,0.0
31,50,324.8229,2.9233,0.0
31,51,290.96,2.9233,0.0
31,52,270.6774,2.9233,0.0
31,53,245.3469,2.9233,0.0
31,54,221.012,2.9233,0.0
31,55,887.2092,2.9233,0.0
31,56,825.7096,2.9233,0.0
31,57,730.3259,2.9233,0.0
31,58,343.2601,2.9233,2.7991
31,59,733.0346,2.9233,0.0
31,60,704.6787,2.9233,0.0
31,61,687.2223,2.9233,0.0
31,62,671.1482,2.9233,0.0
31,63,656.9043,2.9233,0.0
31,64,520.0484,2.9233,0.0
31,65,579.2127,2.9233,0.0
31,66,559.359,2.9233,0.0
31,67,593.5044,2.9233,0.0
31,68,581.0286,2.9233,0.0
31,69,569.8286,2.9233,0.0
31,70,563.0164,2.9233,0.0
31,71,476.5767,2.9233,0.0
31,72,471.8684,2.9233,0.0
31,73,432.1085,2.9233,0.0
31,74,365.5874,2.9233,0.0
31,75,372.4726,2.9233,0.0
31,76,338.4524,2.9233,0.0
31,77,310.5641,2.9233,0.0
31,78,258.2995,2.9233,0.0
31,79,241.4385,2.9233,0.0
31,80,248.7334,2.9233,0.0
31,81,358.6139,2.9233,0.0
31,82,352.3614,2.9233,0.0
31,83,325.3228,2.9233,0.0
31,84,311.0434,2.9233,0.0
31,85,287.8055,2.9233,0.0
31,86,264.3147,2.9233,0.0
31,87,842.2997,2.9233,0.0
31,88,819.2669,2.9233,0.0
31,89,728.5862,2.9233,0.0
31,90,658.871,2.9233,0.0
31,91,651.8259,2.9233,0.0
31,92,631.1928,2.9233,0.0
31,93,647.1553,2.9233,0.0
31,94,627.1891,2.9233,0.0
31,1,36.1447,2.9233,0.0
31,3,115.1284,2.9233,0.9865
31,4,147.1923,2.9233,0.9808
31,5,113.6748,2.9233,0.9706
31,6,86.0172,2.9233,0.9868
31,7,60.0229,2.9233,0.9944
31,8,43.7962,2.9233,0.9925
31,9,30.1557,2.9233,0.9982
31,11,167.7278,2.9233,0.9684
31,12,259.2061,2.9233,0.9628
31,13,264.2993,2.9233,0.9648
31,14,214.227,2.9233,0.9507
31,15,176.3816,2.9233,0.9947
31,16,149.5674,2.9233,0.9948
31,17,122.5429,2.9233,0.9972
31,19,231.9989,2.9233,0.9767
31,20,436.2844,2.9233,0.9831
31,21,234.0165,2.9233,1.8627
31,22,225.9136,2.9233,1.8299
31,23,221.3382,2.9233,1.9138
31,24,219.0704,2.9233,1.8269
31,25,202.474,2.9233,1.6406
31,26,187.558,2.9233,1.6483
31,27,178.8774,2.9233,1.7149
31,28,174.8058,2.9233,1.7937
31,29,172.1215,2.9233,0.9576
31,30,162.4735,2.9233,1.9419
31,31,262.9134,2.9233,0.9601
31,32,232.5085,2.9233,0.9434
31,33,209.2695,2.9233,0.9889
31,34,191.5424,2.9233,0.9901
31,35,169.0925,2.9233,0.9974
31,37,277.1701,2.9233,0.9738
31,38,530.2448,2.9233,0.9801
31,39,410.5273,2.9233,1.9153
31,40,309.1964,2.9233,1.9355
31,41,312.1568,2.9233,1.9545
31,42,291.3944,2.9233,1.942
31,43,324.9095,2.9233,1.6682
31,44,254.8812,2.9233,1.8584
31,45,238.4311,2.9233,1.9003
31,46,221.4649,2.9233,1.863
31,47,214.0794,2.9233,0.9679
31,48,212.5148,2.9233,1.9539
31,49,333.4815,2.9233,0.9633
31,50,303.5179,2.9233,0.9514
31,51,285.3363,2.9233,0.9749
31,52,270.5297,2.9233,0.9811
31,53,247.6485,2.9233,0.9968
31,55,329.441,2.9233,0.9909
31,56,685.5002,2.9233,0.9797
31,57,518.9832,2.9233,1.9373
31,59,332.9869,2.9233,2.9425
31,60,326.1098,2.9233,2.9455
31,61,315.8374,2.9233,2.9413
31,62,317.1445,2.9233,2.93
31,63,304.8174,2.9233,1.8286
31,64,319.1288,2.9233,2.8732
31,65,299.893,2.9233,2.9086
31,66,304.698,2.9233,2.8965
31,67,284.8492,2.9233,2.9242
31,68,276.8003,2.9233,2.9282
31,69,274.9818,2.9233,2.9246
31,70,288.8264,2.9233,2.8482
31,71,265.9055,2.9233,2.9219
31,72,356.9509,2.9233,1.9254
31,73,332.2796,2.9233,1.9459
31,74,304.0791,2.9233,1.9292
31,75,306.7759,2.9233,1.8104
31,76,270.4501,2.9233,1.8858
31,77,254.5731,2.9233,1.8648
31,78,243.2102,2.9233,1.9188
31,79,232.3862,2.9233,0.9846
31,80,225.1561,2.9233,1.9896
31,81,358.1693,2.9233,0.9267
31,82,328.3665,2.9233,0.9383
31,83,319.4128,2.9233,0.982
31,84,311.2526,2.9233,0.9815
31,85,291.3213,2.9233,0.9954
31,87,371.1959,2.9233,0.9705
31,88,684.7717,2.9233,0.9662
31,89,394.0391,2.9233,2.907
31,90,452.4786,2.9233,2.8844
31,91,404.9924,2.9233,2.8738
31,92,359.2625,2.9233,2.8878
31,93,345.9563,2.9233,2.9095
31,94,411.8656,2.9233,1.9209
31,4,97.2346,2.9233,1.9697
31,5,95.6039,2.9233,1.9441
31,6,70.3184,2.9233,1.9985
31,7,56.3612,2.9233,2.0143
31,8,38.6263,2.9233,1.9887
31,12,171.5385,2.9233,1.9496
31,13,207.0871,2.9233,1.9311
31,14,199.476,2.9233,1.9435
31,15,173.8931,2.9233,2.0102
31,16,146.5382,2.9233,1.9903
31,20,240.08,2.9233,1.9349
31,21,231.5184,2.9233,2.8999
31,22,234.4093,2.9233,3.8675
31,23,214.3808,2.9233,2.911
31,24,162.0547,2.9233,10.619
31,25,138.9928,2.9233,9.8849
31,26,136.3818,2.9233,9.1376
31,27,159.2584,2.9233,2.9263
31,28,148.5642,2.9233,6.5458
31,31,209.513,2.9233,1.9315
31,32,221.5612,2.9233,1.9447
31,33,203.8708,2.9233,1.9793
31,34,190.0442,2.9233,1.9812
31,38,287.6167,2.9233,1.9143
31,39,278.1125,2.9233,2.8903
31,40,280.8241,2.9233,3.9106
31,41,271.3137,2.9233,2.9225
31,42,240.5109,2.9233,11.056
31,43,212.6937,2.9233,9.5402
31,44,201.104,2.9233,8.8895
31,45,204.2277,2.9233,2.9696
31,46,213.2345,2.9233,5.7095
31,49,270.0988,2.9233,1.9378
31,50,293.729,2.9233,1.9505
31,51,277.7186,2.9233,1.9523
31,52,268.4136,2.9233,1.9639
31,56,348.1978,2.9233,1.8467
31,57,361.9337,2.9233,2.9175
31,72,269.2401,2.9233,3.884
31,73,280.6384,2.9233,2.8988
31,74,261.3625,2.9233,10.915
31,75,237.7889,2.9233,9.8054
31,76,224.0048,2.9233,9.1527
31,77,227.732,2.9233,2.9424
31,78,239.5577,2.9233,6.6669
31,81,288.9768,2.9233,1.9302
31,82,305.6116,2.9233,1.9356
31,83,311.9993,2.9233,1.9655
31,84,310.0655,2.9233,1.9639
31,88,383.474,2.9233,1.8075
31,5,73.0754,2.9233,2.9128
31,6,65.7584,2.9233,2.9987
31,7,49.6159,2.9233,2.9903
31,13,162.4065,2.9233,2.9146
31,14,194.1778,2.9233,2.9407
31,15,161.5591,2.9233,2.9859
31,27,142.1634,2.9233,7.7785
31,28,155.4813,2.9233,6.2918
31,31,172.3153,2.9233,2.9233
32,1,25.9255,2.9186,0.9118
32,2,17.0614,2.9186,0.0
32,3,392.4109,2.9186,0.0
32,4,230.6287,2.9186,0.0
32,5,156.2783,2.9186,0.0
32,6,105.8004,2.9186,0.0
32,7,73.9675,2.9186,0.0
32,8,55.9314,2.9186,0.0
32,9,42.2879,2.9186,0.0
32,10,32.4515,2.9186,0.0
32,11,469.5496,2.9186,0.0
32,12,366.3319,2.9186,0.0
32,13,339.1034,2.9186,0.0
32,14,268.437,2.9186,0.0
32,15,209.8561,2.9186,0.0
32,16,174.2716,2.9186,0.0
32,17,142.3413,2.9186,0.0
32,18,116.3589,2.9186,0.0
32,19,766.5714,2.9186,0.0
32,20,639.8,2.9186,0.0
32,21,529.7799,2.9186,0.0
32,22,512.4274,2.9186,0.0
32,23,469.7122,2.9186,0.0
32,24,369.7049,2.9186,0.0
32,25,404.9622,2.9186,0.0
32,26,317.5943,2.9186,0.0
32,27,337.6931,2.9186,0.0
32,28,347.5445,2.9186,0.0
32,29,266.092,2.9186,0.0
32,30,274.3339,2.9186,0.0
32,31,324.9456,2.9186,0.0
32,32,287.6103,2.9186,0.0
32,33,245.8719,2.9186,0.0
32,34,220.7846,2.9186,0.0
32,35,193.2591,2.9186,0.0
32,36,168.0194,2.9186,0.0
32,37,859.6583,2.9186,0.0
32,38,761.7364,2.9186,0.0
32,39,669.7473,2.9186,0.0
32,40,603.1519,2.9186,0.0
32,41,550.6011,2.9186,0.0
32,42,425.5849,2.9186,0.0
32,43,474.6638,2.9186,0.0
32,44,362.0366,2.9186,0.0
32,45,396.0183,2.9186,0.0
32,46,367.4287,2.9186,0.0
32,47,305.7755,2.9186,0.0
32,48,323.9292,2.9186,0.0
32,49,405.9303,2.9186,0.0
32,50,376.6108,2.9186,0.0
32,51,336.4289,2.9186,0.0
32,52,312.4631,2.9186,0.0
32,53,282.7195,2.9186,0.0
32,54,254.2458,2.9186,0.0
32,55,1047.5077,2.9186,0.0
32,56,969.6559,2.9186,0.0
32,57,855.1298,2.9186,0.0
32,58,397.0824,2.9186,2.7991
32,59,859.9043,2.9186,0.0
32,60,826.2471,2.9186,0.0
32,61,805.6691,2.9186,0.0
32,62,786.734,2.9186,0.0
32,63,769.9512,2.9186,0.0
32,64,607.5073,2.9186,0.0
32,65,679.7752,2.9186,0.0
32,66,656.0889,2.9186,0.0
32,67,695.1305,2.9186,0.0
32,68,680.4664,2.9186,0.0
32,69,667.2758,2.9186,0.0
32,70,659.391,2.9186,0.0
32,71,556.8769,2.9186,0.0
32,72,549.8188,2.9186,0.0
32,73,502.5834,2.9186,0.0
32,74,424.5693,2.9186,0.0
32,75,432.2812,2.9186,0.0
32,76,392.1894,2.9186,0.0
32,77,359.4184,2.9186,0.0
32,78,298.4947,2.9186,0.0
32,79,278.8419,2.9186,0.0
32,80,287.127,2.9186,0.0
32,81,416.571,2.9186,0.0
32,82,408.4395,2.9186,0.0
32,83,376.1815,2.9186,0.0
32,84,359.1675,2.9186,0.0
32,85,331.7744,2.9186,0.0
32,86,304.2237,2.9186,0.0
32,87,992.0874,2.9186,0.0
32,88,960.6062,2.9186,0.0
32,89,851.9462,2.9186,0.0
32,90,768.0267,2.9186,0.0
32,91,760.9024,2.9186,0.0
32,92,736.7486,2.9186,0.0
32,93,756.7971,2.9186,0.0
32,94,733.1891,2.9186,0.0
32,1,41.7323,2.9186,0.0
32,3,134.1408,2.9186,0.9865
32,4,171.2891,2.9186,0.9808
32,5,131.5234,2.9186,0.9706
32,6,99.1763,2.9186,0.9868
32,7,68.9323,2.9186,0.9944
32,8,50.1269,2.9186,0.9925
32,9,34.3642,2.9186,0.9982
32,11,195.6231,2.9186,0.9684
32,12,302.5213,2.9186,0.9628
32,13,307.5504,2.9186,0.9648
32,14,248.1965,2.9186,0.9507
32,15,203.6865,2.9186,0.9947
32,16,172.3272,2.9186,0.9948
32,17,140.8492,2.9186,0.9972
32,19,269.8403,2.9186,0.9767
32,20,511.5374,2.9186,0.9831
32,21,271.2475,2.9186,1.8627
32,22,261.8074,2.9186,1.8299
32,23,256.5149,2.9186,1.9138
32,24,253.9905,2.9186,1.8269
32,25,234.268,2.9186,1.6406
32,26,216.8675,2.9186,1.6483
32,27,206.821,2.9186,1.7149
32,28,202.1442,2.9186,1.7937
32,29,199.343,2.9186,0.9576
32,30,187.6481,2.9186,1.9419
32,31,305.4579,2.9186,0.9601
32,32,269.2215,2.9186,0.9434
32,33,241.7135,2.9186,0.9889
32,34,220.8565,2.9186,0.9901
32,35,194.5928,2.9186,0.9974
32,37,322.1096,2.9186,0.9738
32,38,621.9263,2.9186,0.9801
32,39,478.7132,2.9186,1.9153
32,40,358.4772,2.9186,1.9355
32,41,361.9295,2.9186,1.9545
32,42,337.5775,2.9186,1.942
32,43,377.4276,2.9186,1.6682
32,44,294.6634,2.9186,1.8584
32,45,275.5707,2.9186,1.9003
32,46,255.8441,2.9186,1.863
32,47,247.3728,2.9186,0.9679
32,48,245.2119,2.9186,1.9539
32,49,387.3404,2.9186,0.9633
32,50,351.5201,2.9186,0.9514
32,51,329.8047,2.9186,0.9749
32,52,312.2619,2.9186,0.9811
32,53,285.382,2.9186,0.9968
32,55,382.0562,2.9186,0.9909
32,56,804.9599,2.9186,0.9797
32,57,605.4842,2.9186,1.9373
32,59,385.132,2.9186,2.9425
32,60,377.1647,2.9186,2.9455
32,61,365.2295,2.9186,2.9413
32,62,366.8929,2.9186,2.93
32,63,353.0881,2.9186,1.8286
32,64,369.2466,2.9186,2.8732
32,65,346.8564,2.9186,2.9086
32,66,352.6781,2.9186,2.8965
32,67,329.3403,2.9186,2.9242
32,68,319.9904,2.9186,2.9282
32,69,317.9241,2.9186,2.9246
32,70,334.1439,2.9186,2.8482
32,71,307.3705,2.9186,2.9219
32,72,414.6636,2.9186,1.9254
32,73,385.3383,2.9186,1.9459
32,74,352.0045,2.9186,1.9292
32,75,355.6606,2.9186,1.8104
32,76,312.2814,2.9186,1.8858
32,77,293.754,2.9186,1.8648
32,78,280.5244,2.9186,1.9188
32,79,268.0292,2.9186,0.9846
32,80,259.3347,2.9186,1.9896
32,81,415.7313,2.9186,0.9267
32,82,380.0597,2.9186,0.9383
32,83,369.1481,2.9186,0.982
32,84,359.3358,2.9186,0.9815
32,85,335.8263,2.9186,0.9954
32,87,430.4116,2.9186,0.9705
32,88,802.5738,2.9186,0.9662
32,89,455.7931,2.9186,2.907
32,90,524.6709,2.9186,2.8844
32,91,469.1695,2.9186,2.8738
32,92,415.3637,2.9186,2.8878
32,93,399.7983,2.9186,2.9095
32,94,478.4556,2.9186,1.9209
32,4,112.4708,2.9186,1.9697
32,5,110.4653,2.9186,1.9441
32,6,80.9084,2.9186,1.9985
32,7,64.6946,2.9186,2.0143
32,8,44.1611,2.9186,1.9887
32,12,198.9542,2.9186,1.9496
32,13,240.2935,2.9186,1.9311
32,14,230.9563,2.9186,1.9435
32,15,200.8543,2.9186,2.0102
32,16,168.8263,2.9186,1.9903
32,20,278.4205,2.9186,1.9349
32,21,268.0269,2.9186,2.8999
32,22,271.3354,2.9186,3.8675
32,23,248.1606,2.9186,2.911
32,24,187.0285,2.9186,10.619
32,25,160.1207,2.9186,9.8849
32,26,157.141,2.9186,9.1376
32,27,184.0272,2.9186,2.9263
32,28,171.5246,2.9186,6.5458
32,31,242.6615,2.9186,1.9315
32,32,256.4009,2.9186,1.9447
32,33,235.4019,2.9186,1.9793
32,34,219.1161,2.9186,1.9812
32,38,333.4648,2.9186,1.9143
32,39,321.719,2.9186,2.8903
32,40,324.6431,2.9186,3.9106
32,41,313.6909,2.9186,2.9225
32,42,277.5321,2.9186,11.056
32,43,245.0471,2.9186,9.5402
32,44,231.5527,2.9186,8.8895
32,45,235.5323,2.9186,2.9696
32,46,246.049,2.9186,5.7095
32,49,312.6183,2.9186,1.9378
32,50,339.9859,2.9186,1.9505
32,51,320.846,2.9186,1.9523
32,52,309.7636,2.9186,1.9639
32,56,403.456,2.9186,1.8467
32,57,418.8957,2.9186,2.9175
32,72,310.9606,2.9186,3.884
32,73,324.3889,2.9186,2.8988
32,74,301.5558,2.9186,10.915
32,75,273.9661,2.9186,9.8054
32,76,257.7898,2.9186,9.1527
32,77,262.4425,2.9186,2.9424
32,78,276.1151,2.9186,6.6669
32,81,334.0141,2.9186,1.9302
32,82,353.2253,2.9186,1.9356
32,83,360.3629,2.9186,1.9655
32,84,357.8794,2.9186,1.9639
32,88,444.2516,2.9186,1.8075
32,5,84.1398,2.9186,2.9128
32,6,75.6514,2.9186,2.9987
32,7,56.9134,2.9186,2.9903
32,13,187.7933,2.9186,2.9146
32,14,224.9146,2.9186,2.9407
32,15,186.4258,2.9186,2.9859
32,27,163.9594,2.9186,7.7785
32,28,179.8178,2.9186,6.2918
32,31,198.9801,2.9186,2.9233
32,32,229.9498,2.9186,2.9186
33,1,25.8144,2.9709,0.9118
33,2,17.19,2.9709,0.0
33,3,373.0901,2.9709,0.0
33,4,223.6099,2.9709,0.0
33,5,153.4055,2.9709,0.0
33,6,104.8462,2.9709,0.0
33,7,73.8246,2.9709,0.0
33,8,56.1057,2.9709,0.0
33,9,42.6013,2.9709,0.0
33,10,32.8021,2.9709,0.0
33,11,447.0179,2.9709,0.0
33,12,353.9178,2.9709,0.0
33,13,329.6624,2.9709,0.0
33,14,263.1595,2.9709,0.0
33,15,207.2419,2.9709,0.0
33,16,172.9456,2.9709,0.0
33,17,141.9245,2.9709,0.0
33,18,116.4964,2.9709,0.0
33,19,728.6195,2.9709,0.0
33,20,614.6705,2.9709,0.0
33,21,510.2912,2.9709,0.0
33,22,494.9276,2.9709,0.0
33,23,454.3822,2.9709,0.0
33,24,357.9757,2.9709,0.0
33,25,392.6408,2.9709,0.0
33,26,308.3075,2.9709,0.0
33,27,328.6403,2.9709,0.0
33,28,337.6607,2.9709,0.0
33,29,258.783,2.9709,0.0
33,30,267.9108,2.9709,0.0
33,31,316.8201,2.9709,0.0
33,32,282.1828,2.9709,0.0
33,33,242.6736,2.9709,0.0
33,34,218.7531,2.9709,0.0
33,35,192.2421,2.9709,0.0
33,36,167.7505,2.9709,0.0
33,37,818.2247,2.9709,0.0
33,38,731.7462,2.9709,0.0
33,39,646.4774,2.9709,0.0
33,40,584.016,2.9709,0.0
33,41,534.2915,2.9709,0.0
33,42,414.6509,2.9709,0.0
33,43,461.7577,2.9709,0.0
33,44,353.7383,2.9709,0.0
33,45,386.729,2.9709,0.0
33,46,359.2842,2.9709,0.0
33,47,299.0137,2.9709,0.0
33,48,317.288,2.9709,0.0
33,49,395.9157,2.9709,0.0
33,50,369.1013,2.9709,0.0
33,51,331.3946,2.9709,0.0
33,52,308.7739,2.9709,0.0
33,53,280.3577,2.9709,0.0
33,54,252.9678,2.9709,0.0
33,55,997.6271,2.9709,0.0
33,56,930.3838,2.9709,0.0
33,57,824.3488,2.9709,0.0
33,58,390.9033,2.9709,2.7991
33,59,826.4044,2.9709,0.0
33,60,794.6136,2.9709,0.0
33,61,774.9718,2.9709,0.0
33,62,756.8785,2.9709,0.0
33,63,740.8479,2.9709,0.0
33,64,587.9119,2.9709,0.0
33,65,653.1815,2.9709,0.0
33,66,631.0316,2.9709,0.0
33,67,669.5829,2.9709,0.0
33,68,655.5207,2.9709,0.0
33,69,642.9169,2.9709,0.0
33,70,635.1575,2.9709,0.0
33,71,538.5189,2.9709,0.0
33,72,534.2546,2.9709,0.0
33,73,489.9092,2.9709,0.0
33,74,415.0939,2.9709,0.0
33,75,423.0685,2.9709,0.0
33,76,384.892,2.9709,0.0
33,77,353.5305,2.9709,0.0
33,78,294.4216,2.9709,0.0
33,79,275.3299,2.9709,0.0
33,80,283.7181,2.9709,0.0
33,81,407.0958,2.9709,0.0
33,82,400.5349,2.9709,0.0
33,83,370.5178,2.9709,0.0
33,84,354.6994,2.9709,0.0
33,85,328.7135,2.9709,0.0
33,86,302.332,2.9709,0.0
33,87,948.4444,2.9709,0.0
33,88,924.0753,2.9709,0.0
33,89,823.0147,2.9709,0.0
33,90,745.8571,2.9709,0.0
33,91,737.2457,2.9709,0.0
33,92,713.9394,2.9709,0.0
33,93,730.9897,2.9709,0.0
33,94,708.5774,2.9709,0.0
33,1,41.2434,2.9709,0.0
33,3,130.3034,2.9709,0.9865
33,4,166.8295,2.9709,0.9808
33,5,129.4615,2.9709,0.9706
33,6,98.293,2.9709,0.9868
33,7,68.8264,2.9709,0.9944
33,8,50.3555,2.9709,0.9925
33,9,34.7785,2.9709,0.9982
33,11,189.677,2.9709,0.9684
33,12,293.044,2.9709,0.9628
33,13,299.4628,2.9709,0.9648
33,14,243.641,2.9709,0.9507
33,15,201.2119,2.9709,0.9947
33,16,171.003,2.9709,0.9948
33,17,140.4282,2.9709,0.9972
33,19,263.1547,2.9709,0.9767
33,20,492.1704,2.9709,0.9831
33,21,266.0294,2.9709,1.8627
33,22,256.8763,2.9709,1.8299
33,23,251.6587,2.9709,1.9138
33,24,248.9955,2.9709,1.8269
33,25,230.4659,2.9709,1.6406
33,26,213.6098,2.9709,1.6483
33,27,203.7369,2.9709,1.7149
33,28,199.0695,2.9709,1.7937
33,29,195.7595,2.9709,0.9576
33,30,185.206,2.9709,1.9419
33,31,298.306,2.9709,0.9601
33,32,264.5566,2.9709,0.9434
33,33,238.6601,2.9709,0.9889
33,34,218.8149,2.9709,0.9901
33,35,193.5315,2.9709,0.9974
33,37,314.6518,2.9709,0.9738
33,38,598.2102,2.9709,0.9801
33,39,464.9254,2.9709,1.9153
33,40,351.5641,2.9709,1.9355
33,41,354.897,2.9709,1.9545
33,42,331.523,2.9709,1.942
33,43,368.9607,2.9709,1.6682
33,44,290.4181,2.9709,1.8584
33,45,271.7387,2.9709,1.9003
33,46,252.4918,2.9709,1.863
33,47,243.9926,2.9709,0.9679
33,48,242.4605,2.9709,1.9539
33,49,378.4539,2.9709,0.9633
33,50,345.2176,2.9709,0.9514
33,51,325.0999,2.9709,0.9749
33,52,308.6359,2.9709,0.9811
33,53,282.98,2.9709,0.9968
33,55,374.6769,2.9709,0.9909
33,56,773.1293,2.9709,0.9797
33,57,587.6805,2.9709,1.9373
33,59,379.2572,2.9709,2.9425
33,60,371.4307,2.9709,2.9455
33,61,359.7752,2.9709,2.9413
33,62,361.1491,2.9709,2.93
33,63,346.7365,2.9709,1.8286
33,64,363.3458,2.9709,2.8732
33,65,341.5412,2.9709,2.9086
33,66,346.8276,2.9709,2.8965
33,67,324.4969,2.9709,2.9242
33,68,315.3605,2.9709,2.9282
33,69,313.2573,2.9709,2.9246
33,70,328.8344,2.9709,2.8482
33,71,302.9635,2.9709,2.9219
33,72,405.2771,2.9709,1.9254
33,73,377.7713,2.9709,1.9459
33,74,346.188,2.9709,1.9292
33,75,348.835,2.9709,1.8104
33,76,308.4982,2.9709,1.8858
33,77,290.5447,2.9709,1.8648
33,78,277.6631,2.9709,1.9188
33,79,265.3045,2.9709,0.9846
33,80,257.3184,2.9709,1.9896
33,81,406.7876,2.9709,0.9267
33,82,373.7042,2.9709,0.9383
33,83,363.9541,2.9709,0.982
33,84,355.004,2.9709,0.9815
33,85,332.7342,2.9709,0.9954
33,87,422.2156,2.9709,0.9705
33,88,773.1681,2.9709,0.9662
33,89,448.7513,2.9709,2.907
33,90,514.465,2.9709,2.8844
33,91,460.887,2.9709,2.8738
33,92,409.3239,2.9709,2.8878
33,93,394.2859,2.9709,2.9095
33,94,467.6548,2.9709,1.9209
33,4,110.7405,2.9709,1.9697
33,5,109.0331,2.9709,1.9441
33,6,80.4902,2.9709,1.9985
33,7,64.6446,2.9709,2.0143
33,8,44.4417,2.9709,1.9887
33,12,194.8198,2.9709,1.9496
33,13,235.2041,2.9709,1.9311
33,14,226.9949,2.9709,1.9435
33,15,198.3402,2.9709,2.0102
33,16,167.5491,2.9709,1.9903
33,20,272.7959,2.9709,1.9349
33,21,263.4496,2.9709,2.8999
33,22,266.7717,2.9709,3.8675
33,23,243.9879,2.9709,2.911
33,24,184.9307,2.9709,10.619
33,25,158.8578,2.9709,9.8849
33,26,155.8359,2.9709,9.1376
33,27,181.5005,2.9709,2.9263
33,28,169.4227,2.9709,6.5458
33,31,238.3364,2.9709,1.9315
33,32,252.2261,2.9709,1.9447
33,33,232.5744,2.9709,1.9793
33,34,217.1161,2.9709,1.9812
33,38,326.9624,2.9709,1.9143
33,39,316.7189,2.9709,2.8903
33,40,319.9916,2.9709,3.9106
33,41,309.1643,2.9709,2.9225
33,42,274.5376,2.9709,11.056
33,43,243.1165,2.9709,9.5402
33,44,229.9806,2.9709,8.8895
33,45,233.2016,2.9709,2.9696
33,46,243.3399,2.9709,5.7095
33,49,307.3832,2.9709,1.9378
33,50,334.2483,2.9709,1.9505
33,51,316.5569,2.9709,1.9523
33,52,306.2735,2.9709,1.9639
33,56,396.1357,2.9709,1.8467
33,57,412.061,2.9709,2.9175
33,72,307.0393,2.9709,3.884
33,73,319.8816,2.9709,2.8988
33,74,298.3709,2.9709,10.915
33,75,271.7996,2.9709,9.8054
33,76,256.3005,2.9709,9.1527
33,77,260.2393,2.9709,2.9424
33,78,273.6669,2.9709,6.6669
33,81,329.2613,2.9709,1.9302
33,82,348.2071,2.9709,1.9356
33,83,355.6897,2.9709,1.9655
33,84,353.7278,2.9709,1.9639
33,88,436.3649,2.9709,1.8075
33,5,83.6036,2.9709,2.9128
33,6,75.2808,2.9709,2.9987
33,7,56.9398,2.9709,2.9903
33,13,184.9886,2.9709,2.9146
33,14,220.9165,2.9709,2.9407
33,15,184.4364,2.9709,2.9859
33,27,162.2878,2.9709,7.7785
33,28,177.0557,2.9709,6.2918
33,31,196.5179,2.9709,2.9233
33,32,226.8019,2.9709,2.9186
33,33,224.2851,2.9709,2.9709
49,1,30.3193,2.9353,0.9118
49,2,20.3402,2.9353,0.0
49,3,444.6978,2.9353,0.0
49,4,264.0439,2.9353,0.0
49,5,180.4568,2.9353,0.0
49,6,123.2705,2.9353,0.0
49,7,86.9569,2.9353,0.0
49,8,66.2741,2.9353,0.0
49,9,50.5156,2.9353,0.0
49,10,39.0674,2.9353,0.0
49,11,532.8538,2.9353,0.0
49,12,418.8567,2.9353,0.0
49,13,389.0698,2.9353,0.0
49,14,309.6779,2.9353,0.0
49,15,243.5106,2.9353,0.0
49,16,203.2097,2.9353,0.0
49,17,166.8867,2.9353,0.0
49,18,137.201,2.9353,0.0
49,19,869.9598,2.9353,0.0
49,20,729.9594,2.9353,0.0
49,21,605.3047,2.9353,0.0
49,22,586.5752,2.9353,0.0
49,23,538.2672,2.9353,0.0
49,24,424.4016,2.9353,0.0
49,25,464.8411,2.9353,0.0
49,26,365.3129,2.9353,0.0
49,27,388.627,2.9353,0.0
49,28,399.5106,2.9353,0.0
49,29,306.5977,2.9353,0.0
49,30,316.5382,2.9353,0.0
49,31,373.9479,2.9353,0.0
49,32,332.2932,2.9353,0.0
49,33,285.3599,2.9353,0.0
49,34,257.1422,2.9353,0.0
49,35,226.0224,2.9353,0.0
49,36,197.3762,2.9353,0.0
49,37,976.6194,2.9353,0.0
49,38,869.2745,2.9353,0.0
49,39,766.4059,2.9353,0.0
49,40,691.5997,2.9353,0.0
49,41,632.358,2.9353,0.0
49,42,490.572,2.9353,0.0
49,43,546.393,2.9353,0.0
49,44,418.4851,2.9353,0.0
49,45,457.278,2.9353,0.0
49,46,424.7783,2.9353,0.0
49,47,354.1221,2.9353,0.0
49,48,375.1486,2.9353,0.0
49,49,468.2521,2.9353,0.0
49,50,435.6252,2.9353,0.0
49,51,390.5107,2.9353,0.0
49,52,363.5974,2.9353,0.0
49,53,330.0106,2.9353,0.0
49,54,297.7796,2.9353,0.0
49,55,1190.0927,2.9353,0.0
49,56,1105.9339,2.9353,0.0
49,57,977.8582,2.9353,0.0
49,58,460.8857,2.9353,2.7991
49,59,982.2388,2.9353,0.0
49,60,944.182,2.9353,0.0
49,61,920.7728,2.9353,0.0
49,62,899.2107,2.9353,0.0
49,63,880.0979,2.9353,0.0
49,64,697.1742,2.9353,0.0
49,65,777.0365,2.9353,0.0
49,66,750.3549,2.9353,0.0
49,67,795.0694,2.9353,0.0
49,68,778.3235,2.9353,0.0
49,69,763.2869,2.9353,0.0
49,70,754.1276,2.9353,0.0
49,71,638.576,2.9353,0.0
49,72,631.8504,2.9353,0.0
49,73,578.9036,2.9353,0.0
49,74,490.4774,2.9353,0.0
49,75,499.6804,2.9353,0.0
49,76,454.4014,2.9353,0.0
49,77,417.3058,2.9353,0.0
49,78,347.7941,2.9353,0.0
49,79,325.3871,2.9353,0.0
49,80,335.0765,2.9353,0.0
49,81,481.7644,2.9353,0.0
49,82,473.1885,2.9353,0.0
49,83,437.0798,2.9353,0.0
49,84,418.109,2.9353,0.0
49,85,387.2647,2.9353,0.0
49,86,356.1266,2.9353,0.0
49,87,1129.6762,2.9353,0.0
49,88,1097.2829,2.9353,0.0
49,89,975.7591,2.9353,0.0
49,90,882.8878,2.9353,0.0
49,91,873.8896,2.9353,0.0
49,92,846.3364,2.9353,0.0
49,93,867.8793,2.9353,0.0
49,94,841.0964,2.9353,0.0
49,1,48.427,2.9353,0.0
49,3,153.8264,2.9353,0.9865
49,4,196.7454,2.9353,0.9808
49,5,152.2615,2.9353,0.9706
49,6,115.613,2.9353,0.9868
49,7,81.111,2.9353,0.9944
49,8,59.5344,2.9353,0.9925
49,9,41.3746,2.9353,0.9982
49,11,224.4097,2.9353,0.9684
49,12,346.494,2.9353,0.9628
49,13,353.2654,2.9353,0.9648
49,14,286.6412,2.9353,0.9507
49,15,236.4461,2.9353,0.9947
49,16,200.9558,2.9353,0.9948
49,17,165.1495,2.9353,0.9972
49,19,311.3187,2.9353,0.9767
49,20,584.4834,2.9353,0.9831
49,21,313.792,2.9353,1.8627
49,22,303.0566,2.9353,1.8299
49,23,296.9854,2.9353,1.9138
49,24,293.984,2.9353,1.8269
49,25,271.7273,2.9353,1.6406
49,26,251.8512,2.9353,1.6483
49,27,240.286,2.9353,1.7149
49,28,234.839,2.9353,1.7937
49,29,231.27,2.9353,0.9576
49,30,218.3027,2.9353,1.9419
49,31,351.9154,2.9353,0.9601
49,32,311.426,2.9353,0.9434
49,33,280.635,2.9353,0.9889
49,34,257.2275,2.9353,0.9901
49,35,227.5472,2.9353,0.9974
49,37,372.1527,2.9353,0.9738
49,38,710.679,2.9353,0.9801
49,39,550.2164,2.9353,1.9153
49,40,414.7814,2.9353,1.9355
49,41,418.8482,2.9353,1.9545
49,42,391.2722,2.9353,1.942
49,43,436.2161,2.9353,1.6682
49,44,342.6308,2.9353,1.8584
49,45,320.7454,2.9353,1.9003
49,46,298.1562,2.9353,1.863
49,47,288.2865,2.9353,0.9679
49,48,286.0771,2.9353,1.9539
49,49,447.3269,2.9353,0.9633
49,50,407.2275,2.9353,0.9514
49,51,383.028,2.9353,0.9749
49,52,363.4077,2.9353,0.9811
49,53,333.0801,2.9353,0.9968
49,55,442.0537,2.9353,0.9909
49,56,919.0928,2.9353,0.9797
49,57,695.6184,2.9353,1.9373
49,59,447.1551,2.9353,2.9425
49,60,437.941,2.9353,2.9455
49,61,424.1984,2.9353,2.9413
49,62,425.8977,2.9353,2.93
49,63,409.419,2.9353,1.8286
49,64,428.435,2.9353,2.8732
49,65,402.7499,2.9353,2.9086
49,66,409.1408,2.9353,2.8965
49,67,382.5686,2.9353,2.9242
49,68,371.7768,2.9353,2.9282
49,69,369.2991,2.9353,2.9246
49,70,387.6342,2.9353,2.8482
49,71,357.0972,2.9353,2.9219
49,72,478.6548,2.9353,1.9254
49,73,445.8975,2.9353,1.9459
49,74,408.4278,2.9353,1.9292
49,75,411.9543,2.9353,1.8104
49,76,363.7717,2.9353,1.8858
49,77,342.729,2.9353,1.8648
49,78,327.6646,2.9353,1.9188
49,79,313.3121,2.9353,0.9846
49,80,303.6328,2.9353,1.9896
49,81,481.0669,2.9353,0.9267
49,82,441.1549,2.9353,0.9383
49,83,429.194,2.9353,0.982
49,84,418.3861,2.9353,0.9815
49,85,391.9507,2.9353,0.9954
49,87,498.0234,2.9353,0.9705
49,88,917.9716,2.9353,0.9662
49,89,528.987,2.9353,2.907
49,90,607.4145,2.9353,2.8844
49,91,544.1898,2.9353,2.8738
49,92,482.9836,2.9353,2.8878
49,93,465.2257,2.9353,2.9095
49,94,553.4386,2.9353,1.9209
49,4,130.1139,2.9353,1.9697
49,5,128.2191,2.9353,1.9441
49,6,94.7153,2.9353,1.9985
49,7,76.253,2.9353,2.0143
49,8,52.669,2.9353,1.9887
49,12,229.4425,2.9353,1.9496
49,13,276.994,2.9353,1.9311
49,14,266.9974,2.9353,1.9435
49,15,233.1422,2.9353,2.0102
49,16,196.9225,2.9353,1.9903
49,20,321.8065,2.9353,1.9349
49,21,310.4193,2.9353,2.8999
49,22,314.3438,2.9353,3.8675
49,23,287.7026,2.9353,2.911
49,24,218.1566,2.9353,10.619
49,25,187.412,2.9353,9.8849
49,26,183.8976,2.9353,9.1376
49,27,214.2453,2.9353,2.9263
49,28,199.9712,2.9353,6.5458
49,31,280.7261,2.9353,1.9315
49,32,296.8562,2.9353,1.9447
49,33,273.4592,2.9353,1.9793
49,34,255.2418,2.9353,1.9812
49,38,385.7594,2.9353,1.9143
49,39,373.0875,2.9353,2.8903
49,40,376.8173,2.9353,3.9106
49,41,364.3226,2.9353,2.9225
49,42,323.4882,2.9353,11.056
49,43,286.5085,2.9353,9.5402
49,44,271.1133,2.9353,8.8895
49,45,275.2351,2.9353,2.9696
49,46,287.2026,2.9353,5.7095
49,49,362.7514,2.9353,1.9378
49,50,394.1807,2.9353,1.9505
49,51,372.8876,2.9353,1.9523
49,52,360.5967,2.9353,1.9639
49,56,467.1608,2.9353,1.8467
49,57,485.3739,2.9353,2.9175
49,72,361.4878,2.9353,3.884
49,73,376.9496,2.9353,2.8988
49,74,351.5242,2.9353,10.915
49,75,320.2685,2.9353,9.8054
49,76,302.0368,2.9353,9.1527
49,77,307.0662,2.9353,2.9424
49,78,322.8342,2.9353,6.6669
49,81,388.6659,2.9353,1.9302
49,82,410.7989,2.9353,1.9356
49,83,419.3073,2.9353,1.9655
49,84,416.8056,2.9353,1.9639
49,88,514.4602,2.9353,1.8075
49,5,98.2235,2.9353,2.9128
49,6,88.6572,2.9353,2.9987
49,7,67.2704,2.9353,2.9903
49,13,217.4318,2.9353,2.9146
49,14,259.9858,2.9353,2.9407
49,15,216.7223,2.9353,2.9859
49,27,191.5317,2.9353,7.7785
49,28,209.2104,2.9353,6.2918
49,31,231.1618,2.9353,2.9233
49,32,266.7944,2.9353,2.9186
49,33,263.6781,2.9353,2.9709
49,49,310.8315,2.9353,2.9353
50,1,34.5503,2.9259,0.9118
50,2,22.8875,2.9259,0.0
50,3,527.1851,2.9259,0.0
50,4,307.8814,2.9259,0.0
50,5,208.2379,2.9259,0.0
50,6,141.0407,2.9259,0.0
50,7,98.8025,2.9259,0.0
50,8,74.9029,2.9259,0.0
50,9,56.8151,2.9259,0.0
50,10,43.7556,2.9259,0.0
50,11,630.8687,2.9259,0.0
50,12,489.7532,2.9259,0.0
50,13,452.6192,2.9259,0.0
50,14,357.7428,2.9259,0.0
50,15,279.5392,2.9259,0.0
50,16,232.2434,2.9259,0.0
50,17,189.8824,2.9259,0.0
50,18,155.4627,2.9259,0.0
50,19,1031.535,2.9259,0.0
50,20,857.4537,2.9259,0.0
50,21,709.4418,2.9259,0.0
50,22,685.8851,2.9259,0.0
50,23,628.5419,2.9259,0.0
50,24,495.0936,2.9259,0.0
50,25,541.7184,2.9259,0.0
50,26,425.1904,2.9259,0.0
50,27,451.436,2.9259,0.0
50,28,464.7381,2.9259,0.0
50,29,356.2413,2.9259,0.0
50,30,366.5785,2.9259,0.0
50,31,433.8635,2.9259,0.0
50,32,383.5189,2.9259,0.0
50,33,327.679,2.9259,0.0
50,34,294.2742,2.9259,0.0
50,35,257.7196,2.9259,0.0
50,36,224.2655,2.9259,0.0
50,37,1156.6447,2.9259,0.0
50,38,1021.1992,2.9259,0.0
50,39,896.6822,2.9259,0.0
50,40,806.9968,2.9259,0.0
50,41,736.4802,2.9259,0.0
50,42,569.2766,2.9259,0.0
50,43,634.9209,2.9259,0.0
50,44,484.3486,2.9259,0.0
50,45,529.5371,2.9259,0.0
50,46,491.3041,2.9259,0.0
50,47,409.4318,2.9259,0.0
50,48,433.1992,2.9259,0.0
50,49,542.8413,2.9259,0.0
50,50,502.9891,2.9259,0.0
50,51,448.9769,2.9259,0.0
50,52,416.8945,2.9259,0.0
50,53,377.2255,2.9259,0.0
50,54,339.3505,2.9259,0.0
50,55,1409.0375,2.9259,0.0
50,56,1300.6349,2.9259,0.0
50,57,1145.4236,2.9259,0.0
50,58,530.1369,2.9259,2.7991
50,59,1153.3721,2.9259,0.0
50,60,1107.9903,2.9259,0.0
50,61,1080.3308,2.9259,0.0
50,62,1054.8803,2.9259,0.0
50,63,1032.3159,2.9259,0.0
50,64,813.7102,2.9259,0.0
50,65,912.5542,2.9259,0.0
50,66,880.5098,2.9259,0.0
50,67,931.685,2.9259,0.0
50,68,911.9836,2.9259,0.0
50,69,894.2426,2.9259,0.0
50,70,883.7052,2.9259,0.0
50,71,745.783,2.9259,0.0
50,72,735.0657,2.9259,0.0
50,73,671.6175,2.9259,0.0
50,74,567.5078,2.9259,0.0
50,75,577.6432,2.9259,0.0
50,76,524.0042,2.9259,0.0
50,77,480.2351,2.9259,0.0
50,78,399.1543,2.9259,0.0
50,79,373.029,2.9259,0.0
50,80,383.9269,2.9259,0.0
50,81,557.4516,2.9259,0.0
50,82,545.9469,2.9259,0.0
50,83,502.4286,2.9259,0.0
50,84,479.5467,2.9259,0.0
50,85,442.9192,2.9259,0.0
50,86,406.2058,2.9259,0.0
50,87,1333.1,2.9259,0.0
50,88,1287.6457,2.9259,0.0
50,89,1140.7848,2.9259,0.0
50,90,1027.4883,2.9259,0.0
50,91,1018.9158,2.9259,0.0
50,92,986.6337,2.9259,0.0
50,93,1014.4405,2.9259,0.0
50,94,982.6596,2.9259,0.0
50,1,55.5643,2.9259,0.0
50,3,179.0706,2.9259,0.9865
50,4,228.5584,2.9259,0.9808
50,5,175.2745,2.9259,0.9706
50,6,132.2562,2.9259,0.9868
50,7,92.1154,2.9259,0.9944
50,8,67.1811,2.9259,0.9925
50,9,46.303,2.9259,0.9982
50,11,261.54,2.9259,0.9684
50,12,404.2763,2.9259,0.9628
50,13,410.4176,2.9259,0.9648
50,14,330.7531,2.9259,0.9507
50,15,271.3488,2.9259,0.9947
50,16,229.6756,2.9259,0.9948
50,17,187.9096,2.9259,0.9972
50,19,360.9675,2.9259,0.9767
50,20,685.8003,2.9259,0.9831
50,21,362.1394,2.9259,1.8627
50,22,349.6106,2.9259,1.8299
50,23,342.612,2.9259,1.9138
50,24,339.3449,2.9259,1.8269
50,25,312.7295,2.9259,1.6406
50,26,289.5301,2.9259,1.6483
50,27,276.1884,2.9259,1.7149
50,28,269.9857,2.9259,1.7937
50,29,266.4758,2.9259,0.9576
50,30,250.5077,2.9259,1.9419
50,31,407.7353,2.9259,0.9601
50,32,358.952,2.9259,0.9434
50,33,322.145,2.9259,0.9889
50,34,294.3804,2.9259,0.9901
50,35,259.5011,2.9259,0.9974
50,37,430.8811,2.9259,0.9738
50,38,834.0979,2.9259,0.9801
50,39,640.474,2.9259,1.9153
50,40,478.7355,2.9259,1.9355
50,41,483.4478,2.9259,1.9545
50,42,450.984,2.9259,1.942
50,43,504.765,2.9259,1.6682
50,44,393.627,2.9259,1.8584
50,45,368.271,2.9259,1.9003
50,46,342.0404,2.9259,1.863
50,47,330.8354,2.9259,0.9679
50,48,327.6519,2.9259,1.9539
50,49,517.8029,2.9259,0.9633
50,50,469.3751,2.9259,0.9514
50,51,440.1085,2.9259,0.9749
50,52,416.6107,2.9259,0.9811
50,53,380.7615,2.9259,0.9968
50,55,510.2857,2.9259,0.9909
50,56,1080.2049,2.9259,0.9797
50,57,810.2212,2.9259,1.9373
50,59,514.1941,2.9259,2.9425
50,60,503.5686,2.9259,2.9455
50,61,487.6436,2.9259,2.9413
50,62,489.9104,2.9259,2.93
50,63,471.8373,2.9259,1.8286
50,64,492.9882,2.9259,2.8732
50,65,463.1355,2.9259,2.9086
50,66,471.0117,2.9259,2.8965
50,67,439.6941,2.9259,2.9242
50,68,427.2006,2.9259,2.9282
50,69,424.4358,2.9259,2.9246
50,70,446.0163,2.9259,2.8482
50,71,410.2985,2.9259,2.9219
50,72,554.1022,2.9259,1.9254
50,73,514.7835,2.9259,1.9459
50,74,470.1838,2.9259,1.9292
50,75,475.3264,2.9259,1.8104
50,76,417.0826,2.9259,1.8858
50,77,392.4836,2.9259,1.8648
50,78,374.9396,2.9259,1.9188
50,79,358.4386,2.9259,0.9846
50,80,346.6558,2.9259,1.9896
50,81,556.0668,2.9259,0.9267
50,82,507.8208,2.9259,0.9383
50,83,492.9508,2.9259,0.982
50,84,479.7172,2.9259,0.9815
50,85,448.2866,2.9259,0.9954
50,87,574.7794,2.9259,0.9705
50,88,1076.0744,2.9259,0.9662
50,89,608.4348,2.9259,2.907
50,90,701.0935,2.9259,2.8844
50,91,627.0734,2.9259,2.8738
50,92,554.9249,2.9259,2.8878
50,93,534.1387,2.9259,2.9095
50,94,640.336,2.9259,1.9209
50,4,149.768,2.9259,1.9697
50,5,147.2385,2.9259,1.9441
50,6,107.9636,2.9259,1.9985
50,7,86.5174,2.9259,2.0143
50,8,59.3029,2.9259,1.9887
50,12,265.2575,2.9259,1.9496
50,13,320.3924,2.9259,1.9311
50,14,307.757,2.9259,1.9435
50,15,267.6299,2.9259,2.0102
50,16,225.0338,2.9259,1.9903
50,20,371.7123,2.9259,1.9349
50,21,357.6129,2.9259,2.8999
50,22,362.044,2.9259,3.8675
50,23,331.3093,2.9259,2.911
50,24,249.8939,2.9259,10.619
50,25,214.0118,2.9259,9.8849
50,26,210.0623,2.9259,9.1376
50,27,245.9388,2.9259,2.9263
50,28,229.2387,2.9259,6.5458
50,31,323.6722,2.9259,1.9315
50,32,341.8407,2.9259,1.9447
50,33,313.7342,2.9259,1.9793
50,34,292.0737,2.9259,1.9812
50,38,445.2988,2.9259,1.9143
50,39,429.2279,2.9259,2.8903
50,40,433.0658,2.9259,3.9106
50,41,418.6918,2.9259,2.9225
50,42,370.5143,2.9259,11.056
50,43,327.2637,2.9259,9.5402
50,44,309.341,2.9259,8.8895
50,45,314.8522,2.9259,2.9696
50,46,328.8698,2.9259,5.7095
50,49,417.6093,2.9259,1.9378
50,50,453.9195,2.9259,1.9505
50,51,428.1222,2.9259,1.9523
50,52,413.2653,2.9259,1.9639
50,56,538.6735,2.9259,1.8467
50,57,558.8413,2.9259,2.9175
50,72,414.8066,2.9259,3.884
50,73,432.9981,2.9259,2.8988
50,74,402.5544,2.9259,10.915
50,75,365.8494,2.9259,9.8054
50,76,344.3376,2.9259,9.1527
50,77,350.8096,2.9259,2.9424
50,78,368.9891,2.9259,6.6669
50,81,446.3665,2.9259,1.9302
50,82,471.8345,2.9259,1.9356
50,83,481.141,2.9259,1.9655
50,84,477.7264,2.9259,1.9639
50,88,593.0472,2.9259,1.8075
50,5,112.1331,2.9259,2.9128
50,6,101.0131,2.9259,2.9987
50,7,76.21,2.9259,2.9903
50,13,250.1421,2.9259,2.9146
50,14,299.8218,2.9259,2.9407
50,15,248.3782,2.9259,2.9859
50,27,219.1541,2.9259,7.7785
50,28,240.4605,2.9259,6.2918
50,31,265.255,2.9259,2.9233
50,32,306.5241,2.9259,2.9186
50,33,302.2666,2.9259,2.9709
50,49,356.2359,2.9259,2.9353
50,50,409.1453,2.9259,2.9259
51,1,35.0939,2.9315,0.9118
51,2,23.3792,2.9315,0.0
51,3,518.6427,2.9315,0.0
51,4,307.4421,2.9315,0.0
51,5,209.6745,2.9315,0.0
51,6,142.8348,2.9315,0.0
51,7,100.45,2.9315,0.0
51,8,76.3424,2.9315,0.0
51,9,58.0176,2.9315,0.0
51,10,44.7408,2.9315,0.0
51,11,621.1943,2.9315,0.0
51,12,487.7418,2.9315,0.0
51,13,452.7605,2.9315,0.0
51,14,359.9159,2.9315,0.0
51,15,282.5564,2.9315,0.0
51,16,235.4268,2.9315,0.0
51,17,192.9893,2.9315,0.0
51,18,158.342,2.9315,0.0
51,19,1013.8323,2.9315,0.0
51,20,850.0618,2.9315,0.0
51,21,704.7245,2.9315,0.0
51,22,682.617,2.9315,0.0
51,23,626.2392,2.9315,0.0
51,24,493.431,2.9315,0.0
51,25,540.5946,2.9315,0.0
51,26,424.5124,2.9315,0.0
51,27,451.6893,2.9315,0.0
51,28,464.4665,2.9315,0.0
51,29,356.1095,2.9315,0.0
51,30,367.6637,2.9315,0.0
51,31,434.7417,2.9315,0.0
51,32,385.9785,2.9315,0.0
51,33,331.0618,2.9315,0.0
51,34,298.0072,2.9315,0.0
51,35,261.5889,2.9315,0.0
51,36,228.0904,2.9315,0.0
51,37,1137.8099,2.9315,0.0
51,38,1012.1518,2.9315,0.0
51,39,891.914,2.9315,0.0
51,40,804.4937,2.9315,0.0
51,41,735.2812,2.9315,0.0
51,42,569.7978,2.9315,0.0
51,43,634.8991,2.9315,0.0
51,44,485.6592,2.9315,0.0
51,45,530.9113,2.9315,0.0
51,46,493.0084,2.9315,0.0
51,47,410.6685,2.9315,0.0
51,48,435.1777,2.9315,0.0
51,49,543.8198,2.9315,0.0
51,50,505.6697,2.9315,0.0
51,51,452.9187,2.9315,0.0
51,52,421.4187,2.9315,0.0
51,53,382.1376,2.9315,0.0
51,54,344.4458,2.9315,0.0
51,55,1386.5806,2.9315,0.0
51,56,1287.7738,2.9315,0.0
51,57,1138.1053,2.9315,0.0
51,58,534.4801,2.9315,2.7991
51,59,1143.2636,2.9315,0.0
51,60,1098.8818,2.9315,0.0
51,61,1071.6137,2.9315,0.0
51,62,1046.5046,2.9315,0.0
51,63,1024.25,2.9315,0.0
51,64,810.5952,2.9315,0.0
51,65,904.0756,2.9315,0.0
51,66,872.952,2.9315,0.0
51,67,925.1907,2.9315,0.0
51,68,905.7052,2.9315,0.0
51,69,888.2036,2.9315,0.0
51,70,877.5875,2.9315,0.0
51,71,742.6605,2.9315,0.0
51,72,734.6407,2.9315,0.0
51,73,672.6897,2.9315,0.0
51,74,569.4157,2.9315,0.0
51,75,580.0413,2.9315,0.0
51,76,527.1341,2.9315,0.0
51,77,483.8028,2.9315,0.0
51,78,402.7283,2.9315,0.0
51,79,376.585,2.9315,0.0
51,80,387.8415,2.9315,0.0
51,81,559.0018,2.9315,0.0
51,82,548.9137,2.9315,0.0
51,83,506.6931,2.9315,0.0
51,84,484.468,2.9315,0.0
51,85,448.3873,2.9315,0.0
51,86,411.9735,2.9315,0.0
51,87,1315.5898,2.9315,0.0
51,88,1277.3025,2.9315,0.0
51,89,1135.2332,2.9315,0.0
51,90,1026.2943,2.9315,0.0
51,91,1015.8964,2.9315,0.0
51,92,983.7858,2.9315,0.0
51,93,1009.123,2.9315,0.0
51,94,977.9127,2.9315,0.0
51,1,56.1946,2.9315,0.0
51,3,179.0274,2.9315,0.9865
51,4,228.8894,2.9315,0.9808
51,5,176.7743,2.9315,0.9706
51,6,133.924,2.9315,0.9868
51,7,93.6562,2.9315,0.9944
51,8,68.5141,2.9315,0.9925
51,9,47.3835,2.9315,0.9982
51,11,261.0668,2.9315,0.9684
51,12,403.3092,2.9315,0.9628
51,13,410.9788,2.9315,0.9648
51,14,333.0384,2.9315,0.9507
51,15,274.3202,2.9315,0.9947
51,16,232.8057,2.9315,0.9948
51,17,190.9724,2.9315,0.9972
51,19,361.4928,2.9315,0.9767
51,20,680.3184,2.9315,0.9831
51,21,364.2456,2.9315,1.8627
51,22,351.7089,2.9315,1.8299
51,23,344.6316,2.9315,1.9138
51,24,341.1548,2.9315,1.8269
51,25,315.1977,2.9315,1.6406
51,26,292.0345,2.9315,1.6483
51,27,278.576,2.9315,1.7149
51,28,272.2578,2.9315,1.7937
51,29,268.1748,2.9315,0.9576
51,30,253.0149,2.9315,1.9419
51,31,409.0175,2.9315,0.9601
51,32,361.6218,2.9315,0.9434
51,33,325.5439,2.9315,0.9889
51,34,298.1033,2.9315,0.9901
51,35,263.3649,2.9315,0.9974
51,37,431.948,2.9315,0.9738
51,38,827.1106,2.9315,0.9801
51,39,639.6032,2.9315,1.9153
51,40,481.4071,2.9315,1.9355
51,41,486.0786,2.9315,1.9545
51,42,453.8578,2.9315,1.942
51,43,506.2976,2.9315,1.6682
51,44,397.0742,2.9315,1.8584
51,45,371.574,2.9315,1.9003
51,46,345.2533,2.9315,1.863
51,47,333.8012,2.9315,0.9679
51,48,331.2119,2.9315,1.9539
51,49,519.382,2.9315,0.9633
51,50,472.5189,2.9315,0.9514
51,51,444.177,2.9315,0.9749
51,52,421.1871,2.9315,0.9811
51,53,385.7084,2.9315,0.9968
51,55,513.0291,2.9315,0.9909
51,56,1069.7955,2.9315,0.9797
51,57,808.6931,2.9315,1.9373
51,59,518.5062,2.9315,2.9425
51,60,507.8063,2.9315,2.9455
51,61,491.8297,2.9315,2.9413
51,62,493.8687,2.9315,2.93
51,63,474.8294,2.9315,1.8286
51,64,496.8907,2.9315,2.8732
51,65,466.9936,2.9315,2.9086
51,66,474.5058,2.9315,2.8965
51,67,443.5507,2.9315,2.9242
51,68,431.0179,2.9315,2.9282
51,69,428.1726,2.9315,2.9246
51,70,449.6202,2.9315,2.8482
51,71,414.0167,2.9315,2.9219
51,72,555.8612,2.9315,1.9254
51,73,517.4749,2.9315,1.9459
51,74,473.6285,2.9315,1.9292
51,75,477.9062,2.9315,1.8104
51,76,421.3693,2.9315,1.8858
51,77,396.7809,2.9315,1.8648
51,78,379.1885,2.9315,1.9188
51,79,362.4562,2.9315,0.9846
51,80,351.137,2.9315,1.9896
51,81,558.1581,2.9315,0.9267
51,82,511.5125,2.9315,0.9383
51,83,497.4742,2.9315,0.982
51,84,484.774,2.9315,0.9815
51,85,453.8368,2.9315,0.9954
51,87,578.0001,2.9315,0.9705
51,88,1068.1281,2.9315,0.9662
51,89,613.4893,2.9315,2.907
51,90,704.8129,2.9315,2.8844
51,91,631.0713,2.9315,2.8738
51,92,559.731,2.9315,2.8878
51,93,539.0344,2.9315,2.9095
51,94,642.1174,2.9315,1.9209
51,4,151.1215,2.9315,1.9697
51,5,148.7395,2.9315,1.9441
51,6,109.571,2.9315,1.9985
51,7,87.9958,2.9315,2.0143
51,8,60.5209,2.9315,1.9887
51,12,266.6745,2.9315,1.9496
51,13,321.9748,2.9315,1.9311
51,14,310.1284,2.9315,1.9435
51,15,270.48,2.9315,2.0102
51,16,228.1108,2.9315,1.9903
51,20,373.6423,2.9315,1.9349
51,21,360.2627,2.9315,2.8999
51,22,364.7838,2.9315,3.8675
51,23,333.7597,2.9315,2.911
51,24,252.5817,2.9315,10.619
51,25,216.7567,2.9315,9.8849
51,26,212.6969,2.9315,9.1376
51,27,248.1924,2.9315,2.9263
51,28,231.5614,2.9315,6.5458
51,31,325.9378,2.9315,1.9315
51,32,344.6189,2.9315,1.9447
51,33,317.1679,2.9315,1.9793
51,34,295.7851,2.9315,1.9812
51,38,447.75,2.9315,1.9143
51,39,432.8219,2.9315,2.8903
51,40,437.05,2.9315,3.9106
51,41,422.432,2.9315,2.9225
51,42,374.6663,2.9315,11.056
51,43,331.5119,2.9315,9.5402
51,44,313.55,2.9315,8.8895
51,45,318.4602,2.9315,2.9696
51,46,332.4291,2.9315,5.7095
51,49,420.6714,2.9315,1.9378
51,50,457.286,2.9315,1.9505
51,51,432.3357,2.9315,1.9523
51,52,417.8991,2.9315,1.9639
51,56,542.0984,2.9315,1.8467
51,57,563.2228,2.9315,2.9175
51,72,419.0873,2.9315,3.884
51,73,437.0018,2.9315,2.8988
51,74,407.1354,2.9315,10.915
51,75,370.6012,2.9315,9.8054
51,76,349.2565,2.9315,9.1527
51,77,355.1613,2.9315,2.9424
51,78,373.5016,2.9315,6.6669
51,81,450.3097,2.9315,1.9302
51,82,476.0785,2.9315,1.9356
51,83,485.9225,2.9315,1.9655
51,84,482.9144,2.9315,1.9639
51,88,596.9827,2.9315,1.8075
51,5,113.7542,2.9315,2.9128
51,6,102.5148,2.9315,2.9987
51,7,77.544,2.9315,2.9903
51,13,252.4713,2.9315,2.9146
51,14,301.9669,2.9315,2.9407
51,15,251.3243,2.9315,2.9859
51,27,221.6512,2.9315,7.7785
51,28,242.3721,2.9315,6.2918
51,31,268.0968,2.9315,2.9233
51,32,309.541,2.9315,2.9186
51,33,305.7538,2.9315,2.9709
51,49,360.0757,2.9315,2.9353
51,50,413.0024,2.9315,2.9259
51,51,417.379,2.9315,2.9315
81,1,34.044,2.942,0.9118
81,2,23.0696,2.942,0.0
81,3,489.8797,2.942,0.0
81,4,292.403,2.942,0.0
81,5,200.9621,2.942,0.0
81,6,138.0532,2.942,0.0
81,7,97.8835,2.942,0.0
81,8,74.9096,2.942,0.0
81,9,57.3189,2.942,0.0
81,10,44.4781,2.942,0.0
81,11,587.3739,2.942,0.0
81,12,463.3959,2.942,0.0
81,13,431.4299,2.942,0.0
81,14,344.6238,2.942,0.0
81,15,272.032,2.942,0.0
81,16,227.7137,2.942,0.0
81,17,187.6239,2.942,0.0
81,18,154.7419,2.942,0.0
81,19,959.7442,2.942,0.0
81,20,806.85,2.942,0.0
81,21,669.5176,2.942,0.0
81,22,649.523,2.942,0.0
81,23,596.3924,2.942,0.0
81,24,470.7581,2.942,0.0
81,25,515.5142,2.942,0.0
81,26,405.6573,2.942,0.0
81,27,431.6118,2.942,0.0
81,28,443.3798,2.942,0.0
81,29,340.7523,2.942,0.0
81,30,352.0729,2.942,0.0
81,31,415.4361,2.942,0.0
81,32,370.0955,2.942,0.0
81,33,318.7696,2.942,0.0
81,34,287.9015,2.942,0.0
81,35,253.7108,2.942,0.0
81,36,222.1354,2.942,0.0
81,37,1078.1354,2.942,0.0
81,38,961.1299,2.942,0.0
81,39,848.6422,2.942,0.0
81,40,766.6967,2.942,0.0
81,41,701.6905,2.942,0.0
81,42,545.5653,2.942,0.0
81,43,607.1105,2.942,0.0
81,44,466.1298,2.942,0.0
81,45,508.9476,2.942,0.0
81,46,473.0843,2.942,0.0
81,47,394.8051,2.942,0.0
81,48,418.1898,2.942,0.0
81,49,520.816,2.942,0.0
81,50,485.3299,2.942,0.0
81,51,436.0471,2.942,0.0
81,52,406.6647,2.942,0.0
81,53,369.8357,2.942,0.0
81,54,334.4178,2.942,0.0
81,55,1314.1925,2.942,0.0
81,56,1222.7209,2.942,0.0
81,57,1082.5707,2.942,0.0
81,58,514.6641,2.942,2.7991
81,59,1086.6848,2.942,0.0
81,60,1044.7574,2.942,0.0
81,61,1018.8963,2.942,0.0
81,62,995.0641,2.942,0.0
81,63,973.9392,2.942,0.0
81,64,773.2824,2.942,0.0
81,65,860.2991,2.942,0.0
81,66,830.9998,2.942,0.0
81,67,880.0751,2.942,0.0
81,68,861.5388,2.942,0.0
81,69,844.9151,2.942,0.0
81,70,834.6788,2.942,0.0
81,71,707.8662,2.942,0.0
81,72,701.3537,2.942,0.0
81,73,643.4657,2.942,0.0
81,74,546.183,2.942,0.0
81,75,556.5884,2.942,0.0
81,76,506.8433,2.942,0.0
81,77,466.0279,2.942,0.0
81,78,389.1856,2.942,0.0
81,79,364.4011,2.942,0.0
81,80,375.2501,2.942,0.0
81,81,536.7156,2.942,0.0
81,82,527.6596,2.942,0.0
81,83,488.2687,2.942,0.0
81,84,467.6583,2.942,0.0
81,85,433.9063,2.942,0.0
81,86,399.7356,2.942,0.0
81,87,1248.8786,2.942,0.0
81,88,1214.2011,2.942,0.0
81,89,1081.0636,2.942,0.0
81,90,980.1662,2.942,0.0
81,91,969.7018,2.942,0.0
81,92,939.223,2.942,0.0
81,93,962.1098,2.942,0.0
81,94,932.574,2.942,0.0
81,1,54.1121,2.942,0.0
81,3,170.5218,2.942,0.9865
81,4,218.3876,2.942,0.9808
81,5,169.848,2.942,0.9706
81,6,129.5334,2.942,0.9868
81,7,91.3606,2.942,0.9944
81,8,67.3849,2.942,0.9925
81,9,47.1316,2.942,0.9982
81,11,248.7497,2.942,0.9684
81,12,383.8279,2.942,0.9628
81,13,392.0185,2.942,0.9648
81,14,319.2229,2.942,0.9507
81,15,264.2073,2.942,0.9947
81,16,225.193,2.942,0.9948
81,17,185.6743,2.942,0.9972
81,19,346.4279,2.942,0.9767
81,20,646.8975,2.942,0.9831
81,21,349.6976,2.942,1.8627
81,22,337.859,2.942,1.8299
81,23,331.1074,2.942,1.9138
81,24,327.6896,2.942,1.8269
81,25,303.2493,2.942,1.6406
81,26,281.269,2.942,1.6483
81,27,268.412,2.942,1.7149
81,28,262.3055,2.942,1.7937
81,29,258.0675,2.942,0.9576
81,30,244.0416,2.942,1.9419
81,31,391.2329,2.942,0.9601
81,32,347.1306,2.942,0.9434
81,33,313.5655,2.942,0.9889
81,34,287.9969,2.942,0.9901
81,35,255.3964,2.942,0.9974
81,37,414.5157,2.942,0.9738
81,38,786.7662,2.942,0.9801
81,39,611.0884,2.942,1.9153
81,40,462.4046,2.942,1.9355
81,41,466.9543,2.942,1.9545
81,42,436.6063,2.942,1.942
81,43,485.9637,2.942,1.6682
81,44,383.0038,2.942,1.8584
81,45,358.7251,2.942,1.9003
81,46,333.6771,2.942,1.863
81,47,322.585,2.942,0.9679
81,48,320.3273,2.942,1.9539
81,49,497.8873,2.942,0.9633
81,50,454.1303,2.942,0.9514
81,51,427.8429,2.942,0.9749
81,52,406.4893,2.942,0.9811
81,53,373.2539,2.942,0.9968
81,55,492.9613,2.942,0.9909
81,56,1017.3501,2.942,0.9797
81,57,772.5069,2.942,1.9373
81,59,499.4222,2.942,2.9425
81,60,489.15,2.942,2.9455
81,61,473.8761,2.942,2.9413
81,62,475.6212,2.942,2.93
81,63,456.8593,2.942,1.8286
81,64,478.3235,2.942,2.8732
81,65,449.8247,2.942,2.9086
81,66,456.7283,2.942,2.8965
81,67,427.3935,2.942,2.9242
81,68,415.3826,2.942,2.9282
81,69,412.5627,2.942,2.9246
81,70,432.7038,2.942,2.8482
81,71,398.975,2.942,2.9219
81,72,532.8705,2.942,1.9254
81,73,497.1217,2.942,1.9459
81,74,456.0611,2.942,1.9292
81,75,459.4909,2.942,1.8104
81,76,407.1088,2.942,1.8858
81,77,383.8899,2.942,1.8648
81,78,367.2303,2.942,1.9188
81,79,351.2614,2.942,0.9846
81,80,340.7306,2.942,1.9896
81,81,536.104,2.942,0.9267
81,82,492.515,2.942,0.9383
81,83,479.6659,2.942,0.982
81,84,468.036,2.942,0.9815
81,85,439.1386,2.942,0.9954
81,87,555.3995,2.942,0.9705
81,88,1017.007,2.942,0.9662
81,89,590.6951,2.942,2.907
81,90,677.3233,2.942,2.8844
81,91,607.5322,2.942,2.8738
81,92,539.866,2.942,2.8878
81,93,520.2188,2.942,2.9095
81,94,616.7356,2.942,1.9209
81,4,145.0784,2.942,1.9697
81,5,143.2743,2.942,1.9441
81,6,106.3656,2.942,1.9985
81,7,85.9468,2.942,2.0143
81,8,59.7227,2.942,1.9887
81,12,255.194,2.942,1.9496
81,13,308.0881,2.942,1.9311
81,14,297.534,2.942,1.9435
81,15,260.4972,2.942,2.0102
81,16,220.7025,2.942,1.9903
81,20,358.4368,2.942,1.9349
81,21,346.2056,2.942,2.8999
81,22,350.6404,2.942,3.8675
81,23,321.0422,2.942,2.911
81,24,244.3195,2.942,10.619
81,25,210.303,2.942,9.8849
81,26,206.3212,2.942,9.1376
81,27,239.6026,2.942,2.9263
81,28,223.8146,2.942,6.5458
81,31,312.9041,2.942,1.9315
81,32,331.0729,2.942,1.9447
81,33,305.6561,2.942,1.9793
81,34,285.8005,2.942,1.9812
81,38,429.9551,2.942,1.9143
81,39,416.4727,2.942,2.8903
81,40,420.8795,2.942,3.9106
81,41,407.0677,2.942,2.9225
81,42,362.226,2.942,11.056
81,43,321.3971,2.942,9.5402
81,44,304.3576,2.942,8.8895
81,45,308.5623,2.942,2.9696
81,46,321.7342,2.942,5.7095
81,49,404.9097,2.942,1.9378
81,50,439.8018,2.942,1.9505
81,51,416.705,2.942,1.9523
81,52,403.4163,2.942,1.9639
81,56,521.0788,2.942,1.8467
81,57,541.609,2.942,2.9175
81,72,404.1315,2.942,3.884
81,73,421.3244,2.942,2.8988
81,74,393.6464,2.942,10.915
81,75,359.2418,2.942,9.8054
81,76,339.2369,2.942,9.1527
81,77,344.5385,2.942,2.9424
81,78,362.0493,2.942,6.6669
81,81,434.5543,2.942,1.9302
81,82,459.1651,2.942,1.9356
81,83,468.8505,2.942,1.9655
81,84,466.3582,2.942,1.9639
81,88,573.9232,2.942,1.8075
81,5,110.1523,2.942,2.9128
81,6,99.6175,2.942,2.9987
81,7,75.9304,2.942,2.9903
81,13,242.5139,2.942,2.9146
81,14,289.7071,2.942,2.9407
81,15,242.3861,2.942,2.9859
81,27,214.6371,2.942,7.7785
81,28,233.8462,2.942,6.2918
81,31,258.3342,2.942,2.9233
81,32,297.9467,2.942,2.9186
81,33,294.8707,2.942,2.9709
81,49,347.8009,2.942,2.9353
81,50,398.053,2.942,2.9259
81,51,402.6179,2.942,2.9315
81,81,389.6069,2.942,2.942
82,1,39.2018,2.9081,0.9118
82,2,26.1542,2.9081,0.0
82,3,592.3075,2.9081,0.0
82,4,346.5936,2.9081,0.0
82,5,235.1145,2.9081,0.0
82,6,159.7857,2.9081,0.0
82,7,112.3115,2.9081,0.0
82,8,85.3902,2.9081,0.0
82,9,64.9548,2.9081,0.0
82,10,50.1543,2.9081,0.0
82,11,709.0607,2.9081,0.0
82,12,551.1519,2.9081,0.0
82,13,509.9025,2.9081,0.0
82,14,403.7564,2.9081,0.0
82,15,316.1825,2.9081,0.0
82,16,263.1882,2.9081,0.0
82,17,215.6394,2.9081,0.0
82,18,176.9336,2.9081,0.0
82,19,1160.2124,2.9081,0.0
82,20,964.8298,2.9081,0.0
82,21,798.489,2.9081,0.0
82,22,772.4068,2.9081,0.0
82,23,708.0447,2.9081,0.0
82,24,558.138,2.9081,0.0
82,25,610.5295,2.9081,0.0
82,26,479.6119,2.9081,0.0
82,27,509.147,2.9081,0.0
82,28,523.9545,2.9081,0.0
82,29,402.0369,2.9081,0.0
82,30,413.7686,2.9081,0.0
82,31,489.3247,2.9081,0.0
82,32,433.0951,2.9081,0.0
82,33,370.652,2.9081,0.0
82,34,333.3205,2.9081,0.0
82,35,292.3878,2.9081,0.0
82,36,254.87,2.9081,0.0
82,37,1301.3911,2.9081,0.0
82,38,1149.3369,2.9081,0.0
82,39,1009.8313,2.9081,0.0
82,40,909.3382,2.9081,0.0
82,41,830.2965,2.9081,0.0
82,42,642.6165,2.9081,0.0
82,43,716.3526,2.9081,0.0
82,44,547.2593,2.9081,0.0
82,45,598.0023,2.9081,0.0
82,46,555.0356,2.9081,0.0
82,47,462.9202,2.9081,0.0
82,48,489.6613,2.9081,0.0
82,49,612.7955,2.9081,0.0
82,50,568.2437,2.9081,0.0
82,51,507.833,2.9081,0.0
82,52,471.9862,2.9081,0.0
82,53,427.5836,2.9081,0.0
82,54,385.1572,2.9081,0.0
82,55,1585.5821,2.9081,0.0
82,56,1463.9079,2.9081,0.0
82,57,1289.9128,2.9081,0.0
82,58,599.6974,2.9081,2.7991
82,59,1298.6324,2.9081,0.0
82,60,1247.6103,2.9081,0.0
82,61,1216.4825,2.9081,0.0
82,62,1187.833,2.9081,0.0
82,63,1162.4311,2.9081,0.0
82,64,917.3306,2.9081,0.0
82,65,1028.0579,2.9081,0.0
82,66,992.0813,2.9081,0.0
82,67,1049.218,2.9081,0.0
82,68,1027.0231,2.9081,0.0
82,69,1007.0473,2.9081,0.0
82,70,995.1198,2.9081,0.0
82,71,840.4504,2.9081,0.0
82,72,828.792,2.9081,0.0
82,73,757.8023,2.9081,0.0
82,74,641.042,2.9081,0.0
82,75,652.5688,2.9081,0.0
82,76,592.4333,2.9081,0.0
82,77,543.3358,2.9081,0.0
82,78,452.1951,2.9081,0.0
82,79,422.8231,2.9081,0.0
82,80,435.1415,2.9081,0.0
82,81,629.9484,2.9081,0.0
82,82,617.181,2.9081,0.0
82,83,568.5138,2.9081,0.0
82,84,542.9939,2.9081,0.0
82,85,502.0246,2.9081,0.0
82,86,460.9178,2.9081,0.0
82,87,1500.8218,2.9081,0.0
82,88,1449.8449,2.9081,0.0
82,89,1285.1719,2.9081,0.0
82,90,1158.722,2.9081,0.0
82,91,1148.8988,2.9081,0.0
82,92,1112.5743,2.9081,0.0
82,93,1143.403,2.9081,0.0
82,94,1107.6634,2.9081,0.0
82,1,62.853,2.9081,0.0
82,3,201.703,2.9081,0.9865
82,4,257.6239,2.9081,0.9808
82,5,198.0952,2.9081,0.9706
82,6,149.8821,2.9081,0.9868
82,7,104.7587,2.9081,0.9944
82,8,76.6634,2.9081,0.9925
82,9,53.0888,2.9081,0.9982
82,11,294.6514,2.9081,0.9684
82,12,455.2629,2.9081,0.9628
82,13,462.542,2.9081,0.9648
82,14,373.4529,2.9081,0.9507
82,15,306.9694,2.9081,0.9947
82,16,260.2857,2.9081,0.9948
82,17,213.4044,2.9081,0.9972
82,19,407.6191,2.9081,0.9767
82,20,772.3,2.9081,0.9831
82,21,409.1716,2.9081,1.8627
82,22,395.1139,2.9081,1.8299
82,23,387.2267,2.9081,1.9138
82,24,383.5023,2.9081,1.8269
82,25,353.6294,2.9081,1.6406
82,26,327.5382,2.9081,1.6483
82,27,312.4971,2.9081,1.7149
82,28,305.4707,2.9081,1.7937
82,29,301.3661,2.9081,0.9576
82,30,283.5532,2.9081,1.9419
82,31,460.0238,2.9081,0.9601
82,32,405.533,2.9081,0.9434
82,33,364.4441,2.9081,0.9889
82,34,333.4424,2.9081,0.9901
82,35,294.3914,2.9081,0.9974
82,37,486.8363,2.9081,0.9738
82,38,939.4922,2.9081,0.9801
82,39,722.4614,2.9081,1.9153
82,40,541.0462,2.9081,1.9355
82,41,546.3988,2.9081,1.9545
82,42,509.9907,2.9081,1.942
82,43,570.3551,2.9081,1.6682
82,44,445.5869,2.9081,1.8584
82,45,417.0362,2.9081,1.9003
82,46,387.5029,2.9081,1.863
82,47,374.7963,2.9081,0.9679
82,48,371.2868,2.9081,1.9539
82,49,584.735,2.9081,0.9633
82,50,530.5501,2.9081,0.9514
82,51,497.9006,2.9081,0.9749
82,52,471.6875,2.9081,0.9811
82,53,431.5739,2.9081,0.9968
82,55,576.82,2.9081,0.9909
82,56,1216.7162,2.9081,0.9797
82,57,913.9175,2.9081,1.9373
82,59,581.7276,2.9081,2.9425
82,60,569.7217,2.9081,2.9455
82,61,551.7587,2.9081,2.9413
82,62,554.2264,2.9081,2.93
82,63,533.5962,2.9081,1.8286
82,64,557.6072,2.9081,2.8732
82,65,523.97,2.9081,2.9086
82,66,532.7377,2.9081,2.8965
82,67,497.5158,2.9081,2.9242
82,68,483.4088,2.9081,2.9282
82,69,480.2439,2.9081,2.9246
82,70,504.4145,2.9081,2.8482
82,71,464.2697,2.9081,2.9219
82,72,625.7708,2.9081,1.9254
82,73,581.8345,2.9081,1.9459
82,74,531.9028,2.9081,1.9292
82,75,537.4151,2.9081,1.8104
82,76,472.4506,2.9081,1.8858
82,77,444.8385,2.9081,1.8648
82,78,425.1239,2.9081,1.9188
82,79,406.5281,2.9081,0.9846
82,80,393.3591,2.9081,1.9896
82,81,628.4522,2.9081,0.9267
82,82,574.442,2.9081,0.9383
82,83,557.9166,2.9081,0.982
82,84,543.2242,2.9081,0.9815
82,85,508.0886,2.9081,0.9954
82,87,649.7225,2.9081,0.9705
82,88,1212.5054,2.9081,0.9662
82,89,688.2431,2.9081,2.907
82,90,792.5242,2.9081,2.8844
82,91,709.3647,2.9081,2.8738
82,92,628.1627,2.9081,2.8878
82,93,604.7739,2.9081,2.9095
82,94,723.7419,2.9081,1.9209
82,4,169.2036,2.9081,1.9697
82,5,166.5821,2.9081,1.9441
82,6,122.5321,2.9081,1.9985
82,7,98.4421,2.9081,2.0143
82,8,67.767,2.9081,1.9887
82,12,299.2984,2.9081,1.9496
82,13,361.5162,2.9081,1.9311
82,14,347.6124,2.9081,1.9435
82,15,302.759,2.9081,2.0102
82,16,255.0496,2.9081,1.9903
82,20,419.8573,2.9081,1.9349
82,21,404.2011,2.9081,2.8999
82,22,409.2513,2.9081,3.8675
82,23,374.6218,2.9081,2.911
82,24,283.2023,2.9081,10.619
82,25,242.835,2.9081,9.8849
82,26,238.3322,2.9081,9.1376
82,27,278.4951,2.9081,2.9263
82,28,259.7061,2.9081,6.5458
82,31,365.6931,2.9081,1.9315
82,32,386.3229,2.9081,1.9447
82,33,355.0035,2.9081,1.9793
82,34,330.8502,2.9081,1.9812
82,38,503.1891,2.9081,1.9143
82,39,485.4008,2.9081,2.8903
82,40,489.8962,2.9081,3.9106
82,41,473.7746,2.9081,2.9225
82,42,419.8126,2.9081,11.056
82,43,371.2264,2.9081,9.5402
82,44,351.0719,2.9081,8.8895
82,45,357.0662,2.9081,2.9696
82,46,372.7868,2.9081,5.7095
82,49,472.3277,2.9081,1.9378
82,50,513.2219,2.9081,1.9505
82,51,484.4645,2.9081,1.9523
82,52,467.9467,2.9081,1.9639
82,56,608.9586,2.9081,1.8467
82,57,631.8289,2.9081,2.9175
82,72,469.4958,2.9081,3.884
82,73,490.0685,2.9081,2.8988
82,74,456.1284,2.9081,10.915
82,75,414.9709,2.9081,9.8054
82,76,390.8937,2.9081,9.1527
82,77,398.0429,2.9081,2.9424
82,78,418.5282,2.9081,6.6669
82,81,505.377,2.9081,1.9302
82,82,534.0827,2.9081,1.9356
82,83,544.6976,2.9081,1.9655
82,84,541.0239,2.9081,1.9639
82,88,670.4694,2.9081,1.8075
82,5,127.1338,2.9081,2.9128
82,6,114.6932,2.9081,2.9987
82,7,86.8061,2.9081,2.9903
82,13,282.6647,2.9081,2.9146
82,14,338.6601,2.9081,2.9407
82,15,281.1375,2.9081,2.9859
82,27,248.471,2.9081,7.7785
82,28,272.2302,2.9081,6.2918
82,31,300.1272,2.9081,2.9233
82,32,346.6758,2.9081,2.9186
82,33,342.1276,2.9081,2.9709
82,49,403.4644,2.9081,2.9353
82,50,462.9834,2.9081,2.9259
82,51,467.5067,2.9081,2.9315
82,81,451.1674,2.9081,2.942
82,82,524.184,2.9081,2.9081
83,1,39.7438,2.95,0.9118
83,2,26.6278,2.95,0.0
83,3,583.2198,2.95,0.0
83,4,346.2383,2.95,0.0
83,5,236.62,2.95,0.0
83,6,161.5922,2.95,0.0
83,7,113.9364,2.95,0.0
83,8,86.7914,2.95,0.0
83,9,66.1131,2.95,0.0
83,10,51.0961,2.95,0.0
83,11,698.7686,2.95,0.0
83,12,549.1966,2.95,0.0
83,13,510.1646,2.95,0.0
83,14,406.0593,2.95,0.0
83,15,319.2724,2.95,0.0
83,16,266.3909,2.95,0.0
83,17,218.7208,2.95,0.0
83,18,179.756,2.95,0.0
83,19,1140.9307,2.95,0.0
83,20,957.0936,2.95,0.0
83,21,793.6209,2.95,0.0
83,22,769.0396,2.95,0.0
83,23,705.6853,2.95,0.0
83,24,556.3538,2.95,0.0
83,25,609.3943,2.95,0.0
83,26,478.8606,2.95,0.0
83,27,509.4485,2.95,0.0
83,28,523.7216,2.95,0.0
83,29,401.8607,2.95,0.0
83,30,414.921,2.95,0.0
83,31,490.2801,2.95,0.0
83,32,435.666,2.95,0.0
83,33,374.1139,2.95,0.0
83,34,337.0911,2.95,0.0
83,35,296.2504,2.95,0.0
83,36,258.6489,2.95,0.0
83,37,1280.7871,2.95,0.0
83,38,1139.7642,2.95,0.0
83,39,1004.8393,2.95,0.0
83,40,906.7257,2.95,0.0
83,41,829.0262,2.95,0.0
83,42,643.0649,2.95,0.0
83,43,716.2664,2.95,0.0
83,44,548.5041,2.95,0.0
83,45,599.3763,2.95,0.0
83,46,556.7487,2.95,0.0
83,47,464.0717,2.95,0.0
83,48,491.6555,2.95,0.0
83,49,613.7787,2.95,0.0
83,50,571.0158,2.95,0.0
83,51,511.8706,2.95,0.0
83,52,476.5808,2.95,0.0
83,53,432.5265,2.95,0.0
83,54,390.2393,2.95,0.0
83,55,1560.8728,2.95,0.0
83,56,1450.1356,2.95,0.0
83,57,1282.13,2.95,0.0
83,58,604.1023,2.95,2.7991
83,59,1287.8172,2.95,0.0
83,60,1237.8955,2.95,0.0
83,61,1207.1956,2.95,0.0
83,62,1178.9199,2.95,0.0
83,63,1153.8573,2.95,0.0
83,64,913.9523,2.95,0.0
83,65,1018.7768,2.95,0.0
83,66,983.7902,2.95,0.0
83,67,1042.3525,2.95,0.0
83,68,1020.3958,2.95,0.0
83,69,1000.6811,2.95,0.0
83,70,988.6765,2.95,0.0
83,71,837.1409,2.95,0.0
83,72,828.3636,2.95,0.0
83,73,758.9121,2.95,0.0
83,74,642.9298,2.95,0.0
83,75,654.9853,2.95,0.0
83,76,595.5885,2.95,0.0
83,77,546.9244,2.95,0.0
83,78,455.7373,2.95,0.0
83,79,426.3352,2.95,0.0
83,80,439.0441,2.95,0.0
83,81,631.4178,2.95,0.0
83,82,620.1792,2.95,0.0
83,83,572.8443,2.95,0.0
83,84,547.9751,2.95,0.0
83,85,507.5258,2.95,0.0
83,86,466.6804,2.95,0.0
83,87,1481.5226,2.95,0.0
83,88,1438.7553,2.95,0.0
83,89,1279.2885,2.95,0.0
83,90,1157.4185,2.95,0.0
83,91,1145.6007,2.95,0.0
83,92,1109.4582,2.95,0.0
83,93,1137.6821,2.95,0.0
83,94,1102.5605,2.95,0.0
83,1,63.4976,2.95,0.0
83,3,201.7042,2.95,0.9865
83,4,257.9955,2.95,0.9808
83,5,199.6369,2.95,0.9706
83,6,151.5488,2.95,0.9868
83,7,106.2696,2.95,0.9944
83,8,77.9528,2.95,0.9925
83,9,54.1197,2.95,0.9982
83,11,294.2073,2.95,0.9684
83,12,454.328,2.95,0.9628
83,13,463.2133,2.95,0.9648
83,14,375.8478,2.95,0.9507
83,15,310.0046,2.95,0.9947
83,16,263.4327,2.95,0.9948
83,17,216.4408,2.95,0.9972
83,19,408.0824,2.95,0.9767
83,20,766.3809,2.95,0.9831
83,21,411.3369,2.95,1.8627
83,22,397.2538,2.95,1.8299
83,23,389.2837,2.95,1.9138
83,24,385.3409,2.95,1.8269
83,25,356.1642,2.95,1.6406
83,26,330.0977,2.95,1.6483
83,27,314.9283,2.95,1.7149
83,28,307.7839,2.95,1.7937
83,29,303.0894,2.95,0.9576
83,30,286.1115,2.95,1.9419
83,31,461.3882,2.95,0.9601
83,32,408.3015,2.95,0.9434
83,33,367.9163,2.95,0.9889
83,34,337.2018,2.95,0.9901
83,35,298.2495,2.95,0.9974
83,37,487.8113,2.95,0.9738
83,38,931.8633,2.95,0.9801
83,39,721.3882,2.95,1.9153
83,40,543.7314,2.95,1.9355
83,41,549.0417,2.95,1.9545
83,42,512.862,2.95,1.942
83,43,571.7958,2.95,1.6682
83,44,449.0481,2.95,1.8584
83,45,420.3354,2.95,1.9003
83,46,390.6999,2.95,1.863
83,47,377.7464,2.95,0.9679
83,48,374.8687,2.95,1.9539
83,49,586.3425,2.95,0.9633
83,50,533.7812,2.95,0.9514
83,51,502.0601,2.95,0.9749
83,52,476.3335,2.95,0.9811
83,53,436.5534,2.95,0.9968
83,55,579.5093,2.95,0.9909
83,56,1205.2309,2.95,0.9797
83,57,912.0597,2.95,1.9373
83,59,586.0972,2.95,2.9425
83,60,574.0159,2.95,2.9455
83,61,555.9973,2.95,2.9413
83,62,558.2314,2.95,2.93
83,63,536.6052,2.95,1.8286
83,64,561.5696,2.95,2.8732
83,65,527.8827,2.95,2.9086
83,66,536.2698,2.95,2.8965
83,67,501.4295,2.95,2.9242
83,68,487.2828,2.95,2.9282
83,69,484.0388,2.95,2.9246
83,70,508.0972,2.95,2.8482
83,71,468.0488,2.95,2.9219
83,72,627.4941,2.95,1.9254
83,73,584.51,2.95,1.9459
83,74,535.3435,2.95,1.9292
83,75,539.969,2.95,1.8104
83,76,476.7436,2.95,1.8858
83,77,449.125,2.95,1.8648
83,78,429.3508,2.95,1.9188
83,79,410.5084,2.95,0.9846
83,80,397.8225,2.95,1.9896
83,81,630.5078,2.95,0.9267
83,82,578.1795,2.95,0.9383
83,83,562.5087,2.95,0.982
83,84,548.3431,2.95,0.9815
83,85,513.675,2.95,0.9954
83,87,652.8924,2.95,0.9705
83,88,1203.7016,2.95,0.9662
83,89,693.3775,2.95,2.907
83,90,796.21,2.95,2.8844
83,91,713.2877,2.95,2.8738
83,92,632.9884,2.95,2.8878
83,93,609.6938,2.95,2.9095
83,94,725.3752,2.95,1.9209
83,4,170.6122,2.95,1.9697
83,5,168.1026,2.95,1.9441
83,6,124.1305,2.95,1.9985
83,7,99.8902,2.95,2.0143
83,8,68.9389,2.95,1.9887
83,12,300.8277,2.95,1.9496
83,13,363.1985,2.95,1.9311
83,14,350.0833,2.95,1.9435
83,15,305.6669,2.95,2.0102
83,16,258.1402,2.95,1.9903
83,20,421.852,2.95,1.9349
83,21,406.9281,2.95,2.8999
83,22,412.0673,2.95,3.8675
83,23,377.1177,2.95,2.911
83,24,285.8831,2.95,10.619
83,25,245.5607,2.95,9.8849
83,26,240.9506,2.95,9.1376
83,27,280.7602,2.95,2.9263
83,28,262.0399,2.95,6.5458
83,31,368.0353,2.95,1.9315
83,32,389.1922,2.95,1.9447
83,33,358.5042,2.95,1.9793
83,34,334.5957,2.95,1.9812
83,38,505.6763,2.95,1.9143
83,39,489.0684,2.95,2.8903
83,40,493.9544,2.95,3.9106
83,41,477.548,2.95,2.9225
83,42,423.9671,2.95,11.056
83,43,375.4533,2.95,9.5402
83,44,355.2503,2.95,8.8895
83,45,360.6434,2.95,2.9696
83,46,376.3349,2.95,5.7095
83,49,475.4403,2.95,1.9378
83,50,516.6741,2.95,1.9505
83,51,488.7637,2.95,1.9523
83,52,472.6478,2.95,1.9639
83,56,612.3963,2.95,1.8467
83,57,636.2925,2.95,2.9175
83,72,473.8404,2.95,3.884
83,73,494.0945,2.95,2.8988
83,74,460.7147,2.95,10.915
83,75,419.7015,2.95,9.8054
83,76,395.7738,2.95,9.1527
83,77,402.3454,2.95,2.9424
83,78,423.0171,2.95,6.6669
83,81,509.3407,2.95,1.9302
83,82,538.3769,2.95,1.9356
83,83,549.5487,2.95,1.9655
83,84,546.2745,2.95,1.9639
83,88,674.4162,2.95,1.8075
83,5,128.7589,2.95,2.9128
83,6,116.179,2.95,2.9987
83,7,88.1027,2.95,2.9903
83,13,285.089,2.95,2.9146
83,14,340.8827,2.95,2.9407
83,15,284.1318,2.95,2.9859
83,27,250.9655,2.95,7.7785
83,28,274.1459,2.95,6.2918
83,31,303.0357,2.95,2.9233
83,32,349.7673,2.95,2.9186
83,33,345.675,2.95,2.9709
83,49,407.3563,2.95,2.9353
83,50,466.917,2.95,2.9259
83,51,471.9635,2.95,2.9315
83,81,455.7544,2.95,2.942
83,82,528.7649,2.95,2.9081
83,83,533.881,2.95,2.95
5,1,9.2092,4.5856,0.9118
5,2,6.3181,4.5856,0.0
5,3,120.6628,4.5856,0.0
5,4,75.1311,4.5856,0.0
5,5,52.9606,4.5856,0.0
5,6,37.0042,4.5856,0.0
5,7,26.5083,4.5856,0.0
5,8,20.3998,4.5856,0.0
5,9,15.6578,4.5856,0.0
5,10,12.1608,4.5856,0.0
5,11,145.002,4.5856,0.0
5,12,118.0748,4.5856,0.0
5,13,111.4377,4.5856,0.0
5,14,90.574,4.5856,0.0
5,15,72.5145,4.5856,0.0
5,16,61.2184,4.5856,0.0
5,17,50.8102,4.5856,0.0
5,18,42.1324,4.5856,0.0
5,19,236.1802,4.5856,0.0
5,20,203.0679,4.5856,0.0
5,21,169.4186,4.5856,0.0
5,22,165.2912,4.5856,0.0
5,23,152.25,4.5856,0.0
5,24,120.3278,4.5856,0.0
5,25,132.1984,4.5856,0.0
5,26,104.199,4.5856,0.0
5,27,111.5063,4.5856,0.0
5,28,114.1506,4.5856,0.0
5,29,87.8052,4.5856,0.0
5,30,91.5728,4.5856,0.0
5,31,107.8705,4.5856,0.0
5,32,97.349,4.5856,0.0
5,33,84.8298,4.5856,0.0
5,34,77.1533,4.5856,0.0
5,35,68.4416,4.5856,0.0
5,36,60.2544,4.5856,0.0
5,37,266.1018,4.5856,0.0
5,38,241.8504,4.5856,0.0
5,39,215.7263,4.5856,0.0
5,40,196.1543,4.5856,0.0
5,41,180.3042,4.5856,0.0
5,42,141.2522,4.5856,0.0
5,43,156.7256,4.5856,0.0
5,44,121.2876,4.5856,0.0
5,45,132.3281,4.5856,0.0
5,46,123.2913,4.5856,0.0
5,47,102.7753,4.5856,0.0
5,48,109.2887,4.5856,0.0
5,49,135.0814,4.5856,0.0
5,50,127.1521,4.5856,0.0
5,51,115.4018,4.5856,0.0
5,52,108.2922,4.5856,0.0
5,53,99.1109,4.5856,0.0
5,54,90.1296,4.5856,0.0
5,55,324.9872,4.5856,0.0
5,56,306.9686,4.5856,0.0
5,57,274.4932,4.5856,0.0
5,58,136.0287,4.5856,2.7991
5,59,273.5743,4.5856,0.0
5,60,263.3886,4.5856,0.0
5,61,256.9654,4.5856,0.0
5,62,251.0346,4.5856,0.0
5,63,245.7832,4.5856,0.0
5,64,197.4553,4.5856,0.0
5,65,216.4708,4.5856,0.0
5,66,209.536,4.5856,0.0
5,67,222.587,4.5856,0.0
5,68,217.9416,4.5856,0.0
5,69,213.8101,4.5856,0.0
5,70,211.1076,4.5856,0.0
5,71,180.4856,4.5856,0.0
5,72,180.7434,4.5856,0.0
5,73,166.8741,4.5856,0.0
5,74,142.414,4.5856,0.0
5,75,145.4248,4.5856,0.0
5,76,133.1038,4.5856,0.0
5,77,122.8762,4.5856,0.0
5,78,103.0421,4.5856,0.0
5,79,96.613,4.5856,0.0
5,80,99.6561,4.5856,0.0
5,81,139.6481,4.5856,0.0
5,82,138.2841,4.5856,0.0
5,83,129.0834,4.5856,0.0
5,84,124.2802,4.5856,0.0
5,85,116.0097,4.5856,0.0
5,86,107.4421,4.5856,0.0
5,87,311.3222,4.5856,0.0
5,88,306.5067,4.5856,0.0
5,89,275.2171,4.5856,0.0
5,90,252.1649,4.5856,0.0
5,91,248.2156,4.5856,0.0
5,92,240.4492,4.5856,0.0
5,93,244.5726,4.5856,0.0
5,94,237.3277,4.5856,0.0
5,1,14.4541,4.5856,0.0
5,3,43.9746,4.5856,0.9865
5,4,56.6527,4.5856,0.9808
5,5,44.9888,4.5856,0.9706
5,6,34.7226,4.5856,0.9868
5,7,24.7525,4.5856,0.9944
5,8,18.3831,4.5856,0.9925
5,9,12.9291,4.5856,0.9982
5,11,63.8123,4.5856,0.9684
5,12,98.3724,4.5856,0.9628
5,13,101.5889,4.5856,0.9648
5,14,84.1158,4.5856,0.9507
5,15,70.4629,4.5856,0.9947
5,16,60.5255,4.5856,0.9948
5,17,50.2708,4.5856,0.9972
5,19,89.8569,4.5856,0.9767
5,20,163.3534,4.5856,0.9831
5,21,91.7951,4.5856,1.8627
5,22,88.7389,4.5856,1.8299
5,23,86.9264,4.5856,1.9138
5,24,85.8806,4.5856,1.8269
5,25,80.0375,4.5856,1.6406
5,26,74.393,4.5856,1.6483
5,27,70.9871,4.5856,1.7149
5,28,69.3194,4.5856,1.7937
5,29,67.7835,4.5856,0.9576
5,30,64.7798,4.5856,1.9419
5,31,101.9223,4.5856,0.9601
5,32,91.5895,4.5856,0.9434
5,33,83.5023,4.5856,0.9889
5,34,77.17,4.5856,0.9901
5,35,68.8714,4.5856,0.9974
5,37,107.8668,4.5856,0.9738
5,38,198.566,4.5856,0.9801
5,39,157.3598,4.5856,1.9153
5,40,121.3842,4.5856,1.9355
5,41,122.5075,4.5856,1.9545
5,42,114.8462,4.5856,1.942
5,43,126.6571,4.5856,1.6682
5,44,101.3825,4.5856,1.8584
5,45,94.9987,4.5856,1.9003
5,46,88.4515,4.5856,1.863
5,47,85.3773,4.5856,0.9679
5,48,85.2274,4.5856,1.9539
5,49,129.5979,4.5856,0.9633
5,50,119.4559,4.5856,0.9514
5,51,113.3867,4.5856,0.9749
5,52,108.2898,4.5856,0.9811
5,53,100.021,4.5856,0.9968
5,55,129.4461,4.5856,0.9909
5,56,256.0547,4.5856,0.9797
5,57,198.7197,4.5856,1.9373
5,59,132.0706,4.5856,2.9425
5,60,129.3614,4.5856,2.9455
5,61,125.3807,4.5856,2.9413
5,62,125.6675,4.5856,2.93
5,63,120.0875,4.5856,1.8286
5,64,126.3205,4.5856,2.8732
5,65,118.9198,4.5856,2.9086
5,66,120.4474,4.5856,2.8965
5,67,113.1311,4.5856,2.9242
5,68,110.0016,4.5856,2.9282
5,69,109.2144,4.5856,2.9246
5,70,114.3083,4.5856,2.8482
5,71,105.6965,4.5856,2.9219
5,72,138.9431,4.5856,1.9254
5,73,130.3755,4.5856,1.9459
5,74,120.302,4.5856,1.9292
5,75,120.5408,4.5856,1.8104
5,76,108.2446,4.5856,1.8858
5,77,102.2436,4.5856,1.8648
5,78,97.8898,4.5856,1.9188
5,79,93.5748,4.5856,0.9846
5,80,91.193,4.5856,1.9896
5,81,139.8637,4.5856,0.9267
5,82,129.7527,4.5856,0.9383
5,83,127.0629,4.5856,0.982
5,84,124.4851,4.5856,0.9815
5,85,117.4266,4.5856,0.9954
5,87,145.9399,4.5856,0.9705
5,88,257.5846,4.5856,0.9662
5,89,156.1808,4.5856,2.907
5,90,177.6375,4.5856,2.8844
5,91,159.8452,4.5856,2.8738
5,92,142.8451,4.5856,2.8878
5,93,137.8226,4.5856,2.9095
5,94,160.5488,4.5856,1.9209
5,4,38.4745,4.5856,1.9697
5,5,38.1398,4.5856,1.9441
5,6,28.6763,4.5856,1.9985
5,7,23.29,4.5856,2.0143
5,8,16.2987,4.5856,1.9887
5,12,66.8696,4.5856,1.9496
5,13,80.7005,4.5856,1.9311
5,14,78.5835,4.5856,1.9435
5,15,69.4115,4.5856,2.0102
5,16,59.3239,4.5856,1.9903
5,20,93.9194,4.5856,1.9349
5,21,91.3072,4.5856,2.8999
5,22,92.5154,4.5856,3.8675
5,23,84.657,4.5856,2.911
5,24,65.0349,4.5856,10.619
5,25,56.2921,4.5856,9.8849
5,26,55.1698,4.5856,9.1376
5,27,63.4543,4.5856,2.9263
5,28,59.4247,4.5856,6.5458
5,31,82.4447,4.5856,1.9315
5,32,87.5282,4.5856,1.9447
5,33,81.4896,4.5856,1.9793
5,34,76.5939,4.5856,1.9812
5,38,112.8093,4.5856,1.9143
5,39,110.1737,4.5856,2.8903
5,40,111.608,4.5856,3.9106
5,41,107.8711,4.5856,2.9225
5,42,96.603,4.5856,11.056
5,43,86.1276,4.5856,9.5402
5,44,81.6853,4.5856,8.8895
5,45,82.2887,4.5856,2.9696
5,46,85.6281,4.5856,5.7095
5,49,106.6946,4.5856,1.9378
5,50,115.9286,4.5856,1.9505
5,51,110.6276,4.5856,1.9523
5,52,107.5434,4.5856,1.9639
5,56,137.125,4.5856,1.8467
5,57,143.1068,4.5856,2.9175
5,72,107.5053,4.5856,3.884
5,73,111.7577,4.5856,2.8988
5,74,105.035,4.5856,10.915
5,75,96.2759,4.5856,9.8054
5,76,91.2325,4.5856,9.1527
5,77,92.1458,4.5856,2.9424
5,78,96.7591,4.5856,6.6669
5,81,114.9901,4.5856,1.9302
5,82,121.56,4.5856,1.9356
5,83,124.4711,4.5856,1.9655
5,84,124.1567,4.5856,1.9639
5,88,151.1796,4.5856,1.8075
5,5,29.6804,4.5856,2.9128
5,6,26.8506,4.5856,2.9987
5,7,20.5886,4.5856,2.9903
5,13,64.3332,4.5856,2.9146
5,14,76.4038,4.5856,2.9407
5,15,64.8127,4.5856,2.9859
5,27,57.1987,4.5856,7.7785
5,28,61.6974,4.5856,6.2918
5,31,68.7935,4.5856,2.9233
5,32,79.1656,4.5856,2.9186
5,33,78.7478,4.5856,2.9709
5,49,92.5355,4.5856,2.9353
5,50,105.5295,4.5856,2.9259
5,51,107.12,4.5856,2.9315
5,81,103.8543,4.5856,2.942
5,82,119.7071,4.5856,2.9081
5,83,121.2957,4.5856,2.95
5,5,28.0315,4.5856,4.5856
6,1,7.3662,3.9844,0.9118
6,2,5.2567,3.9844,0.0
6,3,87.8183,3.9844,0.0
6,4,56.4662,3.9844,0.0
6,5,40.8962,3.9844,0.0
6,6,29.283,3.9844,0.0
6,7,21.4199,3.9844,0.0
6,8,16.7544,3.9844,0.0
6,9,13.0546,3.9844,0.0
6,10,10.2716,3.9844,0.0
6,11,105.9248,3.9844,0.0
6,12,88.262,3.9844,0.0
6,13,84.3073,3.9844,0.0
6,14,69.7224,3.9844,0.0
6,15,56.7852,3.9844,0.0
6,16,48.5681,3.9844,0.0
6,17,40.8516,3.9844,0.0
6,18,34.305,3.9844,0.0
6,19,172.9685,3.9844,0.0
6,20,150.8203,3.9844,0.0
6,21,126.3491,3.9844,0.0
6,22,124.0013,3.9844,0.0
6,23,114.587,3.9844,0.0
6,24,91.0233,3.9844,0.0
6,25,99.9768,3.9844,0.0
6,26,79.263,3.9844,0.0
6,27,84.9547,3.9844,0.0
6,28,86.6601,3.9844,0.0
6,29,67.0823,3.9844,0.0
6,30,70.282,3.9844,0.0
6,31,82.3248,3.9844,0.0
6,32,75.2076,3.9844,0.0
6,33,66.4147,3.9844,0.0
6,34,60.9913,3.9844,0.0
6,35,54.6824,3.9844,0.0
6,36,48.65,3.9844,0.0
6,37,195.5996,3.9844,0.0
6,38,179.8395,3.9844,0.0
6,39,161.7738,3.9844,0.0
6,40,148.0069,3.9844,0.0
6,41,136.705,3.9844,0.0
6,42,108.2356,3.9844,0.0
6,43,119.5995,3.9844,0.0
6,44,93.6269,3.9844,0.0
6,45,101.8194,3.9844,0.0
6,46,95.1612,3.9844,0.0
6,47,79.6657,3.9844,0.0
6,48,84.7139,3.9844,0.0
6,49,103.6198,3.9844,0.0
6,50,98.3431,3.9844,0.0
6,51,90.1797,3.9844,0.0
6,52,85.2343,3.9844,0.0
6,53,78.6686,3.9844,0.0
6,54,72.1617,3.9844,0.0
6,55,239.2442,3.9844,0.0
6,56,228.0556,3.9844,0.0
6,57,205.5407,3.9844,0.0
6,58,106.3035,3.9844,2.7991
6,59,204.0039,3.9844,0.0
6,60,196.6165,3.9844,0.0
6,61,191.8733,3.9844,0.0
6,62,187.4818,3.9844,0.0
6,63,183.594,3.9844,0.0
6,64,149.2918,3.9844,0.0
6,65,161.9091,3.9844,0.0
6,66,156.9831,3.9844,0.0
6,67,166.538,3.9844,0.0
6,68,163.0702,3.9844,0.0
6,69,160.0071,3.9844,0.0
6,70,157.889,3.9844,0.0
6,71,136.0882,3.9844,0.0
6,72,137.2924,3.9844,0.0
6,73,127.6207,3.9844,0.0
6,74,109.8377,3.9844,0.0
6,75,112.3274,3.9844,0.0
6,76,103.4616,3.9844,0.0
6,77,96.0333,3.9844,0.0
6,78,81.2363,3.9844,0.0
6,79,76.4282,3.9844,0.0
6,80,78.85,3.9844,0.0
6,81,107.8976,3.9844,0.0
6,82,107.3665,3.9844,0.0
6,83,101.0571,3.9844,0.0
6,84,97.8332,3.9844,0.0
6,85,91.999,3.9844,0.0
6,86,85.8432,3.9844,0.0
6,87,230.7554,3.9844,0.0
6,88,228.822,3.9844,0.0
6,89,206.9466,3.9844,0.0
6,90,191.6443,3.9844,0.0
6,91,188.0965,3.9844,0.0
6,92,182.3009,3.9844,0.0
6,93,184.3778,3.9844,0.0
6,94,179.0837,3.9844,0.0
6,1,11.3299,3.9844,0.0
6,3,33.2158,3.9844,0.9865
6,4,43.062,3.9844,0.9808
6,5,34.999,3.9844,0.9706
6,6,27.5206,3.9844,0.9868
6,7,20.0468,3.9844,0.9944
6,8,15.1751,3.9844,0.9925
6,9,10.9391,3.9844,0.9982
6,11,48.1622,3.9844,0.9684
6,12,74.0028,3.9844,0.9628
6,13,77.1362,3.9844,0.9648
6,14,64.9672,3.9844,0.9507
6,15,55.2375,3.9844,0.9947
6,16,48.0221,3.9844,0.9948
6,17,40.4209,3.9844,0.9972
6,19,69.0434,3.9844,0.9767
6,20,122.0707,3.9844,0.9831
6,21,71.0854,3.9844,1.8627
6,22,68.8297,3.9844,1.8299
6,23,67.4383,3.9844,1.9138
6,24,66.5568,3.9844,1.8269
6,25,62.3931,3.9844,1.6406
6,26,58.1776,3.9844,1.6483
6,27,55.5654,3.9844,1.7149
6,28,54.2397,3.9844,1.7937
6,29,52.7984,3.9844,0.9576
6,30,50.8856,3.9844,1.9419
6,31,78.0505,3.9844,0.9601
6,32,71.0143,3.9844,0.9434
6,33,65.4414,3.9844,0.9889
6,34,61.0041,3.9844,0.9901
6,35,55.0029,3.9844,0.9974
6,37,83.2418,3.9844,0.9738
6,38,148.5141,3.9844,0.9801
6,39,119.7654,3.9844,1.9153
6,40,94.1173,3.9844,1.9355
6,41,95.0009,3.9844,1.9545
6,42,89.4229,3.9844,1.942
6,43,97.8417,3.9844,1.6682
6,44,79.575,3.9844,1.8584
6,45,74.7287,3.9844,1.9003
6,46,69.773,3.9844,1.863
6,47,67.307,3.9844,0.9679
6,48,67.4028,3.9844,1.9539
6,49,99.7522,3.9844,0.9633
6,50,92.8021,3.9844,0.9514
6,51,88.7434,3.9844,0.9749
6,52,85.2657,3.9844,0.9811
6,53,79.3716,3.9844,0.9968
6,55,100.4742,3.9844,0.9909
6,56,191.2494,3.9844,0.9797
6,57,151.1411,3.9844,1.9373
6,59,103.2933,3.9844,2.9425
6,60,101.1917,3.9844,2.9455
6,61,98.1467,3.9844,2.9413
6,62,98.227,3.9844,2.93
6,63,93.5193,3.9844,1.8286
6,64,98.6213,3.9844,2.8732
6,65,93.007,3.9844,2.9086
6,66,93.9771,3.9844,2.8965
6,67,88.5822,3.9844,2.9242
6,68,86.1743,3.9844,2.9282
6,69,85.5107,3.9844,2.9246
6,70,89.1915,3.9844,2.8482
6,71,82.7986,3.9844,2.9219
6,72,107.0183,3.9844,1.9254
6,73,101.1019,3.9844,1.9459
6,74,93.9601,3.9844,1.9292
6,75,93.6672,3.9844,1.8104
6,76,85.3925,3.9844,1.8858
6,77,80.9552,3.9844,1.8648
6,78,77.6997,3.9844,1.9188
6,79,74.3763,3.9844,0.9846
6,80,72.7832,3.9844,1.9896
6,81,108.2417,3.9844,0.9267
6,82,101.2882,3.9844,0.9383
6,83,99.6679,3.9844,0.982
6,84,98.0575,3.9844,0.9815
6,85,93.1069,3.9844,0.9954
6,87,113.3031,3.9844,0.9705
6,88,193.3777,3.9844,0.9662
6,89,122.0402,3.9844,2.907
6,90,137.8768,3.9844,2.8844
6,91,124.7098,3.9844,2.8738
6,92,112.098,3.9844,2.8878
6,93,108.3454,3.9844,2.9095
6,94,124.1824,3.9844,1.9209
6,4,29.8819,3.9844,1.9697
6,5,29.8916,3.9844,1.9441
6,6,22.9517,3.9844,1.9985
6,7,18.9172,3.9844,2.0143
6,8,13.5525,3.9844,1.9887
6,12,51.3525,3.9844,1.9496
6,13,61.961,3.9844,1.9311
6,14,60.8687,3.9844,1.9435
6,15,54.3941,3.9844,2.0102
6,16,47.0943,3.9844,1.9903
6,20,72.5524,3.9844,1.9349
6,21,70.967,3.9844,2.8999
6,22,71.9595,3.9844,3.8675
6,23,65.9473,3.9844,2.911
6,24,51.461,3.9844,10.619
6,25,44.9179,3.9844,9.8849
6,26,43.9902,3.9844,9.1376
6,27,49.9148,3.9844,2.9263
6,28,46.9071,3.9844,6.5458
6,31,63.9117,3.9844,1.9315
6,32,68.0343,3.9844,1.9447
6,33,63.9621,3.9844,1.9793
6,34,60.5723,3.9844,1.9812
6,38,87.3891,3.9844,1.9143
6,39,85.9668,3.9844,2.8903
6,40,87.3116,3.9844,3.9106
6,41,84.5041,3.9844,2.9225
6,42,76.3869,3.9844,11.056
6,43,68.6237,3.9844,9.5402
6,44,65.2905,3.9844,8.8895
6,45,65.3949,3.9844,2.9696
6,46,67.8363,3.9844,5.7095
6,49,83.227,3.9844,1.9378
6,50,90.2683,3.9844,1.9505
6,51,86.7574,3.9844,1.9523
6,52,84.7425,3.9844,1.9639
6,56,106.58,3.9844,1.8467
6,57,111.4633,3.9844,2.9175
6,72,84.4451,3.9844,3.884
6,73,87.6809,3.9844,2.8988
6,74,83.0805,3.9844,10.915
6,75,76.6867,3.9844,9.8054
6,76,73.0666,3.9844,9.1527
6,77,73.4853,3.9844,2.9424
6,78,77.0124,3.9844,6.6669
6,81,90.3467,3.9844,1.9302
6,82,95.3973,3.9844,1.9356
6,83,97.8517,3.9844,1.9655
6,84,97.8817,3.9844,1.9639
6,88,117.5821,3.9844,1.8075
6,5,23.621,3.9844,2.9128
6,6,21.5377,3.9844,2.9987
6,7,16.8169,3.9844,2.9903
6,13,50.0397,3.9844,2.9146
6,14,59.1583,3.9844,2.9407
6,15,51.0048,3.9844,2.9859
6,27,45.3891,3.9844,7.7785
6,28,48.4149,3.9844,6.2918
6,31,53.9617,3.9844,2.9233
6,32,61.9038,3.9844,2.9186
6,33,61.9438,3.9844,2.9709
6,49,72.9703,3.9844,2.9353
6,50,82.717,3.9844,2.9259
6,51,84.2177,3.9844,2.9315
6,81,82.2825,3.9844,2.942
6,82,94.1315,3.9844,2.9081
6,83,95.6018,3.9844,2.95
6,5,22.3797,3.9844,4.5856
6,6,18.2067,3.9844,3.9844
14,1,21.0064,3.8677,0.9118
14,2,13.8547,3.8677,0.0
14,3,308.7953,3.8677,0.0
14,4,184.2566,3.8677,0.0
14,5,125.7764,3.8677,0.0
14,6,85.5223,3.8677,0.0
14,7,59.9319,3.8677,0.0
14,8,45.3688,3.8677,0.0
14,9,34.3187,3.8677,0.0
14,10,26.3358,3.8677,0.0
14,11,369.7717,3.8677,0.0
14,12,291.8716,3.8677,0.0
14,13,271.3202,3.8677,0.0
14,14,215.8998,3.8677,0.0
14,15,169.4356,3.8677,0.0
14,16,140.9955,3.8677,0.0
14,17,115.3542,3.8677,0.0
14,18,94.4027,3.8677,0.0
14,19,602.2116,3.8677,0.0
14,20,507.2703,3.8677,0.0
14,21,420.8895,3.8677,0.0
14,22,407.816,3.8677,0.0
14,23,374.2069,3.8677,0.0
14,24,294.5037,3.8677,0.0
14,25,323.0948,3.8677,0.0
14,26,253.3965,3.8677,0.0
14,27,270.0881,3.8677,0.0
14,28,277.6794,3.8677,0.0
14,29,212.5281,3.8677,0.0
14,30,219.887,3.8677,0.0
14,31,260.3091,3.8677,0.0
14,32,231.3302,3.8677,0.0
14,33,198.4079,3.8677,0.0
14,34,178.4799,3.8677,0.0
14,35,156.4781,3.8677,0.0
14,36,136.2102,3.8677,0.0
14,37,675.8635,3.8677,0.0
14,38,603.7134,3.8677,0.0
14,39,532.6876,3.8677,0.0
14,40,480.7318,3.8677,0.0
14,41,439.4281,3.8677,0.0
14,42,340.3478,3.8677,0.0
14,43,379.3148,3.8677,0.0
14,44,289.9361,3.8677,0.0
14,45,317.2064,3.8677,0.0
14,46,294.522,3.8677,0.0
14,47,244.8685,3.8677,0.0
14,48,259.8815,3.8677,0.0
14,49,324.9345,3.8677,0.0
14,50,302.4879,3.8677,0.0
14,51,271.0387,3.8677,0.0
14,52,252.1604,3.8677,0.0
14,53,228.537,3.8677,0.0
14,54,205.8095,3.8677,0.0
14,55,823.8201,3.8677,0.0
14,56,767.6095,3.8677,0.0
14,57,679.3502,3.8677,0.0
14,58,319.6854,3.8677,2.7991
14,59,681.4251,3.8677,0.0
14,60,655.1209,3.8677,0.0
14,61,638.9063,3.8677,0.0
14,62,623.9763,3.8677,0.0
14,63,610.7486,3.8677,0.0
14,64,483.6888,3.8677,0.0
14,65,538.2012,3.8677,0.0
14,66,519.8201,3.8677,0.0
14,67,551.8787,3.8677,0.0
14,68,540.2901,3.8677,0.0
14,69,529.8922,3.8677,0.0
14,70,523.5513,3.8677,0.0
14,71,443.295,3.8677,0.0
14,72,439.2791,3.8677,0.0
14,73,402.3253,3.8677,0.0
14,74,340.312,3.8677,0.0
14,75,346.7667,3.8677,0.0
14,76,315.0876,3.8677,0.0
14,77,289.097,3.8677,0.0
14,78,240.3103,3.8677,0.0
14,79,224.5609,3.8677,0.0
14,80,231.41,3.8677,0.0
14,81,333.6081,3.8677,0.0
14,82,327.9673,3.8677,0.0
14,83,302.903,3.8677,0.0
14,84,289.6447,3.8677,0.0
14,85,268.0024,3.8677,0.0
14,86,246.0855,3.8677,0.0
14,87,782.4574,3.8677,0.0
14,88,761.8362,3.8677,0.0
14,89,677.8043,3.8677,0.0
14,90,613.1574,3.8677,0.0
14,91,606.322,3.8677,0.0
14,92,587.1009,3.8677,0.0
14,93,601.6779,3.8677,0.0
14,94,583.1471,3.8677,0.0
14,1,33.7126,3.8677,0.0
14,3,107.2721,3.8677,0.9865
14,4,137.1783,3.8677,0.9808
14,5,105.9826,3.8677,0.9706
14,6,80.1427,3.8677,0.9868
14,7,55.8394,3.8677,0.9944
14,8,40.6635,3.8677,0.9925
14,9,27.9086,3.8677,0.9982
14,11,156.1545,3.8677,0.9684
14,12,241.3903,3.8677,0.9628
14,13,246.3013,3.8677,0.9648
14,14,199.753,3.8677,0.9507
14,15,164.4669,3.8677,0.9947
14,16,139.4086,3.8677,0.9948
14,17,114.1358,3.8677,0.9972
14,19,215.8797,3.8677,0.9767
14,20,405.6765,3.8677,0.9831
14,21,217.9628,3.8677,1.8627
14,22,210.3904,3.8677,1.8299
14,23,206.1062,3.8677,1.9138
14,24,203.9633,3.8677,1.8269
14,25,188.5834,3.8677,1.6406
14,26,174.6758,3.8677,1.6483
14,27,166.5674,3.8677,1.7149
14,28,162.7632,3.8677,1.7937
14,29,160.1946,3.8677,0.9576
14,30,151.3141,3.8677,1.9419
14,31,244.9446,3.8677,0.9601
14,32,216.7246,3.8677,0.9434
14,33,195.0844,3.8677,0.9889
14,34,178.5302,3.8677,0.9901
14,35,157.5423,3.8677,0.9974
14,37,257.902,3.8677,0.9738
14,38,492.9574,3.8677,0.9801
14,39,382.0537,3.8677,1.9153
14,40,287.9444,3.8677,1.9355
14,41,290.6641,3.8677,1.9545
14,42,271.296,3.8677,1.942
14,43,302.3644,3.8677,1.6682
14,44,237.2798,3.8677,1.8584
14,45,221.91,3.8677,1.9003
14,46,206.0675,3.8677,1.863
14,47,199.1553,3.8677,0.9679
14,48,197.7904,3.8677,1.9539
14,49,310.4122,3.8677,0.9633
14,50,282.6684,3.8677,0.9514
14,51,265.8053,3.8677,0.9749
14,52,252.0272,3.8677,0.9811
14,53,230.6872,3.8677,0.9968
14,55,306.7839,3.8677,0.9909
14,56,637.1516,3.8677,0.9797
14,57,482.9601,3.8677,1.9373
14,59,310.1096,3.8677,2.9425
14,60,303.6993,3.8677,2.9455
14,61,294.1261,3.8677,2.9413
14,62,295.3345,3.8677,2.93
14,63,283.7443,3.8677,1.8286
14,64,297.2065,3.8677,2.8732
14,65,279.2705,3.8677,2.9086
14,66,283.7221,3.8677,2.8965
14,67,265.2733,3.8677,2.9242
14,68,257.779,3.8677,2.9282
14,69,256.089,3.8677,2.9246
14,70,269.0182,3.8677,2.8482
14,71,247.6499,3.8677,2.9219
14,72,332.3458,3.8677,1.9254
14,73,309.3879,3.8677,1.9459
14,74,283.1217,3.8677,1.9292
14,75,285.5672,3.8677,1.8104
14,76,251.7856,3.8677,1.8858
14,77,236.9427,3.8677,1.8648
14,78,226.3141,3.8677,1.9188
14,79,216.1705,3.8677,0.9846
14,80,209.486,3.8677,1.9896
14,81,333.2692,3.8677,0.9267
14,82,305.6761,3.8677,0.9383
14,83,297.4219,3.8677,0.982
14,84,289.8561,3.8677,0.9815
14,85,271.2916,3.8677,0.9954
14,87,345.6972,3.8677,0.9705
14,88,636.7053,3.8677,0.9662
14,89,367.0047,3.8677,2.907
14,90,421.2601,3.8677,2.8844
14,91,376.9828,3.8677,2.8738
14,92,334.4442,3.8677,2.8878
14,93,322.0437,3.8677,2.9095
14,94,383.1338,3.8677,1.9209
14,4,90.6956,3.8677,1.9697
14,5,89.119,3.8677,1.9441
14,6,65.4879,3.8677,1.9985
14,7,52.4136,3.8677,2.0143
14,8,35.8247,3.8677,1.9887
14,12,159.9115,3.8677,1.9496
14,13,193.0534,3.8677,1.9311
14,14,185.9996,3.8677,1.9435
14,15,162.1289,3.8677,2.0102
14,16,136.5758,3.8677,1.9903
14,20,223.6162,3.8677,1.9349
14,21,215.7027,3.8677,2.8999
14,22,218.3896,3.8677,3.8675
14,23,199.6661,3.8677,2.911
14,24,150.8344,3.8677,10.619
14,25,129.3324,3.8677,9.8849
14,26,126.8932,3.8677,9.1376
14,27,148.2259,3.8677,2.9263
14,28,138.2635,3.8677,6.5458
14,31,195.2461,3.8677,1.9315
14,32,206.5206,3.8677,1.9447
14,33,190.0483,3.8677,1.9793
14,34,177.1287,3.8677,1.9812
14,38,267.8525,3.8677,1.9143
14,39,259.1062,3.8677,2.8903
14,40,261.6469,3.8677,3.9106
14,41,252.7061,3.8677,2.9225
14,42,223.9586,3.8677,11.056
14,43,197.9963,3.8677,9.5402
14,44,187.1659,3.8677,8.8895
14,45,190.0213,3.8677,2.9696
14,46,198.4222,3.8677,5.7095
14,49,251.4716,3.8677,1.9378
14,50,273.5628,3.8677,1.9505
14,51,258.714,3.8677,1.9523
14,52,250.0579,3.8677,1.9639
14,56,324.2955,3.8677,1.8467
14,57,337.2225,3.8677,2.9175
14,72,250.8445,3.8677,3.884
14,73,261.3808,3.8677,2.8988
14,74,243.3863,3.8677,10.915
14,75,221.3716,3.8677,9.8054
14,76,208.4942,3.8677,9.1527
14,77,211.8881,3.8677,2.9424
14,78,222.9268,3.8677,6.6669
14,81,268.9609,3.8677,1.9302
14,82,284.5181,3.8677,1.9356
14,83,290.5376,3.8677,1.9655
14,84,288.7638,3.8677,1.9639
14,88,357.1817,3.8677,1.8075
14,5,68.1106,3.8677,2.9128
14,6,61.2169,3.8677,2.9987
14,7,46.1031,3.8677,2.9903
14,13,151.4603,3.8677,2.9146
14,14,181.0237,3.8677,2.9407
14,15,150.6308,3.8677,2.9859
14,27,132.2884,3.8677,7.7785
14,28,144.6644,3.8677,6.2918
14,31,160.6091,3.8677,2.9233
14,32,185.4774,3.8677,2.9186
14,33,183.1915,3.8677,2.9709
14,49,215.2424,3.8677,2.9353
14,50,247.0572,3.8677,2.9259
14,51,249.7552,3.8677,2.9315
14,81,240.4518,3.8677,2.942
14,82,279.4395,3.8677,2.9081
14,83,282.2078,3.8677,2.95
14,5,64.1083,3.8677,4.5856
14,6,50.2053,3.8677,3.9844
14,14,149.7734,3.8677,3.8677
32,1,23.1784,3.8972,0.9118
32,2,15.4801,3.8972,0.0
32,3,330.5666,3.8972,0.0
32,4,199.4034,3.8972,0.0
32,5,137.2617,3.8972,0.0
32,6,94.0357,3.8972,0.0
32,7,66.3293,3.8972,0.0
32,8,50.4741,3.8972,0.0
32,9,38.3697,3.8972,0.0
32,10,29.574,3.8972,0.0
32,11,396.2431,3.8972,0.0
32,12,315.272,3.8972,0.0
32,13,294.197,3.8972,0.0
32,14,235.3944,3.8972,0.0
32,15,185.7226,3.8972,0.0
32,16,155.1691,3.8972,0.0
32,17,127.4785,3.8972,0.0
32,18,104.7412,3.8972,0.0
32,19,645.2973,3.8972,0.0
32,20,546.4784,3.8972,0.0
32,21,454.0771,3.8972,0.0
32,22,440.7662,3.8972,0.0
32,23,404.8543,3.8972,0.0
32,24,319.0075,3.8972,0.0
32,25,350.0882,3.8972,0.0
32,26,274.9614,3.8972,0.0
32,27,293.3577,3.8972,0.0
32,28,301.2669,3.8972,0.0
32,29,230.9258,3.8972,0.0
32,30,239.3959,3.8972,0.0
32,31,282.9469,3.8972,0.0
32,32,252.4591,3.8972,0.0
32,33,217.4476,3.8972,0.0
32,34,196.1962,3.8972,0.0
32,35,172.5823,3.8972,0.0
32,36,150.726,3.8972,0.0
32,37,724.9394,3.8972,0.0
32,38,650.4849,3.8972,0.0
32,39,575.5731,3.8972,0.0
32,40,520.4592,3.8972,0.0
32,41,476.4489,3.8972,0.0
32,42,370.1677,3.8972,0.0
32,43,412.0594,3.8972,0.0
32,44,316.0442,3.8972,0.0
32,45,345.5051,3.8972,0.0
32,46,321.1117,3.8972,0.0
32,47,267.2135,3.8972,0.0
32,48,283.7237,3.8972,0.0
32,49,353.6035,3.8972,0.0
32,50,330.1301,3.8972,0.0
32,51,296.8145,3.8972,0.0
32,52,276.7786,3.8972,0.0
32,53,251.5229,3.8972,0.0
32,54,227.1324,3.8972,0.0
32,55,883.9799,3.8972,0.0
32,56,826.6644,3.8972,0.0
32,57,733.5714,3.8972,0.0
32,58,350.0197,3.8972,2.7991
32,59,734.6883,3.8972,0.0
32,60,706.5967,3.8972,0.0
32,61,689.179,3.8972,0.0
32,62,673.1287,3.8972,0.0
32,63,658.9099,3.8972,0.0
32,64,523.7968,3.8972,0.0
32,65,580.561,3.8972,0.0
32,66,561.0491,3.8972,0.0
32,67,595.7532,3.8972,0.0
32,68,583.2649,3.8972,0.0
32,69,572.0834,3.8972,0.0
32,70,565.1383,3.8972,0.0
32,71,479.7277,3.8972,0.0
32,72,476.6268,3.8972,0.0
32,73,437.4673,3.8972,0.0
32,74,370.9397,3.8972,0.0
32,75,378.1949,3.8972,0.0
32,76,344.3352,3.8972,0.0
32,77,316.4776,3.8972,0.0
32,78,263.7482,3.8972,0.0
32,79,246.7174,3.8972,0.0
32,80,254.302,3.8972,0.0
32,81,363.748,3.8972,0.0
32,82,358.2779,3.8972,0.0
32,83,331.8378,3.8972,0.0
32,84,317.893,3.8972,0.0
32,85,294.8476,3.8972,0.0
32,86,271.3855,3.8972,0.0
32,87,841.4502,3.8972,0.0
32,88,821.7173,3.8972,0.0
32,89,732.8985,3.8972,0.0
32,90,665.2638,3.8972,0.0
32,91,657.0913,3.8972,0.0
32,92,636.3459,3.8972,0.0
32,93,650.9057,3.8972,0.0
32,94,631.0647,3.8972,0.0
32,1,36.9664,3.8972,0.0
32,3,116.2577,3.8972,0.9865
32,4,148.9411,3.8972,0.9808
32,5,115.9145,3.8972,0.9706
32,6,88.1532,3.8972,0.9868
32,7,61.8399,3.8972,0.9944
32,8,45.3141,3.8972,0.9925
32,9,31.3603,3.8972,0.9982
32,11,169.1405,3.8972,0.9684
32,12,261.2272,3.8972,0.9628
32,13,267.3616,3.8972,0.9648
32,14,218.0074,3.8972,0.9507
32,15,180.3305,3.8972,0.9947
32,16,153.4225,3.8972,0.9948
32,17,126.1326,3.8972,0.9972
32,19,234.9742,3.8972,0.9767
32,20,437.6779,3.8972,0.9831
32,21,237.9706,3.8972,1.8627
32,22,229.8053,3.8972,1.8299
32,23,225.1326,3.8972,1.9138
32,24,222.7038,3.8972,1.8269
32,25,206.3483,3.8972,1.6406
32,26,191.3189,3.8972,1.6483
32,27,182.4798,3.8972,1.7149
32,28,178.2858,3.8972,1.7937
32,29,175.1844,3.8972,0.9576
32,30,165.9764,3.8972,1.9419
32,31,266.535,3.8972,0.9601
32,32,236.7867,3.8972,0.9434
32,33,213.8707,3.8972,0.9889
32,34,196.2489,3.8972,0.9901
32,35,173.7316,3.8972,0.9974
32,37,281.0734,3.8972,0.9738
32,38,531.8762,3.8972,0.9801
32,39,414.6203,3.8972,1.9153
32,40,314.4398,3.8972,1.9355
32,41,317.4077,3.8972,1.9545
32,42,296.625,3.8972,1.942
32,43,329.6696,3.8972,1.6682
32,44,260.1176,3.8972,1.8584
32,45,243.4182,3.8972,1.9003
32,46,226.2274,3.8972,1.863
32,47,218.5854,3.8972,0.9679
32,48,217.376,3.8972,1.9539
32,49,338.1831,3.8972,0.9633
32,50,308.9411,3.8972,0.9514
32,51,291.2302,3.8972,0.9749
32,52,276.6685,3.8972,0.9811
32,53,253.8712,3.8972,0.9968
32,55,335.0524,3.8972,0.9909
32,56,686.9957,3.8972,0.9797
32,57,523.9575,3.8972,1.9373
32,59,339.6203,3.8972,2.9425
32,60,332.6173,3.8972,2.9455
32,61,322.2035,3.8972,2.9413
32,62,323.3676,3.8972,2.93
32,63,310.255,3.8972,1.8286
32,64,325.3103,3.8972,2.8732
32,65,305.8457,3.8972,2.9086
32,66,310.4631,3.8972,2.8965
32,67,290.6346,3.8972,2.9242
32,68,282.4712,3.8972,2.9282
32,69,280.5719,3.8972,2.9246
32,70,294.4333,3.8972,2.8482
32,71,271.3793,3.8972,2.9219
32,72,362.1217,3.8972,1.9254
32,73,337.8356,3.8972,1.9459
32,74,309.8655,3.8972,1.9292
32,75,311.9987,3.8972,1.8104
32,76,276.4784,3.8972,1.8858
32,77,260.4704,3.8972,1.8648
32,78,248.972,3.8972,1.9188
32,79,237.8926,3.8972,0.9846
32,80,230.8926,3.8972,1.9896
32,81,363.6185,3.8972,0.9267
32,82,334.5302,3.8972,0.9383
32,83,326.0484,3.8972,0.982
32,84,318.1991,3.8972,0.9815
32,85,298.4552,3.8972,0.9954
32,87,377.5956,3.8972,0.9705
32,88,687.7017,3.8972,0.9662
32,89,401.8327,3.8972,2.907
32,90,460.1149,3.8972,2.8844
32,91,412.3899,3.8972,2.8738
32,92,366.6111,3.8972,2.8878
32,93,353.2213,3.8972,2.9095
32,94,417.8488,3.8972,1.9209
32,4,99.17,3.8972,1.9697
32,5,97.688,3.8972,1.9441
32,6,72.2595,3.8972,1.9985
32,7,58.0974,3.8972,2.0143
32,8,40.0132,3.8972,1.9887
32,12,174.2312,3.8972,1.9496
32,13,210.2972,3.8972,1.9311
32,14,203.1783,3.8972,1.9435
32,15,177.7373,3.8972,2.0102
32,16,150.3278,3.8972,1.9903
32,20,243.959,3.8972,1.9349
32,21,235.8103,3.8972,2.8999
32,22,238.8007,3.8972,3.8675
32,23,218.4003,3.8972,2.911
32,24,165.7746,3.8972,10.619
32,25,142.5295,3.8972,9.8849
32,26,139.8068,3.8972,9.1376
32,27,162.6068,3.8972,2.9263
32,28,151.8497,3.8972,6.5458
32,31,213.2887,3.8972,1.9315
32,32,225.8139,3.8972,1.9447
32,33,208.45,3.8972,1.9793
32,34,194.7306,3.8972,1.9812
32,38,292.4289,3.8972,1.9143
32,39,283.5949,3.8972,2.8903
32,40,286.62,3.8972,3.9106
32,41,276.8993,3.8972,2.9225
32,42,246.1182,3.8972,11.056
32,43,218.1156,3.8972,9.5402
32,44,206.3914,3.8972,8.8895
32,45,209.1152,3.8972,2.9696
32,46,218.153,3.8972,5.7095
32,49,275.1658,3.8972,1.9378
32,50,299.2117,3.8972,1.9505
32,51,283.6451,3.8972,1.9523
32,52,274.5751,3.8972,1.9639
32,56,354.4023,3.8972,1.8467
32,57,368.8682,3.8972,2.9175
32,72,275.1466,3.8972,3.884
32,73,286.5355,3.8972,2.8988
32,74,267.5021,3.8972,10.915
32,75,243.8471,3.8972,9.8054
32,76,230.0687,3.8972,9.1527
32,77,233.4445,3.8972,2.9424
32,78,245.474,3.8972,6.6669
32,81,294.9427,3.8972,1.9302
32,82,311.9266,3.8972,1.9356
32,83,318.7416,3.8972,1.9655
32,84,317.0936,3.8972,1.9639
32,88,390.4281,3.8972,1.8075
32,5,75.0316,3.8972,2.9128
32,6,67.5854,3.8972,2.9987
32,7,51.1874,3.8972,2.9903
32,13,165.6908,3.8972,2.9146
32,14,197.6946,3.8972,2.9407
32,15,165.3571,3.8972,2.9859
32,27,145.5291,3.8972,7.7785
32,28,158.5536,3.8972,6.2918
32,31,176.1294,3.8972,2.9233
32,32,203.1922,3.8972,2.9186
32,33,201.0683,3.8972,2.9709
32,49,236.3761,3.8972,2.9353
32,50,270.8052,3.8972,2.9259
32,51,274.0484,3.8972,2.9315
32,81,264.4224,3.8972,2.942
32,82,306.5747,3.8972,2.9081
32,83,309.8748,3.8972,2.95
32,5,70.6917,3.8972,4.5856
32,6,55.6857,3.8972,3.9844
32,14,164.1811,3.8972,3.8677
32,32,180.2912,3.8972,3.8972
50,1,31.602,3.9123,0.9118
50,2,21.2154,3.9123,0.0
50,3,455.9199,3.9123,0.0
50,4,273.0046,3.9123,0.0
50,5,187.3808,3.9123,0.0
50,6,128.3113,3.9123,0.0
50,7,90.6184,3.9123,0.0
50,8,69.0939,3.9123,0.0
50,9,52.6661,3.9123,0.0
50,10,40.7195,3.9123,0.0
50,11,546.5096,3.9123,0.0
50,12,432.3765,3.9123,0.0
50,13,402.6252,3.9123,0.0
50,14,321.4363,3.9123,0.0
50,15,253.3166,3.9123,0.0
50,16,211.6318,3.9123,0.0
50,17,173.9517,3.9123,0.0
50,18,143.0794,3.9123,0.0
50,19,891.2091,3.9123,0.0
50,20,751.4576,3.9123,0.0
50,21,623.8277,3.9123,0.0
50,22,605.1321,3.9123,0.0
50,23,555.62,3.9123,0.0
50,24,438.0628,3.9123,0.0
50,25,480.2245,3.9123,0.0
50,26,377.4064,3.9123,0.0
50,27,402.0434,3.9123,0.0
50,28,413.0565,3.9123,0.0
50,29,316.9274,3.9123,0.0
50,30,327.8656,3.9123,0.0
50,31,387.2413,3.9123,0.0
50,32,344.9065,3.9123,0.0
50,33,296.7505,3.9123,0.0
50,34,267.6724,3.9123,0.0
50,35,235.4797,3.9123,0.0
50,36,205.7618,3.9123,0.0
50,37,1000.9319,3.9123,0.0
50,38,894.7056,3.9123,0.0
50,39,790.3938,3.9123,0.0
50,40,714.0953,3.9123,0.0
50,41,653.4187,3.9123,0.0
50,42,507.4919,3.9123,0.0
50,43,565.0031,3.9123,0.0
50,44,433.2544,3.9123,0.0
50,45,473.4591,3.9123,0.0
50,46,439.9855,3.9123,0.0
50,47,366.5943,3.9123,0.0
50,48,388.7621,3.9123,0.0
50,49,484.6532,3.9123,0.0
50,50,451.7578,3.9123,0.0
50,51,405.6849,3.9123,0.0
50,52,378.0963,3.9123,0.0
50,53,343.4912,3.9123,0.0
50,54,310.1806,3.9123,0.0
50,55,1220.0459,3.9123,0.0
50,56,1137.6146,3.9123,0.0
50,57,1007.8507,3.9123,0.0
50,58,478.5981,3.9123,2.7991
50,59,1010.924,3.9123,0.0
50,60,972.0426,3.9123,0.0
50,61,948.0215,3.9123,0.0
50,62,925.8883,3.9123,0.0
50,63,906.274,3.9123,0.0
50,64,719.4208,3.9123,0.0
50,65,799.4055,3.9123,0.0
50,66,772.2715,3.9123,0.0
50,67,819.1008,3.9123,0.0
50,68,801.8905,3.9123,0.0
50,69,786.4597,3.9123,0.0
50,70,776.9549,3.9123,0.0
50,71,658.8708,3.9123,0.0
50,72,653.2934,3.9123,0.0
50,73,599.2111,3.9123,0.0
50,74,508.0568,3.9123,0.0
50,75,517.8162,3.9123,0.0
50,76,471.2941,3.9123,0.0
50,77,433.0981,3.9123,0.0
50,78,361.1221,3.9123,0.0
50,79,337.9078,3.9123,0.0
50,80,348.1233,3.9123,0.0
50,81,498.769,3.9123,0.0
50,82,490.6231,3.9123,0.0
50,83,453.9039,3.9123,0.0
50,84,434.5851,3.9123,0.0
50,85,402.9083,3.9123,0.0
50,86,370.7947,3.9123,0.0
50,87,1159.9029,3.9123,0.0
50,88,1129.8719,3.9123,0.0
50,89,1006.4862,3.9123,0.0
50,90,912.4622,3.9123,0.0
50,91,902.1993,3.9123,0.0
50,92,873.7655,3.9123,0.0
50,93,894.8104,3.9123,0.0
50,94,867.3914,3.9123,0.0
50,1,50.394,3.9123,0.0
50,3,159.1376,3.9123,0.9865
50,4,203.7227,3.9123,0.9808
50,5,158.2137,3.9123,0.9706
50,6,120.319,3.9123,0.9868
50,7,84.5138,3.9123,0.9944
50,8,62.0665,3.9123,0.9925
50,9,43.1432,3.9123,0.9982
50,11,231.9019,3.9123,0.9684
50,12,358.0089,3.9123,0.9628
50,13,365.7711,3.9123,0.9648
50,14,297.6403,3.9123,0.9507
50,15,245.9773,3.9123,0.9947
50,16,209.2713,3.9123,0.9948
50,17,172.1318,3.9123,0.9972
50,19,322.1273,3.9123,0.9767
50,20,601.8691,3.9123,0.9831
50,21,325.5023,3.9123,1.8627
50,22,314.3804,3.9123,1.8299
50,23,308.052,3.9123,1.9138
50,24,304.8385,3.9123,1.8269
50,25,282.1503,3.9123,1.6406
50,26,261.5954,3.9123,1.6483
50,27,249.5667,3.9123,1.7149
50,28,243.8751,3.9123,1.7937
50,29,239.8928,3.9123,0.9576
50,30,226.8951,3.9123,1.9419
50,31,364.6366,3.9123,0.9601
50,32,323.4073,3.9123,0.9434
50,33,291.8644,3.9123,0.9889
50,34,267.7542,3.9123,0.9901
50,35,237.0549,3.9123,0.9974
50,37,385.2516,3.9123,0.9738
50,38,731.6257,3.9123,0.9801
50,39,568.6159,3.9123,1.9153
50,40,430.1818,3.9123,1.9355
50,41,434.3422,3.9123,1.9545
50,42,405.9028,3.9123,1.942
50,43,451.7317,3.9123,1.6682
50,44,355.8286,3.9123,1.8584
50,45,333.0973,3.9123,1.9003
50,46,309.6665,3.9123,1.863
50,47,299.3318,3.9123,0.9679
50,48,297.3658,3.9123,1.9539
50,49,463.2993,3.9123,0.9633
50,50,422.595,3.9123,0.9514
50,51,398.0011,3.9123,0.9749
50,52,377.925,3.9123,0.9811
50,53,346.6856,3.9123,0.9968
50,55,458.394,3.9123,0.9909
50,56,945.5274,3.9123,0.9797
50,57,718.677,3.9123,1.9373
50,59,464.3765,3.9123,2.9425
50,60,454.8102,3.9123,2.9455
50,61,440.5691,3.9123,2.9413
50,62,442.2254,3.9123,2.93
50,63,424.6928,3.9123,1.8286
50,64,444.8426,3.9123,2.8732
50,65,418.2405,3.9123,2.9086
50,66,424.6821,3.9123,2.8965
50,67,397.3735,3.9123,2.9242
50,68,386.1954,3.9123,2.9282
50,69,383.6007,3.9123,2.9246
50,70,402.5361,3.9123,2.8482
50,71,370.9807,3.9123,2.9219
50,72,495.8235,3.9123,1.9254
50,73,462.3439,3.9123,1.9459
50,74,423.9005,3.9123,1.9292
50,75,427.1388,3.9123,1.8104
50,76,378.0575,3.9123,1.8858
50,77,356.2581,3.9123,1.8648
50,78,340.6257,3.9123,1.9188
50,79,325.6411,3.9123,0.9846
50,80,315.8629,3.9123,1.9896
50,81,498.3275,3.9123,0.9267
50,82,457.834,3.9123,0.9383
50,83,445.8726,3.9123,0.982
50,84,434.9405,3.9123,0.9815
50,85,407.8002,3.9123,0.9954
50,87,516.5085,3.9123,0.9705
50,88,945.5414,3.9123,0.9662
50,89,549.3659,3.9123,2.907
50,90,629.8247,3.9123,2.8844
50,91,564.5129,3.9123,2.8738
50,92,501.5645,3.9123,2.8878
50,93,483.2284,3.9123,2.9095
50,94,572.9675,3.9123,1.9209
50,4,135.2605,3.9123,1.9697
50,5,133.3214,3.9123,1.9441
50,6,98.654,3.9123,1.9985
50,7,79.4522,3.9123,2.0143
50,8,54.9005,3.9123,1.9887
50,12,238.0549,3.9123,1.9496
50,13,287.3337,3.9123,1.9311
50,14,277.3459,3.9123,1.9435
50,15,242.494,3.9123,2.0102
50,16,205.0687,3.9123,1.9903
50,20,333.7206,3.9123,1.9349
50,21,322.2908,3.9123,2.8999
50,22,326.3851,3.9123,3.8675
50,23,298.6591,3.9123,2.911
50,24,226.7483,3.9123,10.619
50,25,194.9556,3.9123,9.8849
50,26,191.2703,3.9123,9.1376
50,27,222.5235,3.9123,2.9263
50,28,207.7855,3.9123,6.5458
50,31,291.4396,3.9123,1.9315
50,32,308.3757,3.9123,1.9447
50,33,284.4506,3.9123,1.9793
50,34,265.6909,3.9123,1.9812
50,38,400.065,3.9123,1.9143
50,39,387.5181,3.9123,2.8903
50,40,391.5532,3.9123,3.9106
50,41,378.4693,3.9123,2.9225
50,42,336.3592,3.9123,11.056
50,43,298.1122,3.9123,9.5402
50,44,282.148,3.9123,8.8895
50,45,286.1251,3.9123,2.9696
50,46,298.495,3.9123,5.7095
50,49,376.5051,3.9123,1.9378
50,50,409.2008,3.9123,1.9505
50,51,387.5752,3.9123,1.9523
50,52,375.0423,3.9123,1.9639
50,56,484.6892,3.9123,1.8467
50,57,504.029,3.9123,2.9175
50,72,375.8148,3.9123,3.884
50,73,391.6387,3.9123,2.8988
50,74,365.5482,3.9123,10.915
50,75,333.25,3.9123,9.8054
50,76,314.4361,3.9123,9.1527
50,77,319.3501,3.9123,2.9424
50,78,335.7488,3.9123,6.6669
50,81,403.6231,3.9123,1.9302
50,82,426.6919,3.9123,1.9356
50,83,435.7692,3.9123,1.9655
50,84,433.3703,3.9123,1.9639
50,88,533.8514,3.9123,1.8075
50,5,102.3247,3.9123,2.9128
50,6,92.326,3.9123,2.9987
50,7,70.08,3.9123,2.9903
50,13,226.0504,3.9123,2.9146
50,14,269.9679,3.9123,2.9407
50,15,225.5418,3.9123,2.9859
50,27,199.1182,3.9123,7.7785
50,28,217.1392,3.9123,6.2918
50,31,240.4178,3.9123,2.9233
50,32,277.3717,3.9123,2.9186
50,33,274.3493,3.9123,2.9709
50,49,323.1509,3.9123,2.9353
50,50,370.1674,3.9123,2.9259
50,51,374.3929,3.9123,2.9315
50,81,361.6355,3.9123,2.942
50,82,419.2433,3.9123,2.9081
50,83,423.532,3.9123,2.95
50,5,96.4179,3.9123,4.5856
50,6,76.081,3.9123,3.9844
50,14,223.9283,3.9123,3.8677
50,32,245.9922,3.9123,3.8972
50,50,336.102,3.9123,3.9123
82,1,36.7836,3.9098,0.9118
82,2,24.7926,3.9098,0.0
82,3,531.2245,3.9098,0.0
82,4,317.3206,3.9098,0.0
82,5,217.7973,3.9098,0.0
82,6,149.2968,3.9098,0.0
82,7,105.603,3.9098,0.0
82,8,80.6444,3.9098,0.0
82,9,61.5737,3.9098,0.0
82,10,47.6844,3.9098,0.0
82,11,636.8215,3.9098,0.0
82,12,502.8081,3.9098,0.0
82,13,468.0184,3.9098,0.0
82,14,373.5814,3.9098,0.0
82,15,294.5285,3.9098,0.0
82,16,246.2323,3.9098,0.0
82,17,202.5803,3.9098,0.0
82,18,166.8114,3.9098,0.0
82,19,1039.5015,3.9098,0.0
82,20,874.8589,3.9098,0.0
82,21,726.0318,3.9098,0.0
82,22,704.2137,3.9098,0.0
82,23,646.5526,3.9098,0.0
82,24,510.0132,3.9098,0.0
82,25,558.7815,3.9098,0.0
82,26,439.383,3.9098,0.0
82,27,467.7393,3.9098,0.0
82,28,480.564,3.9098,0.0
82,29,368.9934,3.9098,0.0
82,30,381.4239,3.9098,0.0
82,31,450.3239,3.9098,0.0
82,32,401.0046,3.9098,0.0
82,33,345.0898,3.9098,0.0
82,34,311.4041,3.9098,0.0
82,35,274.123,3.9098,0.0
82,36,239.7155,3.9098,0.0
82,37,1167.5181,3.9098,0.0
82,38,1041.8714,3.9098,0.0
82,39,919.9685,3.9098,0.0
82,40,831.0235,3.9098,0.0
82,41,760.4022,3.9098,0.0
82,42,590.7654,3.9098,0.0
82,43,657.6194,3.9098,0.0
82,44,504.4697,3.9098,0.0
82,45,551.0749,3.9098,0.0
82,46,512.1436,3.9098,0.0
82,47,427.0415,3.9098,0.0
82,48,452.578,3.9098,0.0
82,49,564.0526,3.9098,0.0
82,50,525.5713,3.9098,0.0
82,51,471.9591,3.9098,0.0
82,52,439.931,3.9098,0.0
82,53,399.7976,3.9098,0.0
82,54,361.1978,3.9098,0.0
82,55,1423.057,3.9098,0.0
82,56,1325.1273,3.9098,0.0
82,57,1173.3669,3.9098,0.0
82,58,556.9277,3.9098,2.7991
82,59,1177.54,3.9098,0.0
82,60,1132.1484,3.9098,0.0
82,61,1104.1399,3.9098,0.0
82,62,1078.3321,3.9098,0.0
82,63,1055.4583,3.9098,0.0
82,64,837.6884,3.9098,0.0
82,65,931.6581,3.9098,0.0
82,66,899.9422,3.9098,0.0
82,67,953.796,3.9098,0.0
82,68,933.7291,3.9098,0.0
82,69,915.7315,3.9098,0.0
82,70,904.6632,3.9098,0.0
82,71,767.0455,3.9098,0.0
82,72,760.103,3.9098,0.0
82,73,697.159,3.9098,0.0
82,74,591.327,3.9098,0.0
82,75,602.6127,3.9098,0.0
82,76,548.5334,3.9098,0.0
82,77,504.1577,3.9098,0.0
82,78,420.6302,3.9098,0.0
82,79,393.6925,3.9098,0.0
82,80,405.4931,3.9098,0.0
82,81,580.7999,3.9098,0.0
82,82,571.0696,3.9098,0.0
82,83,528.2653,3.9098,0.0
82,84,505.8011,3.9098,0.0
82,85,469.0293,3.9098,0.0
82,86,431.7936,3.9098,0.0
82,87,1352.3973,3.9098,0.0
82,88,1315.8434,3.9098,0.0
82,89,1171.6435,3.9098,0.0
82,90,1061.9693,3.9098,0.0
82,91,1050.4296,3.9098,0.0
82,92,1017.362,3.9098,0.0
82,93,1042.1717,3.9098,0.0
82,94,1010.1837,3.9098,0.0
82,1,58.5875,3.9098,0.0
82,3,184.9914,3.9098,0.9865
82,4,236.8318,3.9098,0.9808
82,5,183.956,3.9098,0.9706
82,6,140.038,3.9098,0.9868
82,7,98.5247,3.9098,0.9944
82,8,72.4872,3.9098,0.9925
82,9,50.5222,3.9098,0.9982
82,11,269.7377,3.9098,0.9684
82,12,416.3367,3.9098,0.9628
82,13,425.1844,3.9098,0.9648
82,14,345.9586,3.9098,0.9507
82,15,286.02,3.9098,0.9947
82,16,243.4969,3.9098,0.9948
82,17,200.4687,3.9098,0.9972
82,19,375.0355,3.9098,0.9767
82,20,700.978,3.9098,0.9831
82,21,378.6746,3.9098,1.8627
82,22,365.7846,3.9098,1.8299
82,23,358.4493,3.9098,1.9138
82,24,354.7425,3.9098,1.8269
82,25,328.2571,3.9098,1.6406
82,26,304.3824,3.9098,1.6483
82,27,290.4242,3.9098,1.7149
82,28,283.8131,3.9098,1.7937
82,29,279.2429,3.9098,0.9576
82,30,264.0222,3.9098,1.9419
82,31,424.0264,3.9098,0.9601
82,32,376.0319,3.9098,0.9434
82,33,339.4241,3.9098,0.9889
82,34,311.5038,3.9098,0.9901
82,35,275.9534,3.9098,0.9974
82,37,448.5935,3.9098,0.9738
82,38,852.3143,3.9098,0.9801
82,39,661.9108,3.9098,1.9153
82,40,500.5775,3.9098,1.9355
82,41,505.4645,3.9098,1.9545
82,42,472.4503,3.9098,1.942
82,43,525.9403,3.9098,1.6682
82,44,414.2303,3.9098,1.8584
82,45,387.857,3.9098,1.9003
82,46,360.6571,3.9098,1.863
82,47,348.6552,3.9098,0.9679
82,48,346.25,3.9098,1.9539
82,49,539.1627,3.9098,0.9633
82,50,491.6599,3.9098,0.9514
82,51,463.0314,3.9098,0.9749
82,52,439.7315,3.9098,0.9811
82,53,403.5058,3.9098,0.9968
82,55,533.5202,3.9098,0.9909
82,56,1101.849,3.9098,0.9797
82,57,836.6887,3.9098,1.9373
82,59,540.3972,3.9098,2.9425
82,60,529.2722,3.9098,2.9455
82,61,512.7147,3.9098,2.9413
82,62,514.6418,3.9098,2.93
82,63,494.3485,3.9098,1.8286
82,64,517.638,3.9098,2.8732
82,65,486.7223,3.9098,2.9086
82,66,494.2365,3.9098,2.8965
82,67,462.4304,3.9098,2.9242
82,68,449.423,3.9098,2.9282
82,69,446.3932,3.9098,2.9246
82,70,468.3408,3.9098,2.8482
82,71,431.6921,3.9098,2.9219
82,72,577.008,3.9098,1.9254
82,73,538.0864,3.9098,1.9459
82,74,493.4118,3.9098,1.9292
82,75,497.2206,3.9098,1.8104
82,76,440.1479,3.9098,1.8858
82,77,414.8776,3.9098,1.8648
82,78,396.7561,3.9098,1.9188
82,79,379.3998,3.9098,0.9846
82,80,367.972,3.9098,1.9896
82,81,580.1803,3.9098,0.9267
82,82,532.8947,3.9098,0.9383
82,83,518.9107,3.9098,0.982
82,84,506.2018,3.9098,0.9815
82,85,474.7044,3.9098,0.9954
82,87,601.1198,3.9098,0.9705
82,88,1101.5277,3.9098,0.9662
82,89,639.2377,3.9098,2.907
82,90,733.0596,3.9098,2.8844
82,91,657.2121,3.9098,2.8738
82,92,583.8865,3.9098,2.8878
82,93,562.5674,3.9098,2.9095
82,94,667.2807,3.9098,1.9209
82,4,157.1991,3.9098,1.9697
82,5,155.0685,3.9098,1.9441
82,6,114.8824,3.9098,1.9985
82,7,92.6508,3.9098,2.0143
82,8,64.1744,3.9098,1.9887
82,12,276.6755,3.9098,1.9496
82,13,333.9862,3.9098,1.9311
82,14,322.3895,3.9098,1.9435
82,15,281.9915,3.9098,2.0102
82,16,238.6223,3.9098,1.9903
82,20,388.2085,3.9098,1.9349
82,21,374.8744,3.9098,2.8999
82,22,379.6507,3.9098,3.8675
82,23,347.4974,3.9098,2.911
82,24,264.0532,3.9098,10.619
82,25,227.1169,3.9098,9.8849
82,26,222.8255,3.9098,9.1376
82,27,259.082,3.9098,2.9263
82,28,241.9473,3.9098,6.5458
82,31,338.9165,3.9098,1.9315
82,32,358.5747,3.9098,1.9447
82,33,330.8203,3.9098,1.9793
82,34,309.1134,3.9098,1.9812
82,38,465.5013,3.9098,1.9143
82,39,450.8116,3.9098,2.8903
82,40,455.5132,3.9098,3.9106
82,41,440.4244,3.9098,2.9225
82,42,391.5834,3.9098,11.056
82,43,347.1934,3.9098,9.5402
82,44,328.6731,3.9098,8.8895
82,45,333.3155,3.9098,2.9696
82,46,347.6589,3.9098,5.7095
82,49,438.172,3.9098,1.9378
82,50,476.0845,3.9098,1.9505
82,51,450.9171,3.9098,1.9523
82,52,436.3838,3.9098,1.9639
82,56,564.0148,3.9098,1.8467
82,57,586.3311,3.9098,2.9175
82,72,437.2533,3.9098,3.884
82,73,455.7838,3.9098,2.8988
82,74,425.5525,3.9098,10.915
82,75,388.0968,3.9098,9.8054
82,76,366.2914,3.9098,9.1527
82,77,372.0666,3.9098,2.9424
82,78,391.0887,3.9098,6.6669
82,81,469.9225,3.9098,1.9302
82,82,496.662,3.9098,1.9356
82,83,507.1513,3.9098,1.9655
82,84,504.3684,3.9098,1.9639
82,88,621.2041,3.9098,1.8075
82,5,119.0738,3.9098,2.9128
82,6,107.5512,3.9098,2.9987
82,7,81.781,3.9098,2.9903
82,13,262.7383,3.9098,2.9146
82,14,313.8684,3.9098,2.9407
82,15,262.3048,3.9098,2.9859
82,27,231.913,3.9098,7.7785
82,28,252.8569,3.9098,6.2918
82,31,279.6136,3.9098,2.9233
82,32,322.563,3.9098,2.9186
82,33,319.093,3.9098,2.9709
82,49,376.1234,3.9098,2.9353
82,50,430.7108,3.9098,2.9259
82,51,435.5995,3.9098,2.9315
82,81,421.0894,3.9098,2.942
82,82,487.974,3.9098,2.9081
82,83,492.9138,3.9098,2.95
82,5,112.2254,3.9098,4.5856
82,6,88.703,3.9098,3.9844
82,14,260.3468,3.9098,3.8677
82,32,286.1179,3.9098,3.8972
82,50,391.125,3.9098,3.9123
82,82,455.2854,3.9098,3.9098
